,YEAR,全国,北京市,天津市,河北省,山西省,内蒙古自治区,辽宁省,吉林省,黑龙江省,上海市,江苏省,浙江省,安徽省,福建省,江西省,山东省,河南省,湖北省,湖南省,广东省,广西壮族自治区,海南省,重庆市,四川省,贵州省,云南省,西藏自治区,陕西省,甘肃省,青海省,宁夏回族自治区,新疆维吾尔自治区
0,1999.4756188313659,162183.74697626874,5145.309310951218,8139.463595005826,7804.360548836787,2488.181484701355,3551.684948914635,7455.230864699372,3821.8833075304683,4196.522109725633,5636.396302974037,20350.480953519596,12129.193734653696,5408.20124872929,4209.679945792537,2735.5155062838344,17385.815225824572,6941.132377873572,6951.484902543046,3806.8727322934883,14652.79876937167,2399.4121028017703,1299.6150864381277,2575.327482158814,5619.03142819481,1446.5322404586598,1867.1236868277883,185.1123564797397,2254.2972522655873,1439.1801501946634,334.783510837127,752.8978641647502,2042.813426132016
1,2001.7679933535744,181656.5795853803,5715.907759899707,8931.47713185826,8519.786268615855,2773.187951764572,3971.7099267131057,8194.339079592277,4216.951058556547,4617.984516236954,6299.37184418601,22765.66445934304,13548.748505483145,6124.928368208703,4705.300461233865,3100.8357754598774,19368.75826604669,7727.917941624142,7776.155750703261,4280.739964128282,16554.77568072227,2718.393155639016,1447.7482350743069,2932.2564633138713,6361.926014864801,1636.724405904106,2128.4632849718478,208.7520260980578,2532.571268925313,1618.2636279707162,381.28269043237304,823.684015634784,2277.563163228953
2,2003.780213649763,203006.03112052244,6330.8543575274,9763.6320932304,9263.597780088738,3082.4484601775725,4430.659581138975,8973.573912843885,4636.773893652226,5063.402513693649,7022.924172916103,25406.73699822555,15096.30639455459,6929.278194246863,5246.31722870021,3511.6032109977314,21518.48277372622,8579.755856887079,8677.87752372863,4804.581411603631,18678.414443064623,3076.6496458403412,1608.3186744211803,3337.404966738402,7195.149572411679,1849.750963152896,2425.8737972931563,235.04317871923354,2839.5965170660884,1816.217599939798,434.093177426013,897.6023547958266,2532.466879001239
3,2005.5460498011519,226301.95131218343,6989.504116717494,10631.234167285022,10030.639141540458,3416.1328527949477,4929.608308115394,9788.926545659915,5079.733814407149,5530.6505543339545,7808.5164619919005,28280.441919972003,16774.548199423978,7829.93209686535,5833.8537731392435,3972.540154382147,23835.689196946427,9496.653924960232,9658.930923261432,5381.389614588961,21042.791133138613,3478.1501618429065,1781.3734144167875,3796.9199886677966,8127.516274130314,2087.760802349813,2764.1822127627443,264.1869891616408,3176.9444189109686,2034.1680426886921,494.028220526564,974.1770807313515,2807.7082381199857
4,2007.0953097620657,251590.32150610734,7690.299886337232,11528.537706652824,10815.01107033644,3773.978258007056,5469.0650232400885,10635.350237819566,5543.604273794444,6016.990988579491,8656.695110749915,31390.333041236783,18584.147678261732,8835.880622491495,6468.351272981107,4488.603891282067,26318.036498333393,10477.39764471895,10720.505137941655,6013.770448714915,23666.846788744275,3927.0278587612966,1966.7319307191333,4317.624930393489,9168.114113362488,2352.9462144575155,3148.816434872304,296.3751738471214,3545.928219275446,2273.0939494094755,561.9931490183808,1052.8497425315884,3103.1175103243772
5,2008.454278886214,278887.48693904106,8430.69672268287,12448.863016921194,11610.236940502446,4155.2299086219855,6048.858901927895,11506.845443896082,6025.562428104043,6519.112235135808,9566.91588243907,34736.10291896497,20523.41282791812,9956.274147543942,7149.43773048159,5064.924281934872,28959.749349053647,11519.405443306421,11862.46903456572,6703.788669707971,26568.854103233112,4427.51863558015,2163.9570342163747,4907.062517034464,10326.142385202093,2647.4971242597476,3585.8666867762126,331.782626317613,3947.512986871588,2533.768965668442,638.9920532152802,1132.9934276880997,3418.121155818322
6,2009.6461167072957,308174.5910573343,9207.124912876227,13384.773122900311,12409.468636016854,4558.596038907283,6668.035326732808,12396.603431562213,6522.234205425273,7033.201172264428,10537.389256917073,38312.962209023506,22587.97426110058,11200.225827949916,7875.811112554951,5706.717392926324,31751.328924404883,12618.628081197512,13083.160086828877,7452.801482375548,29765.7699591469,4983.8781123708395,2372.3335414500098,5573.530475101635,11610.699830601761,2973.5428835805765,4082.149087499583,370.5589016756405,4382.22089171925,2816.6985595454234,726.1337762567624,1213.93154361304,3751.702480905851
7,2010.6912136432982,339392.64366914623,10015.001107747168,14328.301906968965,13205.719009420409,4982.222916357461,7324.771636862615,13297.203358587609,7029.772912832508,7555.047950252373,11564.960142601652,42111.125124673104,24770.5529578387,12576.562206528688,8645.147787616783,6419.171794114988,34679.40850607984,13769.50797452087,14379.20983480134,8261.287780038108,33272.47709895277,5600.274983460826,2590.8578130387627,6326.106077071779,13030.519297482706,3333.080971372697,4645.270032291401,412.81874043658263,4850.036798853708,3122.0556312942176,824.6367526920868,1294.960093418765,4102.378427624412
8,2011.607510540294,372438.7103734533,10848.794065104685,15271.219734323367,13992.104485797912,5423.695433506021,8016.322797461668,14200.851959014366,7543.968858088356,8080.178006371443,12645.037523132645,46115.459944427086,27060.83980632314,14093.51909762623,9454.047957348028,7207.304926774915,37726.7898401858,14965.01161177285,15745.425976345256,9128.683426775242,37100.92847820181,6280.659186361327,2818.2408250389067,7174.654715465404,14593.647351595948,3727.8927377424357,5283.689443823249,458.631968037811,5350.320684758667,3449.6184950728016,935.832105367149,1375.3719351204668,4468.197120082862
9,2012.410784064302,407163.7226514605,11702.147137485821,16205.318219414943,14762.080099241108,5880.067222147754,8739.00651415369,15099.650031707597,8060.384123599083,8604.002960115185,13771.588219252992,50305.36123521066,29445.515474011558,15758.383821343055,10298.028798097122,8075.788266616776,40872.68520179582,16196.743440325834,17174.75036867076,10053.235377421757,41259.22067066323,7028.604714844587,3052.9266077061015,8129.816642017367,16307.071090194297,4159.447431008932,6006.780258135203,508.0132683440178,5881.734551055787,3798.716074593119,1061.1642730087817,1454.4812709652074,4846.759662131369
10,2013.1149009330738,443372.36084518244,12568.054275599921,17122.69343743753,15509.650184968292,6347.921988427989,9488.235384516027,15985.866671276715,8574.503721423678,9121.9798006788,14937.205434446001,54654.890494751184,31908.430780254464,17577.08961856156,11171.57345869755,9028.742008738871,44093.173765657324,17455.14281382648,18658.308771483797,11031.889072500266,45750.6374279794,7847.128887790049,3293.1266583736947,9202.964954451361,18176.29954904652,4628.7971547524985,6824.880655688435,560.9124911172182,6442.1920971029895,4168.1857655076155,1202.188291454546,1531.6465850743439,5235.2678753705395
11,2013.7320438872703,480825.34697203187,13439.080652563993,18016.007077430055,16229.540901398408,6823.464897309389,10258.600367738465,16852.201223325745,9081.892376506114,9629.766756594505,16133.257160214604,59133.21385843882,34430.95513410307,19553.77409451068,12068.239925216505,10069.50275023857,47361.860709079454,18729.757525020457,20185.56195818778,12060.223890777057,50572.71981752379,8738.492472738713,3536.869426342409,10406.12692439513,20204.913441940007,5136.467054928576,7749.33453609987,617.2062904382575,7028.839140064488,4556.349535279256,1360.5627006096809,1606.2904383234895,5630.597327583693
12,2014.2729121583209,519244.3025537736,14307.613909404075,18878.7077335058,16917.325187277376,7302.639713397691,11044.005391345208,17692.014461232506,9578.345489563766,10123.364648284769,17350.112295535917,63705.34040872955,36992.4849043231,21690.320526396343,12980.828384229508,11200.3711070659,50650.70606669654,20009.579186842147,21744.55922576324,13132.450035779122,55716.433249157344,9703.988167020969,3782.0623725249397,11751.85996995416,22394.104165452274,5682.346803054208,8792.514569743182,676.6919738774388,7638.071427745684,4961.013285545585,1538.036911203899,1677.9149041915243,6029.392409069223
13,2014.7468990174598,558319.0933922731,15166.12834146487,19705.1992423946,17569.495907156397,7781.264496033272,11837.847799853016,18499.51418929145,10060.023550419044,10599.234291597908,18577.43435254691,68333.13513790887,39571.08679264326,23985.908236420975,13901.599733802947,12422.350203709659,53930.97097257233,21283.4185609062,23322.285266692492,14241.476808939935,61165.51153752595,10743.728340340294,4026.5626684211757,13253.073172552997,24742.23035266806,6265.591107001387,9967.820864394374,739.0844400589671,8265.594008786384,5379.493194528329,1736.4317612353952,1746.111921522961,6428.177746354626
14,2015.1622488013534,597717.3267929297,16007.442749316322,20490.94886995319,18183.487994730935,8255.176433428265,12633.234304649872,19269.88570955877,10523.561273453919,11054.383321893023,19804.525044923754,72976.55078231709,42144.235920823034,26436.605044758548,14822.532175384591,13734.890170092878,57174.214829877004,22540.294095923702,24905.081209730917,15379.056830948608,66896.06103928067,11856.446266737554,4268.251560673313,14922.785462479005,27244.426743902437,6884.538259253031,11289.646913112547,804.0169698133591,8906.522843003711,5808.670709611872,1957.6119502953643,1810.568367985558,6823.478304885563
15,2015.526195614589,637095.4248448758,16824.953462050606,21232.534265061975,18757.654681314907,8720.37527715768,13423.217928232436,19999.36345918623,10966.14564746378,11486.419157341874,21020.694133534198,77594.99728038277,44689.59699413386,29035.039850377645,15735.598307410337,15135.657630065994,60353.27066997557,23769.805305169015,26479.111998080767,16536.00386118059,72876.50123192582,13039.327797009311,4505.106975387713,16773.812743508428,29892.30446621993,7536.656293539034,12773.30313300511,871.046401312355,9555.52521556105,6245.075244599477,2203.449097369312,1871.0661430406797,7211.9394669128205
16,2015.84508571534,676110.5099599921,17612.827059633226,21927.633554418055,19291.20594813391,9173.155011750076,14201.038875733146,20685.24572900439,11385.560432948412,11893.568181969624,22215.628683197385,82148.75090183763,47185.7915980957,31770.195256822233,16633.04262893895,16620.351963936726,63443.12866333943,24962.464485357435,28030.84664588928,17702.474272208285,79067.90021892235,14287.891917748282,4735.269154325358,18818.378616162976,32673.782582915166,8218.52584789709,14434.887107895656,939.6628708214579,10206.99132081679,6684.9907717208225,2475.7743675572274,1927.4779316260415,7590.4383738740125
17,2016.1244854027746,714432.2391636935,18366.142024576675,22574.967107426586,19784.11899730201,9610.214832169688,14960.351780185434,21325.858979596684,11780.19788053734,12274.664135230723,23379.734957371333,86600.30018654752,49613.09640284685,34627.35757335503,17507.639310808696,18182.591083575848,66421.66892176738,26109.965311504202,29547.516320182902,18868.295080217446,85424.7346052365,15595.93827702072,4957.094962417913,21067.647303071422,35573.086773562165,8925.867100256613,16291.088819273404,1009.3038706879464,10855.22576470963,7124.579808228489,2776.3200020809904,1979.7595666217915,7956.178893512475
18,2016.3692760463796,751753.7299817954,19080.974126957513,23174.20204105953,20237.030878513724,10028.742941152212,15695.423445778311,21920.48143005119,12149.041151719184,12629.110826103557,24504.429530709534,90915.53363115394,51954.02547066122,37588.253613336696,18352.912512136765,19813.88784389839,69270.20234791526,27205.374124480866,31017.517931734597,20023.315894987576,91896.06523194256,16955.577033089372,5169.197828559711,23531.183114351155,38570.94154517377,9653.61510251114,18358.918968821476,1079.3719201574586,11494.645320378919,7560.016226688817,3106.64970735042,2027.9400144254612,8306.764513870068
19,2016.5837377303865,787800.831996587,19754.42590468785,23725.831459988756,20651.1226934622,10426.46969095165,16401.288745330643,22469.23717368048,12491.62282239722,12956.825508902763,25582.362216424888,95064.69312433648,54193.76344918606,40631.3903903332,19163.30596614917,21503.7335527705,71973.79928701812,28243.238016918003,32430.73747784755,21157.759216526978,98427.07786255823,18357.35110690777,5370.471850130938,26216.348384988916,41644.967628988255,10396.043683803335,20655.349312771985,1149.25473195398,12119.968498265065,7987.617234340554,3468.0787426852216,2072.1099908820215,8640.245936119763
20,2016.7716228318172,822339.193829384,20384.605374575567,24231.039979714868,21028.003370103637,10801.689691387533,17073.857083213505,22972.97221081473,12807.965846389176,13258.169597701564,26607.561024538565,99023.04402510001,56320.43281957679,43732.59602005093,19934.294244991215,23239.797307037054,74521.40676851598,29219.611831984294,33778.7765826566,22262.54371035642,104960.89721512393,19790.45334055201,5560.10015677691,29127.66106270463,44770.27743518493,11146.933278424944,23196.856149265706,1218.3464578353921,12726.383502914023,8403.964969870714,3861.5856952348718,2112.4101054445705,8955.142730381272
21,2016.9362207088222,855178.8209883778,20970.56258165915,24691.565640580604,21369.59920129465,11153.255245498915,17709.967016563343,23433.122797628585,13098.513513681753,13533.87301233828,27575.49733936578,102771.2429397605,58325.1949262727,46865.73989846416,20662.434102685544,25008.239643068988,76905.77326924435,30132.01285364275,35055.07596701548,23329.55840164364,111440.55038712196,21243.031940816574,5737.548974059892,32266.14343016168,47920.24092293749,11899.773227735535,25998.86214831074,1286.0684633117382,13309.68375657986,8806.009436461505,4287.719304063732,2149.0192656100985,9250.44075527209
22,2017.0804145466495,886176.075564554,21512.194550616085,25109.56630592204,21678.053472508007,11480.545540022615,18307.391455905614,23851.584786223026,13364.054429708496,13784.957561923906,28483.07667099583,106295.41304564776,60202.19892019897,50003.59041686097,21345.35971258366,26794.127428686294,79123.21319939711,30979.31661645015,36254.93937268157,24351.87153259027,117810.93742413697,22702.568130172196,5902.549806713197,35628.703751073124,51067.37503303362,12647.985075353386,29075.077963200136,1351.8881400106225,13866.363904023712,9191.146694896182,4746.505193982914,2182.143884799561,9525.568844056632
23,2017.2067312915558,915233.2972230598,22010.129708214532,25487.496424325775,21955.638776395856,11783.417259700298,18864.799731988467,24230.590560321547,13605.64759037202,14012.663611958971,29328.56584484532,109586.96046768378,61948.40339452228,53118.75229356756,21981.72980993862,28581.925694223923,81173.25086653077,31761.609674701653,37375.46948866253,25323.865105909044,124020.66589780078,24156.30160247682,6055.072713766096,39207.60140849683,54184.29510962606,13385.150820032337,32436.753733871017,1415.3345029473517,14393.67343770855,9557.268992197078,5237.358836026319,2212.0082514688884,9780.359384416068
24,2017.3173854974134,942296.3994564557,22465.602165066368,25827.99791358112,22204.683157753574,12062.14272024332,19381.68536984556,24572.59807153312,13824.551455680874,14218.383049191962,30111.47091226621,112642.18143744305,63563.30167135789,56184.61588024557,22571.137382966805,30356.033027023677,83058.1857279691,32480.015511827805,38415.43290722152,26241.29370147613,130023.62304895732,25591.673608275516,6195.293791632677,42990.05147675447,57244.65912146383,14105.229476772884,36091.86162375358,1476.0096956950863,14889.62914458898,9902.786351320114,5759.0122325240445,2238.846253255003,10014.997856273509
25,2017.4143178150707,967350.9022432173,22880.324746461494,26133.807080628794,22427.51010650887,12317.341353127118,19858.26957957551,24880.194578035782,14022.159719835925,14403.600403611568,30832.38137370696,115461.71806977228,65048.5835368941,59176.249317022746,23113.993600140428,32101.321827609474,84782.6182828521,33136.50847448301,39375.07384999184,27101.272910690757,135780.19024510618,26996.755316544353,6323.55979085469,46958.02467546652,60224.03638526829,14802.74673804043,40044.24342696682,1533.595973966055,15352.990938425295,10226.621685529843,6309.462453478888,2262.894516985707,10229.966239269508
26,2017.4992287697964,990416.9018940129,23256.36772694222,26407.678021953332,22626.39161878153,12549.909621968898,20295.39040827181,25156.016110437944,14199.945371795386,14569.843002512804,31492.795805856163,118049.92128252346,66407.76446695947,62071.17144156593,23611.39733580783,33803.644123352635,86352.97036562217,33733.72823638832,40255.89659793763,27902.207890227324,141258.04467158485,28360.63092048121,6440.352371116623,51088.291669000886,63100.641728577946,15472.945756700297,44292.770983990886,1587.8581860792194,15783.207971453954,10528.183430940997,6885.9499499861395,2284.3869262835983,10425.984616709915
27,2017.5736083965655,1011543.4609580681,23596.048181050828,26652.32187287989,22803.51304150293,12760.953416741148,20694.3864947567,25402.682487766626,14359.413717358126,14718.640260199647,32094.94216497236,120414.17428663268,67645.80911020147,64849.95760438201,24065.000324074266,35450.26786875719,87777.02632464058,34274.80438522981,41060.43479095209,28643.67569925147,146432.53569562428,29673.710436166224,6546.253954726503,55352.74590505632,65855.89191296992,16111.891511262664,48830.579965893594,1638.6421549950312,16180.34310998287,10807.320866859785,7484.973325565427,2303.5504114341097,10603.95446273116
28,2017.6387622357227,1030802.8414471954,23901.832957125043,26870.36056253745,22960.948151308734,12951.72584742898,21056.982778856534,25622.746870876468,14502.064324103718,14851.491653001276,32641.603443701933,122564.22121328015,68768.77013568317,67496.64946646671,24476.87604006605,37030.21694980835,89063.51385521943,34763.197742423195,41792.0227254913,29326.276247859852,151286.66196450335,30927.95529129915,6641.9165638318345,59719.01713254521,68474.76088126513,16716.52611426486,53644.4472810389,1685.8696488356702,16544.98400068324,11064.267717339506,8102.344878974545,2320.601866577505,10764.906165118884
29,2017.6958341318461,1048284.9207522693,24176.256662553107,27064.293326349125,23100.642835339466,13123.57228710467,21385.18367238152,25818.65832594744,14629.361351800471,14969.842572224583,33135.956482159956,124511.53480270831,69783.45749984345,69998.96029984216,24849.398251640177,38534.49897934607,90221.73603633903,35202.56229981819,42454.58014549267,29951.466146471415,155810.7053502929,32117.00921768185,6728.034489950995,64151.36044747787,70945.93078262443,17284.677041230127,58714.38635721251,1729.5307872575463,16878.148271655664,11299.579412670659,8733.287861140809,2335.7460313689808,10909.952433040251
30,2017.7458262257558,1064092.0372286742,24421.854785306943,27236.474061788496,23224.405785738163,13277.883588412285,21681.17736763997,25992.735614951314,14742.711418974868,15075.067053534462,33581.42895930971,126268.74629199057,70697.14748975678,72348.28622024179,25185.13309493169,39956.216616044054,91261.25997261671,35596.629383281754,43052.418348017796,30521.38797581651,160001.59686473032,33236.23616996076,6805.321188401186,68611.77667501883,73261.75384001335,17815.02399825801,64013.53042075802,1769.6747743937324,17181.189187958735,11514.068714309495,9372.572357259989,2349.174172221402,11040.24844950036
31,2017.7896164827664,1078334.4236690418,24641.111172928664,27389.097619116917,23333.904744730375,13416.057662577043,21947.25332506487,26147.150367527833,14843.447996293657,15168.456311921516,33981.577169429256,127849.15086149111,71517.3360238582,74539.54879618732,25486.74669681367,41290.568832295554,92191.66263168983,35949.1139083641,43590.07210108973,31038.705011230537,163862.09738892104,34282.67475079168,6874.490434060748,73061.2935110105,75418.05385181618,18307.0326611557,69508.35994056032,1806.3997963671468,17455.706594501564,11708.74346559399,10014.682552203923,2361.0634069094044,11156.958995076704
32,2017.827974058944,1091126.3096872524,24836.41851086148,27524.19323842075,23430.66700676076,13539.469074874753,22185.7336457949,26283.91785949915,14932.821271738021,15251.212030517176,34339.98524928062,129266.29389785933,72251.53685728014,76570.90427920147,25756.928896370646,42534.756978436635,93022.33101695075,36263.64137035677,44072.159121170655,31506.448699096985,167399.87400170305,35254.92412506708,6936.241520109612,77461.31755702736,77413.8044415832,18760.864719479403,75159.30633306991,1839.8428020917388,17703.46646253229,11884.749198524525,10654.00451028246,2371.5765314137343,11261.23230295392
33,2017.8615727705817,1102582.7124022243,25010.050130278865,27643.623530274344,23516.083071444413,13649.445958902556,22398.91803139782,26404.893776950663,15011.992466409423,15324.443427759794,34660.18509535923,130533.63715803194,72907.1225750294,78443.3590440697,25998.332531596046,43687.81592072479,93762.31159546178,36543.69344908768,44503.26676559273,31927.883556747514,170626.54340687193,36152.97935885655,6991.24811796366,81774.95864575794,79250.72411364515,19177.2736755276,80921.73143612035,1870.1697309360386,17926.330974800963,12043.318338399069,11285.021119733381,2380.862226170289,11354.180094144247
34,2017.8910028999373,1112816.8896273156,25164.141368100114,27749.087614201246,23591.412527714816,13747.253354276489,22589.041346812817,26511.775542316893,15082.031663790456,15389.16723591174,34945.59526146499,131664.29962665105,73491.20446490738,80160.33035358589,26213.52703144798,44750.39285876957,94420.20269781846,36792.56972079422,44887.86414341233,32306.391883859982,173556.7403462391,36978.034681706675,7040.15032858031,85968.23128490755,80932.82656440644,19557.494954016373,86747.24478140949,1897.566586478652,18126.19993536813,12185.726890421722,11902.499966753712,2389.055538041847,11436.863062300365
35,2017.9167815418768,1121938.39983101,25300.67873864744,27842.127251796846,23657.791423974068,13834.081993909349,22758.242390798503,26606.106991854536,15143.918326368543,15446.309846201444,35199.476581283154,132670.8652165432,74010.54637858369,81727.18745523377,26404.964632764026,45724.49603820704,95004.08318188676,37013.3628624598,45230.23695669398,32645.378851127363,176207.25360448463,37732.271819582194,7083.549424852306,90011.05300934907,82465.9598186018,19903.13740344843,92585.28358422201,1922.2316018369154,18304.963410878005,12313.25880910341,12501.660777857416,2396.278552819629,11510.281001073738
36,2017.9393616711088,1130051.6960482236,25421.49530593548,27924.135023666167,23716.240534889414,13911.041574102872,22908.542284768235,26689.285403099762,15198.54379488351,15496.710999123708,35424.90203047267,133565.2481488116,74471.50732652888,83150.80166355934,26574.957360330398,46613.23315233572,95521.47077830274,37208.94482204282,45534.441943897444,32948.197196760164,178596.25735135115,38418.64790722711,7122.004795015947,93877.98319437398,83857.3609993415,20216.08153282004,98384.84957511972,1944.3686111814795,18464.464895927184,12427.177751561605,13078.311540565748,2402.6411899693894,11575.366765191633
37,2017.9591400877198,1137255.1738511838,25528.270827078384,27996.363791744345,23767.674070015604,13979.157603932736,23041.83085857691,26762.57006458103,15246.715185624476,15541.128514523472,35624.73834080876,134358.6065291668,74880.00763122749,84439.12678400005,26725.66290104897,47420.55556286392,95979.3040169642,37381.96163858725,45804.27769319425,33218.089877153994,180742.6525161457,39040.694195577606,7156.032633379361,97548.67431885077,85115.24614933066,20498.388086288698,104096.27768390383,1964.1816396615181,18606.473914291495,12528.705585716993,13628.94603380893,2408.242066197966,11632.983304295503
38,2017.9764643793876,1143640.5936462763,25622.535440544834,28059.936856547145,23812.908482387833,14039.371026176947,23159.859488891423,26827.091751870797,15289.16021303357,15580.24366039604,35801.63702845248,135061.2950014683,75241.51382832401,85600.82403296171,26859.077611639113,48151.02030154084,96383.94231516913,37534.834872642,46043.268721151406,33458.14851395976,182665.52237568967,39602.333358003925,7186.105975724781,101008.03623241858,86248.44745537608,20752.218993782502,109672.90764100145,1981.8706505708171,18732.666775713005,12619.006836984658,14150.799651010948,2413.1693870800113,11683.923085780858
39,2017.9916390216724,1149292.8025002754,25705.675877143556,28115.85836125202,23852.67112786755,14092.539912607315,23264.238989519672,26883.862621552915,15326.532564476125,15614.66684978487,35958.032737174166,135682.8481495871,75561.03803350354,86644.93921321092,26977.035076466072,48809.57772579472,96741.17957439505,37669.767908398426,46254.65998352998,33671.28527179195,184383.6987553944,40107.720056992475,7212.655733940471,104246.13869285096,87266.10410778942,20979.771448687246,115072.54151984878,1997.628341382291,18844.614157431562,12699.178180635488,14641.864433201821,2417.501836502233,11728.909314028922
40,2018.0049307228687,1154289.6884361908,25778.943363446604,28165.023612182427,23887.60860040311,14139.442649418817,23356.44133067485,26933.78615794776,15359.417539810773,15644.943431382935,36096.14707830226,136231.98733376997,75843.14809196202,87580.6346982307,27081.208842146225,49401.38908664778,97056.26740431866,37788.755686400786,46441.41933185414,33860.21580638966,185915.430022994,40561.10679331009,7236.072441915144,107257.89557746555,88177.40815737878,21183.224890615184,120258.59589453832,2011.637854723702,18943.77422705549,12770.242090498901,15100.867606245736,2421.3094422245736,11768.598447660665
41,2018.0165731067964,1158702.3091832187,25843.462559413583,28208.229080434787,23918.2946269137,14180.782135887857,23437.8041520614,26977.666908105253,15388.337740265302,15671.559402151375,36217.996439114046,136716.64474192652,76091.98543337864,88416.97488500371,27173.11817324098,49931.675337180255,97333.94481884208,37893.59670213514,46606.24580254236,34027.451069786366,187278.13901399283,40966.735020837594,7256.708478746789,110042.58456580513,88991.40317770449,21364.70000080345,125200.89204112007,2024.0712613721678,19031.49013206436,12833.1438108829,15527.22029092965,2424.654402655253,11803.583606671094
42,2018.026770815403,1162595.1466668001,25900.24102097286,28246.18192481684,23945.237450692577,14217.190616383028,23509.53721719286,27016.21982109755,15413.7586499572,15694.946920764613,36325.402508667044,137143.99951125725,76311.288127468,89162.76112690655,27254.13588203643,50405.59632729666,97578.47190097814,37985.90635177529,46751.58199148462,34175.29598841078,188488.25769979614,41328.75006992295,7274.880583778106,112603.25900932237,89716.83119679157,21526.228410454012,129876.06563638178,2035.0886750663826,19108.99082265862,12888.750905543233,15920.944306969996,2427.591865240594,11834.39854333297
43,2018.0357031029664,1166026.4474002006,25950.178803738658,28279.508934891168,23968.886666391427,14249.234850404204,23572.730123990536,27050.079070792,15436.094000556825,15715.489540548635,36420.00452195704,137520.52177072785,76504.4171501616,89826.41058259622,27325.497475324577,50828.15805451361,97793.66549863678,38067.130918021125,46879.62910551928,34305.85329792019,189561.12532764053,41651.1375144495,7290.8725199409255,114946.1054679165,90362.02203689788,21669.731625842986,134267.6129630504,2044.8378692132,19177.394328016373,12937.854738716465,16282.585199346095,2430.1706509277033,11861.521922543367
44,2018.0435269848144,1169048.6169888221,25994.077927124807,28308.76483757497,23989.639494893305,14277.421396869317,23628.360734548747,27079.80628984136,15455.710846652235,15733.527111429374,36503.272443573784,137852.02133762324,76674.38431761424,90415.8726910522,27388.311027423362,51204.144769465915,97982.93548949201,38138.56166620264,46992.36358240072,34421.03109393248,190510.93751232396,41937.67814507968,7304.9377772264415,117079.79287416035,90934.81866584632,21797.00763389414,138365.6192046108,2053.4542800941967,19237.712757192232,12981.173347037891,16613.118991278785,2432.4339221954942,11885.381718236516
45,2018.050379995722,1171708.643989633,26032.65150104869,28334.43994402592,24007.84650453217,14302.20184792961,23677.30391326439,27105.898179192074,15472.934307932457,15749.360323804554,36576.52049896855,138143.69855917367,76823.88072247726,90938.57688182055,27443.567329980535,51538.07234177137,98149.32054468659,38201.348665820944,47091.554428356016,34522.55292049016,191350.73500626822,42191.91856726228,7317.302237141458,119014.84944134598,91442.53219678413,21909.72371866103,142166.233397955,2061.061297507754,19290.858436165086,13019.355260059025,16913.858989862503,2434.419794368313,11906.359582952611
46,2018.056382606322,1174048.5343291506,26066.532382825564,28356.967137719268,24023.816797713993,14323.977895303475,23720.340267670887,27128.793484300986,15488.051955859672,15763.25488460098,36640.92061616649,138400.19542351217,76955.30481752782,91401.40545056853,27492.149986169083,51834.15924868285,98295.52263635854,38256.51406886344,47178.78063743254,34611.969456269064,192092.42236067395,42417.15452845783,7328.166742379203,120763.09296659974,91891.92058083581,22009.414151690034,145670.96341814444,2067.770760218876,19337.650717194854,13052.983916672772,17186.36751504525,2436.161891498669,11924.795088526826
47,2018.0616403398956,1176105.742412686,26096.281282435335,28376.728221629113,24037.822690313384,14343.10614989055,23758.164671881994,27148.879348470437,15501.317838395276,15775.445328305543,36697.515466022276,138625.6455813877,77070.78954210826,91810.68610672533,27534.845211742326,52096.31174112829,98423.93978272255,38304.964667475,47255.44823243532,34690.67106654905,192746.80823496342,42616.42431059135,7337.709534364757,122337.1303665699,92289.18566245283,22097.481585799207,148885.86408152993,2073.6835890543334,19378.823103806368,13082.582402942573,17432.375923685107,2437.689849175348,11940.989768305846
48,2018.0662456266675,1177913.5890454098,26122.394272669575,28394.059653884535,24050.103916297263,14359.902664751851,23791.394420767694,27166.49706694406,15512.956147742541,15786.138474501568,36747.23088850512,138823.72233371274,77172.22808461623,92172.19940472054,27572.35118074221,52328.12007546589,98536.69671692007,38347.5036238389,47322.80660765255,34759.90066528579,193323.66059514147,42792.50983493607,7346.088535590231,123749.9339131807,92639.98399269143,22175.201159506447,151820.68422533842,2078.890504366156,19415.030424377474,13108.618303072684,17653.714925745775,2439.0297672987604,11955.210916549533
49,2018.070279428131,1179501.6594475107,26145.309689055553,28409.25770849626,24060.87139269177,14374.647133852372,23820.576916312653,27181.94727404199,15523.164543952584,15795.516549264836,36790.88756982514,138997.6839644265,77261.2980275019,92491.19701192566,27605.28681230678,52532.86310296344,98635.6733117833,38384.84131812967,47381.96396363297,34820.76647740799,193831.77139347035,42947.94346899869,7353.443464456864,125014.49507592176,92949.44753866241,22243.72649282409,154488.0270241376,2083.4727866200847,19446.85586060543,13131.508509998828,17852.256039054246,2440.2046162619636,11967.695119938202
50,2018.0738126599172,1180896.1771038508,26165.414424925628,28422.583101805256,24070.31058091554,14387.58675556652,23846.196828476757,27195.49460077697,15532.117152420447,15803.739991377694,36829.21189417942,139150.416047588,77339.48373753212,92772.42748432816,27634.199939787977,52713.518931614904,98722.53070083034,38417.60529946205,47433.901708878555,34874.2544093933,194279.02650683242,43085.01886538917,7359.897778343408,126143.5521639118,93222.21113450237,22304.096915034654,156902.5642843378,2087.503049002083,19474.817695809328,13151.62388634142,18029.86414341315,2441.234600159353,11978.6515104844
51,2018.0769074381697,1182120.35106155,26183.049641265432,28434.26512703124,24078.584480159243,14398.939761988757,23868.682703540646,27207.37184298195,15539.967256432394,15810.949966268323,36862.845937891776,139284.47054543387,77408.09695040667,93020.1668787972,27659.574836822674,52872.779782711965,98798.7351138791,38446.34935275053,47479.487766991566,34921.23982966633,194672.47771871832,43205.80448034934,7365.560446391402,127149.38492080286,93462.44415933258,22357.24540644743,159080.33199673964,2091.045999271586,19499.37569409075,13169.29370153849,18188.360471778604,2442.137480674772,11988.264739613885
52,2018.0796181713195,1183194.6956852875,26198.515920450383,28444.505339355244,24085.836287291033,14408.898623546218,23888.413015373986,27217.783680699402,15546.84970753968,15817.27061132009,36892.35660572757,139402.10165226442,77468.29556122179,93238.25210989885,27681.839099349883,53013.06953741354,98865.57950013285,38471.56171373238,47519.48877462161,34962.498633038274,195018.41436504282,43312.158703145156,7370.527557520099,128043.66757080218,93673.88448597754,22404.006857192617,161038.1223881281,2094.1591747998764,19520.937056827832,13184.80979823074,18329.494985867972,2442.9288652229766,11996.697680562782
53,2018.0819925164215,1184137.3228948496,26212.077898821728,28453.48083286407,24092.191756005646,14417.63294408812,23905.721671026935,27226.909988983058,15552.883077042503,15822.811036070538,36918.24393172582,139505.29843773687,77521.10067590859,93430.11545329318,27701.36989975619,53136.56279620031,98924.2030478294,38493.672477092165,47554.58118899085,34998.71751878083,195322.43294124614,43405.7457720916,7374.883771856389,128837.37122088349,93859.87321698421,22445.12634705863,162792.9778536803,2096.893640026305,19539.861929702132,13198.430461728163,18454.926882606655,2443.6224627679176,12004.093871228744
54,2018.0840722168532,1184964.2076238496,26223.968416184347,28461.3471488027,24097.761285833396,14425.292065189988,23920.902992955544,27234.908778762856,15558.171571592127,15827.667100097584,36940.94858213041,139595.81441111636,77567.41200790077,93598.81900851894,27718.499640966616,53245.204553253985,98975.60873194954,38513.06025027942,47585.36134677534,35030.50345320148,195589.50350623485,43488.05185818474,7378.703625413229,129540.70668358664,94023.38911502244,22481.267232662194,164361.7847288897,2099.2946396614434,19556.468453134836,13210.383981851757,18566.211919616806,2444.2303105448727,12010.5797127802
55,2018.0858938360855,1185689.427720108,26234.392221460257,28468.240852214272,24102.641769348116,14432.007400391982,23934.216207231835,27241.91880434304,15562.80673510739,15831.922990275354,36960.85860765388,139675.19417238544,77608.02172238786,93747.08826789986,27733.52104569176,53340.72981961557,99020.67903355784,38530.05810952776,47612.35453111069,35058.392317578684,195824.03213794765,43560.40086549114,7382.052698734391,130163.09943064705,94167.08195041052,22513.018893938963,165760.9597726444,2101.4022040717246,19571.03736309343,13220.87190767431,18664.795289112193,2444.7629746905573,12016.266441124615
56,2018.0874894004169,1186325.3798123153,26243.529273472213,28474.281811411736,24106.918223576333,14437.894520910486,23945.88947121432,27248.061871677713,15566.868958040553,15835.652617725744,36978.31549777023,139744.7973426291,77643.62684037455,93877.3442042652,27746.69172025403,53424.68271722911,99060.18997888126,38544.95891578248,47636.023112431976,35082.85676342448,196029.91901548786,43623.9696323967,7384.988660549352,130713.18930837406,94293.30423855987,22540.9040433756,167006.21916827656,2103.251705581826,19583.816158947808,13230.07200358218,18752.008873434606,2445.2297275504015,12021.251889126976
57,2018.0888869619696,1186882.972838707,26251.537674600415,28479.575211976022,24110.665229297403,14443.05501435081,23956.12347612577,27253.444878971437,15570.42881365688,15838.920853306146,36993.61959211571,139805.81997940067,77674.84031860672,93991.73349788137,27758.238234284705,53498.43471576387,99094.82364538034,38558.02004751974,47656.773833317835,35104.31331126889,196210.6119420323,43679.802323984535,7387.562197410705,131198.84868402526,94404.14103437001,22565.385540881518,168112.4183973636,2104.8743660920754,19595.02286141559,13238.140920397305,18829.071853327787,2445.6387041953953,12025.622057535697
58,2018.0901110918242,1187371.8010068838,26258.556273183713,28484.21333422473,24113.948199691964,14447.578137359647,23965.094660398605,27258.161618509796,15573.548239515228,15841.784618940124,37007.034904244916,139859.31368646637,77702.2009209571,94092.15668200915,27768.359757768485,53563.20180097428,99125.17927750516,38569.46760539913,47674.9643087158,35123.128738140396,196369.15529712653,43728.82388770735,7389.817839940671,131627.21373954363,94501.43759847393,22586.872686865747,169093.45108081636,2106.2977175667274,19604.849387460374,13245.216598648947,18897.093790879255,2445.997040449341,12029.45251213458
59,2018.091183311976,1187800.29795715,26264.70696827437,28488.277120418017,24116.82449767955,14451.542282182936,23972.958068967488,27262.29436602288,15576.28158082666,15844.293850573198,37018.79341161618,139906.20262423565,77726.18199342268,94180.29410567207,27777.23129592104,53620.060452738195,99151.7831478156,38579.50014079686,47690.90881183817,35139.62580396557,196508.2345302263,43771.85250640271,7391.794695787049,132004.72461551163,94586.82486035461,22605.726987852744,169962.19543253837,2107.5460177197187,19613.464570947,13251.420422961679,18957.079458551543,2446.3109945057968,12032.809623862524
60,2018.0921224736885,1188175.8738561764,26270.09674788561,28491.837555416394,24119.344419308163,14455.016275882816,23979.849892267575,27265.91528138245,15578.676510877034,15846.492347059535,37029.09886327419,139947.29861947658,77747.1992494729,94257.62969937317,27785.006560605354,53669.96237782441,99175.09729063633,38588.29195686003,47704.8834133664,35154.0883692709,196630.21639088268,43809.61102839467,7393.527098752486,132337.17099470156,94661.74268328243,22622.267404483708,170730.49801754014,2108.6406237007577,19621.01685843064,13256.85914732145,19009.93482493347,2446.586054005366,12035.751667653632
61,2018.0929450889064,1188505.0370696087,26274.81948932637,28494.956882107876,24121.552058729634,14458.060529623792,23985.889716802085,27269.087642068655,15580.774842262392,15848.418517882637,37038.13015364434,139983.314562218,77765.61766586549,94325.47259134881,27791.820514717132,53713.747991307784,99195.52722610402,38595.99602705701,47717.13053794135,35166.7659566571,196737.18514418346,43842.73738724889,7395.045182865807,132629.74048344715,94727.4609922001,22636.77510238896,171409.1858063099,2109.600326841207,19627.636709060942,13261.626611000464,19056.473731883525,2446.8270302499755,12038.329794641517
62,2018.0936656205404,1188793.5019636713,26278.957547691465,28497.689670698517,24123.48606861752,14460.728054041188,23991.182516973466,27271.866928636427,15582.613241325496,15850.106041299696,37046.04430743692,140014.87626527535,77781.75758176869,94384.9766641199,27797.79162341379,53752.15867517272,99213.42878285951,38602.74657245684,47727.862997659555,35177.87780716068,196830.97505050423,43871.79404650297,7396.375389447824,132887.06779708192,94785.09886346583,22649.497733317578,172008.09889615016,2110.441651615194,19633.43872652618,13265.80526440129,19097.424904595067,2447.038141052118,12040.588891211173
63,2018.094296736735,1189046.284275859,26282.583156130957,28500.083758915604,24125.180328358514,14463.065355309205,23995.820415573064,27274.301779376015,15584.223856911505,15851.58444328289,37052.97911708641,140042.53294849393,77795.90008650112,94437.15816821529,27803.023843382958,53785.847866197684,99229.11411809077,38608.66133527701,47737.267557744126,35187.61648029897,196913.1994022946,43897.276519694744,7397.540914512837,133113.28328885557,94835.64169913674,22660.65327799258,172536.13761168995,2111.1791219529237,19638.523549477548,13269.467523199944,19133.43902567898,2447.223083553833,12042.56833721739
64,2018.0948495335865,1189267.7853800724,26285.759659202315,28502.181078307556,24126.664530966606,14465.113225169704,23999.88423799868,27276.434829498296,15585.634873386847,15852.879606515055,37059.05547056911,140066.76649622252,77808.29177370634,94482.91152572313,27807.60837865716,53815.3910402988,99242.85702439262,38613.843582681984,47745.5080849298,35196.15104367368,196985.2764122272,43919.62102514077,7398.56210315884,133312.05979111197,94879.95662175349,22670.43348415517,173001.31893023412,2111.82549794567,19642.97952513359,13272.676968062859,19165.095677695233,2447.3850982019703,12044.302674553915
65,2018.0953337302196,1189461.866656614,26288.542598437012,28504.018380133122,24127.96469842532,14466.907436891006,24003.444882990207,27278.30344848142,15586.87099679022,15854.014217679918,37064.3794039523,140087.9996231621,77819.1489325165,94523.02346374051,27811.62522885877,53841.29466923313,99254.89760413198,38618.38387144906,47752.72832454704,35203.62989475198,197048.452240206,43939.21133967797,7399.4567969460895,133486.6570764595,94918.80623116466,22679.00693374628,173410.8382662666,2112.391985832396,19646.884188896373,13275.489405982562,19192.910017362286,2447.527024932537,12045.82219617412
66,2018.0957578396617,1189631.9150656308,26290.980667243282,28505.627872806846,24129.103634047136,14468.47935791399,24006.56453048805,27279.940387683302,15587.953882006206,15855.008160366284,37069.04390969801,140106.60307087546,77828.66123935345,94558.1856191668,27815.144553254293,53864.00422958911,99265.44638378899,38622.361600975295,47759.05434791072,35210.18325404614,197103.8214342362,43956.384917161464,7400.240639652144,133639.96350904097,94952.86086498258,22686.521772593398,173771.13358019365,2112.888423976536,19650.30557090582,13277.953807995395,19217.3390908922,2447.6513524965594,12047.153464645728
67,2018.096129318513,1189780.9009158972,26293.116550422597,28507.03778149654,24130.10131944098,14469.856488818536,24009.297705159395,27281.3743489456,15588.902507967015,15855.878860075405,37073.130528614565,140122.90194509499,77836.99500754653,94589.00575342216,27818.227871642524,53883.911344633816,99274.68793313723,38625.84637919703,47764.59670748268,35215.92536551071,197152.34504409344,43971.43833683261,7400.927346225458,133774.5346550115,94982.70950048065,22693.108134668262,174087.94955162262,2113.323447343063,19653.30334858039,13280.113136761738,19238.787735521408,2447.760261752183,12048.319768376547
68,2018.0964546980408,1189911.4287206465,26294.98766189793,28508.272839241974,24130.975262788903,14471.062937210749,24011.69221221892,27282.630483678837,15589.733507091047,15856.641587075497,37076.71075044386,140137.18129262957,77844.29604595194,94616.01770994763,27820.929120913195,53901.360137858195,99282.78404714413,38628.89922333484,47769.45233341862,35220.95643666546,197194.8666486398,43984.6321444431,7401.528939240319,133892.62876891086,95008.86942940073,22698.88029121416,174366.40018865524,2113.704632781283,19655.929862384477,13282.005076241983,19257.614039200078,2447.8556636514886,12049.34152277836
69,2018.0967396990102,1190025.7819391761,26296.62679273091,28509.35471786855,24131.74080434167,14472.119834189143,24013.789960403465,27283.730830813733,15590.461454452112,15857.309722181028,37079.84724539978,140149.69100621468,77850.69217225706,94639.69023979772,27823.29558410081,53916.652873735904,99289.87654211349,38631.57361495834,47773.70620155074,35225.36434779468,197232.12651864634,43996.195145781414,7402.055956682875,133996.2391791896,95031.79482920618,22703.93855300221,174611.0287481211,2114.0386272154715,19658.231010352873,13283.662674511996,19274.134350240227,2447.939232564801,12050.236622842143
70,2018.0969893322622,1190125.962317451,26298.062680134437,28510.302405995117,24132.411384340186,14473.04570019438,24015.627685343774,27284.694701019103,15591.099121534395,15857.89498993972,37082.59494653451,140160.6501360723,77856.2954216392,94660.43481203607,27825.368706920653,53930.054956871354,99296.08971183134,38633.916426678144,47777.43279959836,35229.22615660829,197264.77411789447,44006.32820839799,7402.517634469755,134087.12367054762,95051.88434549984,22708.370951805766,174825.86423542022,2114.331260648609,19660.24703530699,13285.11490964534,19288.62784295332,2448.0124355091216,12051.020752877666
71,2018.0972079868104,1190213.7244629378,26299.320506957447,28511.13254056916,24132.998777947327,14473.856766276764,24017.237585108847,27285.539013711765,15591.657698858677,15858.407663181211,37085.00200059708,140170.2506782431,77861.20398690467,94678.6125165614,27827.184815107357,53941.79935579366,99301.53248428598,38635.968735802584,47780.69741543715,35232.60942199846,197293.37912670974,44015.20762316041,7402.922066714727,134166.8310103063,95069.48779114548,22712.254724980143,175014.47405454228,2114.587645697543,19662.013217224274,13286.387187553575,19301.340655156604,2448.0765577797856,12051.707658520445
72,2018.0973995070096,1190290.606218145,26300.42234001819,28511.859697594915,24133.51330122402,14474.567256124252,24018.647878372147,27286.278592607046,15592.146991258822,15858.85674241186,37087.11060305248,140178.66090188173,77865.50392214023,94694.5401578167,27828.775744371957,53952.09051246769,99306.30031487362,38637.76653853083,47783.55726857947,35235.573367995305,197318.4411542781,44022.98807300293,7403.276346412484,134236.724796726,95084.91205845102,22715.657624872885,175180.01260545835,2114.812265202863,19663.560481872624,13287.50177972362,19312.4896199026,2448.1327254246203,12052.309385525048
73,2018.0975672601444,1190357.955333531,26301.387514681406,28512.496647040523,24133.96399169666,14475.189633574484,24019.883294456344,27286.92642487063,15592.575589138074,15859.250113123646,37088.95773113588,140186.02827062254,77869.27063823205,94708.49562885714,27830.169393441254,53961.10779336963,99310.47684783264,38639.34137667544,47786.06250360839,35238.16990671702,197340.39828936022,44029.805252014216,7403.586688898783,134298.00482378885,95098.42633184652,22718.63907271407,175325.2657921389,2115.009049294748,19664.915935595112,13288.478207922428,19322.265617709687,2448.181924947028,12052.8364893408
74,2018.0977141956296,1190416.9528830997,26302.232972201695,28513.054576309605,24134.358766633617,14475.734819782136,24020.96550344457,27287.493888324072,15592.95101863653,15859.59468371704,37090.57578721055,140192.48200677134,77872.5702153182,94720.72264665301,27831.39020943293,53969.008532866115,99314.13537393312,38640.72088750014,47788.257062147335,35240.44453701645,197359.6346234661,44035.77817393539,7403.858540169817,134351.72616327804,95110.26667998171,22721.251174677018,175452.69152259818,2115.181443147364,19666.103335019994,13289.333582151532,19330.836577597674,2448.2250205777154,12053.298218999165
75,2018.0978428968701,1190468.6338146743,26302.97355558076,28513.54328613235,24134.704561769882,14476.212383721133,24021.913493591554,27287.990950618732,15593.279873288784,15859.896506412026,37091.993163265215,140198.1353414043,77875.46055430733,94731.43492140168,27832.459613738985,53975.930714748865,99317.34010914022,38641.92928600742,47790.17944801698,35242.437133637424,197376.48686623713,44041.01120528263,7404.096671897909,134398.81616394568,95120.64009818506,22723.53961597426,175564.4563631972,2115.3324665189443,19667.14349947258,13290.082897423421,19338.35015587811,2448.2627694135913,12053.702678426478
76,2018.097955626678,1190513.904981034,26303.62226899898,28513.971362263608,24135.007452885267,14476.630709264693,24022.743902417802,27288.4263438186,15593.567929439634,15860.160883234254,37093.234736109705,140203.0874883955,77877.99238698458,94740.81982508562,27833.39637562802,53981.99533317516,99320.14731603401,38642.987787900056,47791.86339851027,35244.18263999784,197391.25015971684,44045.59585470372,7404.305264762301,134440.08956145137,95129.72806481793,22725.544447170454,175662.46856168815,2115.4647660520254,19668.054672969323,13290.739294293304,19344.936121316077,2448.295834686069,12054.056967926528
77,2018.0980543670576,1190553.5609573054,26304.190505274553,28514.346325962964,24135.272762347948,14476.997141698997,24023.471307114123,27288.807717414547,15593.820247410942,15860.3924589099,37094.32230169494,140207.4253759003,77880.21016190863,94749.04161756943,27834.216939921887,53987.30846998567,99322.60628716591,38643.914980456815,47793.33847318714,35245.71167619726,197404.18318633013,44049.61234684506,7404.487981520403,134476.26188329322,95137.68966825106,22727.30077535376,175748.4076841853,2115.580661197763,19668.85284187431,13291.314287508518,19350.708474276882,2448.3247973890157,12054.367308250075
78,2018.0981408540538,1190588.2979137858,26304.688245266098,28514.67476586941,24135.505152476886,14477.318116183757,24024.108479213486,27289.141772424016,15594.04126017081,15860.595302279515,37095.27495597753,140211.22516482833,77882.1528212479,94756.24428218204,27834.93571434446,53991.96312143113,99324.76020722865,38644.72714769257,47794.63057023334,35247.0510724918,197415.51265468652,44053.13100595218,7404.648031073739,134507.96132143887,95144.66435497989,22728.83937140792,175823.75112603325,2115.6821845290283,19669.55201358441,13291.817966627941,19355.76732603151,2448.350166468476,12054.63914937867
79,2018.0982166082738,1190618.7257812642,26305.124232660935,28514.96245356326,24135.708707349335,14477.599270370036,24024.66660789346,27289.43437890624,15594.234851042651,15860.772977644761,37096.10942886009,140214.55358030886,77883.85448188675,94762.55401696848,27835.565321468926,53996.04080373932,99326.64690888274,38645.43855540421,47795.76237922561,35248.224337272004,197425.4372377036,44056.213471646835,7404.788224631559,134535.73923274872,95150.77434376632,22730.187203362693,175889.79775979873,2115.771117118232,19670.164460975113,13292.25917200972,19360.20056269263,2448.372387751538,12054.877265893863
80,2018.0982829616219,1190645.3789174515,26305.506127173045,28515.2144448276,24135.887004480195,14477.845543118428,24025.1554957476,27289.69067893779,15594.404421804265,15860.928607288937,37096.840376951055,140217.46907902192,77885.34503252497,94768.08142258969,27836.11681959702,53999.61296368662,99328.29953528475,38646.0617010251,47796.75377808231,35249.25206750788,197434.13102892737,44058.913766808524,7404.911024941591,134560.07941425865,95156.1267456155,22731.367904662366,175947.68897877532,2115.849019576674,19670.700936776,13292.645649162625,19364.085316417248,2448.391851769958,12055.08584057674
81,2018.0983410807175,1190668.7254580306,26305.84063880672,28515.43516837445,24136.04317762446,14478.061261024832,24025.58373040038,27289.915176842675,15594.552952361666,15861.064926260075,37097.48064019428,140220.02287251002,77886.65065707506,94772.92342316997,27836.599896379594,54002.74221738699,99329.7471207803,38646.60753261304,47797.62218103926,35250.152308674726,197441.74657523792,44061.27923522357,7405.018589439709,134581.40628743582,95160.81542483493,22732.402185172454,175998.42738405833,2115.917259281778,19671.170861545994,13292.984184098837,19367.489264634434,2448.408900615049,12055.268537683163
82,2018.098391987407,1190689.1755136303,26306.133645517657,28515.628503584066,24136.179971800168,14478.250214253287,24025.95883493135,27290.111818250825,15594.683053037214,15861.184330371974,37098.041466804985,140222.2598241456,77887.79429341214,94777.1649521972,27837.02303852602,54005.483437859344,99331.0150998279,38647.085640769736,47798.382843662155,35250.9408703326,197448.41753727797,44063.35136463195,7405.112808066595,134600.09211298032,95164.92263234056,22733.308191833574,176042.8933494061,2115.9770342560314,19671.582488477263,13293.280722009564,19370.471776201826,2448.423833943552,12055.428567164245
83,2018.0984365767276,1190707.0883544595,26306.390296318063,28515.797848615264,24136.299791493944,14478.4157229925,24026.287399713445,27290.284059365367,15594.797010384083,15861.288918260907,37098.53271040992,140224.21923528417,77888.79603542743,94780.88043183778,27837.393680542475,54007.884709557045,99332.12575299208,38647.5044268258,47799.04913017613,35251.63160278824,197454.26102285626,44065.16650898624,7405.195336408116,134616.46334582646,95168.52043873059,22734.101825059734,176081.85968221354,2116.0293941060745,19671.943047867226,13293.540471305216,19373.084921606875,2448.4369142394607,12055.568740946823
84,2018.098475632646,1190722.7787070947,26306.6151016215,28515.946180077426,24136.404742892653,14478.560695691624,24026.575197953134,27290.434927649203,15594.896827326857,15861.380528232872,37098.963002813274,140225.93553423852,77889.6734853675,94784.13507069217,27837.718335081023,54009.9881659224,99333.09859776267,38647.871250217606,47799.632747749565,35252.236639612216,197459.37963318286,44066.75652211661,7405.267624735883,134630.8062288374,95171.67199140493,22734.797016256827,176116.00458206117,2116.0752583812873,19672.25887375376,13293.767994815114,19375.374362635856,2448.4483714238463,12055.691522252337
85,2018.0985098418403,1190736.5222727333,26306.812012402996,28516.076105308155,24136.49667088057,14478.687680089333,24026.827286940188,27290.5670749921,15594.984258329683,15861.4607705455,37099.339905392415,140227.4388800455,77890.44206258656,94786.98600205293,27838.002707165266,54011.830724138825,99333.9507310071,38648.19255762367,47800.14395180324,35252.76661020465,197463.86325701533,44068.149313555485,7405.330943453773,134643.371713352,95174.43261712778,22735.405971196942,176145.92308123232,2116.1154326679525,19672.53551490589,13293.967289723609,19377.380135352632,2448.458406893358,12055.799068812785
86,2018.0985398057755,1190748.560562852,26306.984489556093,28516.189908171626,24136.577191450204,14478.798907925846,24027.04809676957,27290.682824288895,15595.060840207,15861.531055689587,37099.67004175905,140228.75569153138,77891.11527408917,94789.48328209824,27838.25179428144,54013.444729574316,99334.69712902753,38648.4739961126,47800.59172591705,35253.23082609304,197467.79064357,44069.3693359969,7405.3864053941525,134654.37978525844,95176.85078887684,22735.939383417026,176172.13713484938,2116.1506226967713,19672.777832094944,13294.14185762797,19379.137338768298,2448.4671970581335,12055.893270737048
87,2018.0985660512752,1190759.1051364678,26307.13556465863,28516.28958917991,24136.64772009478,14478.896334118203,24027.24150808135,27290.784210244245,15595.127919115967,15861.592619165254,37099.959213998365,140229.90911089364,77891.70495158026,94791.67076512631,27838.469974079475,54014.85852092084,99335.35091045898,38648.72051227832,47800.98393946937,35253.637444196,197471.23078132598,44070.438012732324,7405.434985352982,134664.0232666271,95178.96897356251,22736.40662130925,176195.10451222336,2116.181446707816,19672.990083336146,13294.294765934172,19380.676740244257,2448.4748964411046,12055.97578368837
88,2018.0985890397853,1190768.3413128655,26307.267893209777,28516.376900640073,24136.70949668013,14478.98167108313,24027.41092017502,27290.873015118897,15595.186674203227,15861.646543186846,37100.212504514755,140230.91940988592,77892.22145916006,94793.58687087658,27838.66108121442,54016.0969257153,99335.92356660326,38648.93643909478,47801.32748575852,35253.99360989173,197474.24410655574,44071.37411240302,7405.4775372051035,134672.471155109,95180.82437520252,22736.815892127444,176215.2266258666,2116.2084462872717,19673.175998583833,13294.428701658053,19382.025307453598,2448.4816403930213,12056.048057952465
89,2018.0986091754896,1190776.4314245863,26307.38380126969,28516.45337744346,24136.763607232297,14479.056418807524,24027.559310687633,27290.95080004398,15595.238138320276,15861.693775696795,37100.434365262656,140231.8043456975,77892.6738752924,94795.26525716716,27838.828474670292,54017.18169476218,99336.42516322469,38649.12557200907,47801.62840301817,35254.30558238214,197476.88356252032,44072.19407752287,7405.514808898977,134679.87155625047,95182.44958637338,22737.17438574318,176232.8554205181,2116.2320958641576,19673.338845181665,13294.546018568746,19383.206675623664,2448.4875474708138,12056.111363904367
90,2018.0986268124122,1190783.5176674936,26307.485326318565,28516.52036403695,24136.81100302303,14479.121891192695,24027.689287878853,27291.018932452378,15595.283216170455,15861.735147021946,37100.62869592268,140232.57947274725,77893.07015222784,94796.73540947268,27838.97509674329,54018.1318829484,99336.86451733885,38649.29123560441,47801.89198044141,35254.57884453807,197479.1955277124,44072.91231244452,7405.547455593228,134686.35425754305,95183.87315920414,22737.48840064069,176248.29943153032,2116.2528110322114,19673.481485209402,13294.648778496108,19384.241557790832,2448.492721521,12056.16681431959
91,2018.098642260645,1190789.7245977374,26307.57425305055,28516.579038049273,24136.85251728812,14479.179239133424,24027.803136437306,27291.078610108285,15595.32270020578,15861.771384464339,37100.7989123905,140233.25841584432,77893.41725567091,94798.0231576543,27839.1035247161,54018.964183032454,99337.24935208945,38649.4363420004,47802.12285106784,35254.81819914253,197481.2206292828,44073.541435752486,7405.576051164989,134692.03298736233,95185.12010580795,22737.763454336615,176261.82911008116,2116.2709558418737,19673.606425727532,13294.738787523092,19385.14810490852,2448.4972535047045,12056.215383920031
92,2018.0986557917977,1190795.1613193103,26307.652144729924,28516.630430987192,24136.888879872036,14479.229470736194,24027.902857610057,27291.13088215661,15595.357284552429,15861.803125082482,37100.94800677729,140233.85310949633,77893.72128713659,94799.15112880853,27839.216016127804,54019.6932181895,99337.58643242632,38649.56344201357,47802.32507315908,35255.02785321302,197482.99445581276,44074.092501459956,7405.601098291628,134697.00739689736,95186.2123368382,22738.004380143095,176273.68150187572,2116.2868491895224,19673.7158627977,13294.817627695225,19385.942221854035,2448.5012230963116,12056.257926497074
93,2018.0986676437735,1190799.9234004738,26307.72037065937,28516.6754463645,24136.92073005599,14479.273469030779,24027.99020435789,27291.176667561624,15595.387577209145,15861.83092688741,37101.07859997262,140234.3740075548,77893.98759113933,94800.1391441051,27839.314548432263,54020.33179838935,99337.88168396185,38649.67476997481,47802.50220148778,35255.211491877104,197484.54818185483,44074.57519285141,7405.623037282538,134701.36479867567,95187.16904579585,22738.215411958474,176284.06435624583,2116.300770415484,19673.811720048827,13294.886684801537,19386.637844670826,2448.504700083822,12056.295189911792
94,2018.0986780249546,1190804.0945526285,26307.78013024188,28516.71487558232,24136.94862779463,14479.312007485785,24028.066712152333,27291.216771258427,15595.414110732729,15861.855278649986,37101.19298769088,140234.83026687187,77894.22084909266,94801.00456652201,27839.400853739862,54020.8911450637,99338.14029709,38649.7722829896,47802.65734978905,35255.37234309351,197485.9091151396,44074.997992343575,7405.642253815839,134705.18169129826,95188.00704577888,22738.40025856296,176293.15973378066,2116.31296420862,19673.895682463757,13294.947172712966,19387.247183751893,2448.507745595498,12056.32782923532
95,2018.0986871178613,1190807.7481010465,26307.83247405859,28516.749411839475,24136.973063558737,14479.345763600142,24028.133725954245,27291.25189830095,15595.437351598064,15861.876608491704,37101.29318080843,140235.22990818552,77894.4251615661,94801.76260553749,27839.476449251633,54021.38108797342,99338.36681819402,38649.857695329614,47802.79324546874,35255.51323435177,197487.10117600707,44075.368330323545,7405.659085715672,134708.52509646097,95188.74106454497,22738.562168715274,176301.12717275674,2116.3236449032493,19673.969225978126,13295.000154704256,19387.780937110656,2448.5104131743337,12056.356418259757
96,2018.098695082365,1190810.9482732443,26307.878322332348,28516.779662317174,24136.99446695686,14479.37533080906,24028.192423847064,27291.28266625485,15595.45770839711,15861.89529140978,37101.38094069864,140235.57995705606,77894.6041203416,94802.42658409485,27839.542663919496,54021.810237706864,99338.56522954238,38649.932508558995,47802.91227752809,35255.63664234343,197488.1453174416,44075.69271555979,7405.673828888982,134711.45373120738,95189.38400303625,22738.703988187084,176308.10646761142,2116.3330002435832,19674.033643409857,13295.046562132806,19388.248477389505,2448.5127497192393,12056.381459581537
97,2018.098702058498,1190813.7513275933,26307.918481101155,28516.806158852072,24137.01321428727,14479.40122891331,24028.24383773922,27291.30961605295,15595.475539020787,15861.9116558687,37101.457810185064,140235.8865673246,77894.76087153371,94803.00817250262,27839.60066180012,54022.18613681926,99338.73901927573,38649.99803792406,47803.01653854515,35255.744736475186,197489.0598930586,44075.97684946278,7405.686742525971,134714.01903559355,95189.94716188268,22738.82820973193,176314.22010644586,2116.3411946815836,19674.09006717389,13295.087210801808,19388.658015817728,2448.5147963094405,12056.403393434215
98,2018.0987081689127,1190816.2065419634,26307.953656385307,28516.829367285194,24137.029635152903,14479.423913214921,24028.288871498975,27291.33322150391,15595.491156949874,15861.92598957402,37101.52514065546,140236.15512925995,77894.8981708811,94803.51759335792,27839.651462512466,54022.51539225252,99338.89124271265,38650.055435469745,47803.10786144954,35255.839416986906,197489.86097948425,44076.22572619175,7405.6980536554975,134716.26607350112,95190.4404398431,22738.93701686259,176319.57540898176,2116.348372266006,19674.13948918024,13295.122815294457,19389.01674594292,2448.516588926614,12056.422605425701
