PROVINCE,YEAR,SLUDGE,GDP,POP,LDP,BA,CCF,WWP,CCF_P,GDP_CCF_P,GDP2,GDP_POP,GDP_LDP,GDP_BA
北京市,2006,889876,8117.78,15810000,7523,1254.23,886728197.4,129138,56.08654,455298.1927,65898352.13,1.28E+11,61070058.94,10181563.21
天津市,2006,89713,4462.74,10750000,11939,539.98,685934710,69076,63.80788,284757.9784,19916048.31,47974455000,53280652.86,2409790.345
河北省,2006,224955,11467.6,68980000,11359,1416.97,5181698273,121278,75.11885,861432.9243,131505849.8,7.91E+11,130260468.4,16249245.17
山西省,2006,72096,4878.61,33750000,4154,733.86,2631299175,58059,77.96442,380357.9991,23800835.53,1.65E+11,20265745.94,3580216.735
内蒙古自治区,2006,130914,4944.25,23970000,4779,830.09,1912897565,37954,79.80382,394570.037,24445608.06,1.19E+11,23628570.75,4104172.483
辽宁省,2006,306494,9304.52,42710000,10860,1859.59,3666553132,227590,85.84765,798771.1764,86574092.43,3.97E+11,101047087.2,17302592.35
吉林省,2006,45062,4275.12,27230000,5608,1013.19,2309134770,68529,84.80113,362535.0069,18276651.01,1.16E+11,23974872.96,4331508.833
黑龙江省,2006,93101,6211.8,38230000,6051,1467.17,2766209257,117022,72.35703,449467.399,38586459.24,2.37E+11,37587601.8,9113766.606
上海市,2006,574155,10572.24,18150000,7430,860.21,1354476602,221591,74.62681,788972.5458,111772258.6,1.92E+11,78551743.2,9094346.57
江苏省,2006,513955,21742.05,75500000,31215,2583,6748158290,252280,89.37958,1943295.297,472716738.2,1.64E+12,678678090.8,56159715.15
浙江省,2006,478452,15718.47,49800000,21217,1744.16,3851238678,177160,77.33411,1215573.888,247070299.1,7.83E+11,333498778,27415526.64
安徽省,2006,119809,6112.5,61100000,7301,1135.85,5088199038,127856,83.27658,509028.0953,37362656.25,3.73E+11,44627362.5,6942883.125
福建省,2006,85711,7583.85,35580000,6857,780.06,2977735742,105280,83.69128,634702.1138,57514780.82,2.70E+11,52002459.45,5915858.031
江西省,2006,39748,4820.53,43390000,4253,757.95,4392751966,108126,101.23881,488024.7208,23237509.48,2.09E+11,20501714.09,3653720.714
山东省,2006,486163,21900.19,93090000,29484,2895.05,7677741109,208574,82.47654,1806251.897,479618322,2.04E+12,645705202,63402145.06
河南省,2006,187003,12362.79,93920000,11606,1678.57,7763041189,138613,82.65589,1021857.41,152838576.6,1.16E+12,143482540.7,20751808.41
湖北省,2006,207474,7617.47,56930000,8827,1298.07,5026658830,208190,88.29543,672587.7892,58025849.2,4.34E+11,67239407.69,9888009.283
湖南省,2006,51124,7688.67,63420000,6638,1037,6110380013,177867,96.34784,740786.747,59115646.37,4.88E+11,51037391.46,7973150.79
广东省,2006,434731,26587.76,93040000,24758,3705.71,8570515438,525979,92.11646,2449170.331,706908981.8,2.47E+12,658259762.1,98526528.11
广西壮族自治区,2006,28566,4746.16,47190000,4297,738.32,3588254456,107962,76.03845,360890.6499,22526034.75,2.24E+11,20394249.52,3504184.851
海南省,2006,12199,1044.91,8360000,1921,196.52,704613989.2,19134,84.28397,88069.16309,1091836.908,8735447600,2007272.11,205345.7132
重庆市,2006,16674,3907.23,28080000,4897,631.35,2485026929,59692,88.49811,345782.4703,15266446.27,1.10E+11,19133705.31,2466829.661
四川省,2006,198894,8690.24,81690000,10086,1272.88,7347844768,120309,89.94791,781668.9254,75520271.26,7.10E+11,87649760.64,11061632.69
贵州省,2006,13381,2338.98,37570000,3045,404.65,2944533346,26602,78.37459,183316.5985,5470827.44,87875478600,7122194.1,946468.257
云南省,2006,42953,3988.14,44830000,3508,542.26,3682232194,49159,82.13768,327576.5671,15905260.66,1.79E+11,13990395.12,2162608.796
西藏自治区,2006,,290.76,2810000,310,78,291907155.5,7166,103.88155,30204.59948,84541.3776,817035600,90135.6,22679.28
陕西省,2006,71030,4743.61,37350000,3947,628.56,2791304442,45472,74.73372,354507.6215,22501835.83,1.77E+11,18723028.67,2981643.502
甘肃省,2006,11631,2276.7,26060000,2586,523.82,2474406903,39026,94.95038,216173.5301,5183362.89,59330802000,5887546.2,1192580.994
青海省,2006,,648.5,5480000,678,109.45,462627628,10798,84.4211,54747.08335,420552.25,3553780000,439683,70978.325
宁夏回族自治区,2006,20108,725.9,6040000,1051,269.37,505062927.6,23906,83.61969,60699.53297,526930.81,4384436000,762920.9,195535.683
新疆维吾尔自治区,2006,66966,3045.26,20500000,3194,673.87,1832472040,35893,89.38888,272212.3807,9273608.468,62427830000,9726560.44,2052109.356
北京市,2007,228655,9846.81,16330000,8526,1289.32,916410206,129820,56.1182,552585.2529,96959667.18,1.61E+11,83953902.06,12695689.07
天津市,2007,92650,5252.76,11150000,12784,571.56,711295295,69273,63.7933,335090.8945,27591487.62,58568274000,67151283.84,3002267.506
河北省,2007,294126,13607.32,69430000,11911,1474,5140424319,121902,74.03751,1007452.091,185159157.6,9.45E+11,162076788.5,20057189.68
山西省,2007,144740,6024.45,33930000,4367,774.42,2583421378,62336,76.13974,458700.0566,36293997.8,2.04E+11,26308773.15,4665454.569
内蒙古自治区,2007,163577,6423.18,24050000,5619,886.68,1921825640,40096,79.90959,513273.6803,41257241.31,1.54E+11,36091848.42,5695305.242
辽宁省,2007,252287,11164.3,42980000,11655,1917.59,3629740513,228101,84.45185,942845.789,124641594.5,4.80E+11,130119916.5,21408550.04
吉林省,2007,50238,5284.69,27300000,5479,1051.45,2185031394,66270,80.03778,422974.8556,27927948.4,1.44E+11,28954816.51,5556587.301
黑龙江省,2007,44184,7104,38240000,6245,1525.83,2699861014,153784,70.60306,501564.1382,50466816,2.72E+11,44364480,10839496.32
上海市,2007,469585,12494.01,18580000,8120,885.67,1376652585,225200,74.09325,925721.8064,156100285.9,2.32E+11,101451361.2,11065569.84
江苏省,2007,601033,26018.48,76250000,34050,2713.92,6699870950,269487,87.86716,2286169.945,676961301.5,1.98E+12,885929244,70612073.24
浙江省,2007,396614,18753.73,50600000,22064,1851.14,3885193994,192773,76.78249,1439958.086,351702388.9,9.49E+11,413782298.7,34715779.75
安徽省,2007,191870,7360.92,61180000,8161,1201.64,4790559798,116987,78.30271,576379.9841,54183143.25,4.50E+11,60072468.12,8845175.909
福建省,2007,103209,9248.53,35810000,7091,819.35,2830656956,102825,79.04655,731064.3891,85535307.16,3.31E+11,65581326.23,7577783.056
江西省,2007,13324,5800.25,43680000,5156,800.67,4306408142,63792,98.58993,571846.2415,33642900.06,2.53E+11,29906089,4644086.168
山东省,2007,501167,25776.91,93670000,33052,3081.91,7410983060,206565,79.118,2039417.565,664449089.1,2.41E+12,851978429.3,79442116.7
河南省,2007,183558,15012.46,93600000,12398,1775.34,7542525744,131511,80.58254,1209742.158,225373955.3,1.41E+12,186124479.1,26652220.74
湖北省,2007,184944,9333.4,56990000,13445,1298.66,4904219740,202596,86.05404,803176.7769,87112355.56,5.32E+11,125487563,12120913.24
湖南省,2007,85708,9439.6,63550000,7610,1111.9,5939779552,154783,93.46624,882283.9191,89106048.16,6.00E+11,71835356,10495891.24
广东省,2007,788991,31777.01,94490000,30629,4083.97,8282143935,508153,87.65101,2785287.021,1009778365,3.00E+12,973298039.3,129776355.5
广西壮族自治区,2007,35596,5823.41,47680000,4692,813.89,3634387974,115268,76.22458,443886.9814,33912104.03,2.78E+11,27323439.72,4739615.165
海南省,2007,16477,1254.17,8450000,2175,203.9,729901705,19341,86.3789,108333.825,1572942.389,10597736500,2727819.75,255725.263
重庆市,2007,34279,4676.13,28160000,5241,667.45,2379578854,52379,84.50209,395142.7581,21866191.78,1.32E+11,24507597.33,3121082.969
四川省,2007,273121,10562.39,81270000,11780,1328.35,7040053572,122790,86.62549,914972.2093,111564082.5,8.58E+11,124424954.2,14030550.76
贵州省,2007,29812,2884.11,37620000,3089,395.8,2864104650,28314,76.1325,219574.5046,8318090.492,1.09E+11,8909015.79,1141530.738
云南省,2007,35516,4772.52,45140000,4097,578.43,3385202979,49791,74.99342,357907.5968,22776947.15,2.15E+11,19553014.44,2760568.744
西藏自治区,2007,,341.43,2840000,310,78.8,304255618.4,7203,107.13226,36578.16753,116574.4449,969661200,105843.3,26904.684
陕西省,2007,104912,5757.29,37480000,4303,653.34,2664862482,54494,71.10092,409348.6157,33146388.14,2.16E+11,24773618.87,3761467.849
甘肃省,2007,19293,2702.4,26170000,2653,553.09,2420690979,40673,92.4987,249968.4869,7302965.76,70721808000,7169467.2,1494670.416
青海省,2007,6836,797.35,5520000,730,110.65,444138040.8,9560,80.45979,64154.61356,635767.0225,4401372000,582065.5,88226.7775
宁夏回族自治区,2007,23662,919.11,6100000,1060,292.29,488091256,21961,80.01496,73542.54989,844763.1921,5606571000,974256.6,268646.6619
新疆维吾尔自治区,2007,44352,3523.16,20950000,3441,678.67,1853358720,42090,88.46581,311679.2032,12412656.39,73810202000,12123193.56,2391062.997
全国,2008,6601709,,1328020000,315220,36295.3,1.09E+11,3648782,82.04051,0,0,0,0,0
北京市,2008,199931,11115,16950000,8881,1310.94,915490179,132095,54.01122,600334.7103,123543225,1.88E+11,98712315,14571098.1
天津市,2008,341829,6719.01,11760000,13452,640.85,750755342.4,68175,63.83974,428939.8515,45145095.38,79015557600,90384122.52,4305877.559
河北省,2008,448168,16011.97,69888200,12553,1528.33,5180109191,119256,74.11994,1186806.256,256383183.3,1.12E+12,200998259.4,24471574.11
山西省,2008,149960,7315.4,34106100,4536,784.1,2533130988,59518,74.27208,543329.974,53515077.16,2.50E+11,33182654.4,5736005.14
内蒙古自治区,2008,134078,8496.2,24137300,6269,885.42,1927277959,39166,79.84646,678391.4935,72185414.44,2.05E+11,53262677.8,7522705.404
辽宁省,2008,291512,13668.58,43147000,12192,1955.53,3767923957,213646,87.3276,1193644.287,186830079.2,5.90E+11,166647327.4,26729318.25
吉林省,2008,134045,6426.1,27340000,6220,1135.36,2090958826,72594,76.47984,491467.0998,41294761.21,1.76E+11,39970342,7295936.896
黑龙江省,2008,144412,8314.37,38253900,6629,1524.21,2809091370,111956,73.43281,610547.5525,69128748.5,3.18E+11,55115958.73,12672845.9
上海市,2008,480566,14069.86,18884600,8301,,1285392763,225200,68.06566,957674.307,197960960.4,2.66E+11,116793907.9,0
江苏省,2008,870765,30981.98,76773000,38062,2904.32,6524226352,327067,84.98074,2632871.587,959883084.7,2.38E+12,1179236123,89981584.15
浙江省,2008,453134,21462.69,51200000,23525,1939.09,4019056128,207093,78.49719,1684760.855,460647062,1.10E+12,504909782.3,41618087.55
安徽省,2008,252272,8851.66,61350000,9836,1310.88,4864450089,113306,79.29014,701849.3606,78351884.76,5.43E+11,87064927.76,11603464.06
福建省,2008,126000,10823.01,36040000,7962,877.35,2792710047,97513,77.48918,838666.17,117137545.5,3.90E+11,86172805.62,9495567.824
江西省,2008,26441,6971.05,44000000,5894,819.09,4245986360,67701,96.49969,672704.164,48595538.1,3.07E+11,41087368.7,5709917.345
山东省,2008,616529,30933.28,94172300,36295,3261.03,7545391678,221129,80.12326,2478475.236,956867811.6,2.91E+12,1122723398,100874354.1
河南省,2008,334476,18018.53,94290000,13248,1857.24,8981173417,133969,95.25054,1716274.713,324667423.4,1.70E+12,238709485.4,33464734.66
湖北省,2008,186746,11328.89,57110000,14072,1564.56,4622653588,201909,80.94298,916994.1167,128343748.6,6.47E+11,159420140.1,17724728.14
湖南省,2008,69896,11555,63800000,7937,1195.25,6062814472,148497,95.02844,1098053.624,133518025,7.37E+11,91712035,13811113.75
广东省,2008,700528,36796.71,95440000,32197,4132.63,8119809962,510810,85.07764,3130577.247,1353997867,3.51E+12,1184743672,152067187.6
广西壮族自治区,2008,59409,7021,48160000,5119,840.57,3730891629,109693,77.46868,543907.6023,49294441,3.38E+11,35940499,5901641.97
海南省,2008,16774,1503.06,8540000,2224,204.8,668268237,21063,78.25155,117616.7747,2259189.364,12836132400,3342805.44,307826.688
重庆市,2008,47178,5793.66,28390000,5815,708.37,2347407561,57562,82.68431,479044.7795,33566496.2,1.64E+11,33690132.9,4104054.934
四川省,2008,204650,12601.23,81380000,12499,1391.68,6392100335,127955,78.54633,989780.37,158790997.5,1.03E+12,157502773.8,17536879.77
贵州省,2008,27768,3561.56,37927300,3119,407.42,2924837318,30021,77.11694,274656.6088,12684709.63,1.35E+11,11108505.64,1451050.775
云南省,2008,45480,5692.12,45430000,4113,623.76,3558006729,50452,78.31844,445797.9587,32400230.09,2.59E+11,23411689.56,3550516.771
西藏自治区,2008,,394.85,2870000,323,79,319382296.1,6982,111.28303,43940.1044,155906.5225,1133219500,127536.55,31193.15
陕西省,2008,104873,7314.58,37620000,4530,659.74,2639783362,54556,70.16968,513261.7379,53503080.58,2.75E+11,33135047.4,4825721.009
甘肃省,2008,44257,3166.82,26281200,2870,581.28,2365583690,41290,90.01049,285047.0199,10028748.91,83227829784,9088773.4,1840809.13
青海省,2008,1759,1018.62,5543000,868,110.65,438161678.3,11686,79.04775,80519.61911,1037586.704,5646210660,884162.16,112710.303
宁夏回族自治区,2008,38092,1203.92,6176900,1973,310.89,518390835.1,22858,83.92411,101037.9145,1449423.366,7436493448,2375334.16,374286.6888
新疆维吾尔自治区,2008,50181,4183.21,21308000,3706,750.96,1968465641,44064,92.38153,386451.3401,17499245.9,89135838680,15502976.26,3141423.382
全国,2009,8926100,,1334740000,343892,38107.26,1.06E+11,3712129,79.05677,0,0,0,0,0
北京市,2009,225117,12153.03,17550000,9344,1349.83,958385317.5,136511,54.60885,663662.9923,147696138.2,2.13E+11,113557912.3,16404524.48
天津市,2009,311346,7521.85,12281600,14531,662.25,812299865.7,68325,66.13958,497491.9998,56578227.42,92380352960,109300002.4,4981345.163
河北省,2009,507810,17235.48,70344000,13120,1577.52,5071093332,127979,72.08992,1242504.374,297061770.8,1.21E+12,226129497.6,27189314.41
山西省,2009,174200,7358.31,34273600,4864,822.93,2415559115,58290,70.47871,518604.1966,54144726.06,2.52E+11,35790819.84,6055374.048
内蒙古自治区,2009,65479,9740.25,24220700,6681,975.48,1882691965,42444,77.7307,757116.4507,94872470.06,2.36E+11,65074610.25,9501419.07
辽宁省,2009,445838,15212.49,43190000,13350,2030.71,3532136507,236611,81.78135,1244097.969,231419852,6.57E+11,203086741.5,30892155.57
吉林省,2009,147955,7278.75,27395500,7297,1193.33,1860918510,70180,67.92789,494430.1293,52980201.56,1.99E+11,53113038.75,8685950.738
黑龙江省,2009,211837,8587,38260000,7445,1566.11,2646649656,114627,69.17537,594008.9022,73736569,3.29E+11,63930215,13448186.57
上海市,2009,645260,15046.45,19210000,10213,,1292653194,231088,67.29064,1012485.25,226395657.6,2.89E+11,153669393.9,0
江苏省,2009,1343524,34457.3,77250000,42826,3046.37,6628889708,325535,85.81087,2956810.891,1187305523,2.66E+12,1475668330,104969685
浙江省,2009,766073,22990.35,51800000,24456,2033.32,3826036060,207498,73.8617,1698106.335,528556193.1,1.19E+12,562251999.6,46746738.46
安徽省,2009,267338,10062.82,61310000,11333,1377.67,4529273798,117004,73.87496,743390.425,101260346.4,6.17E+11,114041939.1,13863245.23
福建省,2009,173486,12236.53,36270000,8565,918.64,2819896747,100675,77.74736,951357.9031,149732666.4,4.44E+11,104805879.5,11240965.92
江西省,2009,84242,7655.18,44321581,6563,856.9,3984998556,69113,89.91102,688285.0421,58601780.83,3.39E+11,50240946.34,6559723.742
山东省,2009,867740,33896.65,94703000,38656,3373.63,7303194204,229929,77.11682,2614001.857,1148982881,3.21E+12,1310308902,114354755.3
河南省,2009,553588,19480.46,94870000,13896,1913.26,7315240704,141895,77.10805,1502100.284,379488321.8,1.85E+12,270700472.2,37271184.9
湖北省,2009,256163,12961.1,57200000,14885,1616.42,4616571388,164412,80.70929,1046081.179,167990113.2,7.41E+11,192925973.5,20950581.26
湖南省,2009,172995,13059.69,64060000,7810,1238.54,6058364957,152604,94.57329,1235097.85,170555502.9,8.37E+11,101996178.9,16174948.45
广东省,2009,744270,39482.56,96380000,38346,4434.08,8180752712,497575,84.88019,3351287.194,1558872544,3.81E+12,1513998246,175068829.6
广西壮族自治区,2009,119241,7759.16,48560000,5650,880.57,3739999907,109946,77.01812,597595.916,60204563.91,3.77E+11,43839254,6832483.521
海南省,2009,23976,1654.21,8640700,2286,214.8,696454850,21338,80.60167,133332.0885,2736410.724,14293532347,3781524.06,355324.308
重庆市,2009,79719,6530.01,28590000,6651,783.29,2348325706,61830,82.13801,536362.0267,42641030.6,1.87E+11,43431096.51,5114891.533
四川省,2009,242691,14151.28,81850000,12883,1509.51,6733666085,139196,82.26837,1164202.739,200258725.6,1.16E+12,182310940.2,21361498.67
贵州省,2009,53453,3912.68,37980000,3135,460.31,2756606251,30921,72.58047,283984.1534,15309064.78,1.49E+11,12266251.8,1801045.731
云南省,2009,55252,6169.75,45710000,4049,666.57,3569942772,47720,78.09982,481856.3644,38065815.06,2.82E+11,24981317.75,4112570.258
西藏自治区,2009,,441.36,2900300,343,81.3,308492265.7,6403,106.36564,46945.53887,194798.6496,1280076408,151386.48,35882.568
陕西省,2009,172774,8169.8,37720000,4894,685.62,2584763377,66881,68.52501,559835.6267,66745632.04,3.08E+11,39983001.2,5601378.276
甘肃省,2009,68520,3387.56,26354600,3053,604.44,2239772036,43064,84.986,287895.1742,11475562.75,89277788776,10342220.68,2047576.766
青海省,2009,4136,1081.27,5573000,907,112.39,390699790.6,10872,70.10583,75803.3308,1169144.813,6025917710,980711.89,121523.9353
宁夏回族自治区,2009,76799,1353.31,6252000,1779,321.11,520265994.4,37306,83.21593,112616.9502,1831447.956,8460894120,2407538.49,434561.3741
新疆维吾尔自治区,2009,65278,4277.05,21586300,4081,800.36,1989855571,44357,92.18141,394264.4996,18293156.7,92325684415,17454641.05,3423179.738
全国,2010,10322692,413030.4048,1332810854,369553,40058.01,1.02E+11,3786983,76.31351,31519799.93,1.71E+11,5.50E+14,1.53E+11,16545176086
北京市,2010,1044176,13338.16382,19612368,10172,,1124724196,141651,57.3477,764913.0173,177906614.1,2.62E+11,135675802.4,0
天津市,2010,285187,8321.38424,11768136,15140,686.71,760217937.5,65235,64.59969,537558.8423,69245435.67,97927181445,125985757.4,5714377.771
河北省,2010,570409,19670.04952,73024765,14576,1619.67,5333375396,132798,73.03516,1436605.214,386910848.1,1.44E+12,286710641.8,31858989.11
山西省,2010,195620,8635.496762,35275759,5459,864.73,2395776454,60181,67.91566,586485.462,74571804.33,3.05E+11,47141176.82,7467373.115
内蒙古自治区,2010,118394,10925.37363,24407563,8514,1038.32,1833123673,46543,75.10474,820547.3459,119363789,2.67E+11,93018631.09,11344033.95
辽宁省,2010,509303,17443.20654,43746323,14070,2220.53,3470639033,204370,79.33556,1383866.559,304265454.4,7.63E+11,245425916,38733163.42
吉林省,2010,183837,8191.373273,27452818,7738,1237.38,1827486601,75270,66.56827,545285.5477,67098596.1,2.25E+11,63384846.39,10135841.46
黑龙江省,2010,281048,9790.569127,38278100,7504,1637.98,2474673806,108443,64.64986,632958.9234,95855243.83,3.75E+11,73468430.73,16036756.42
上海市,2010,254599,16222.86149,23019194,11483,998.75,1505479918,231374,65.40107,1060992.5,263181234.9,3.73E+11,186287118.5,16202582.91
江苏省,2010,1437177,39286.66115,79592328,46867,3271.09,6043001340,363096,75.92442,2982816.962,1543441744,3.13E+12,1841247948,128510204.4
浙江省,2010,716485,26294.93851,54765099,26367,2128.96,3899047774,206415,71.19585,1872090.498,691423791.2,1.44E+12,693318643.7,55980872.29
安徽省,2010,355984,11543.15006,58569086,13136,1491.32,4222552312,124449,72.09524,832206.1739,133244313.3,6.76E+11,151630819.2,17214530.55
福建省,2010,186552,13831.722,36556010,9686,1059,2846889938,95884,77.87748,1077179.653,191316533.5,5.06E+11,133974059.3,14647793.6
江西省,2010,121703,8931.997,44567791,7340,933.78,3926134033,70453,88.09353,786851.1457,79780570.41,3.98E+11,65560857.98,8340520.159
山东省,2010,946383,37017.87994,95792722,34301,3566.15,7237118115,244417,75.54977,2796692.315,1370323435,3.55E+12,1269750300,132011312.5
河南省,2010,597927,21823.63941,94029933,14733,2014.4,7050792213,147413,74.98455,1636435.781,476271237.1,2.05E+12,321527679.4,43961539.23
湖北省,2010,229915,15090.3313,57237730,16577,1701.03,4418770500,169150,77.20031,1164978.254,227718098.7,8.64E+11,250152422,25669106.25
湖南省,2010,175772,15156.81619,65700763,8882,1321.05,5782780772,153696,88.01695,1334056.733,229729077,9.96E+11,134622841.4,20022912.03
广东省,2010,797473,43436.45285,104320457,42507,4618.07,8819258737,506546,84.54007,3672120.764,1886725436,4.53E+12,1846353301,200592579.8
广西壮族自治区,2010,167232,9044.071531,46023759,6417,940.47,3446243886,115256,74.87967,677217.0917,81795229.86,4.16E+11,58035807.01,8505677.953
海南省,2010,68535,1951.074016,8671486,2946,221.32,698997473.7,27811,80.60873,157273.5986,3806689.816,16918711015,5747864.051,431811.7012
重庆市,2010,90265,7490.139599,28846173,7073,870.23,2382598121,64622,82.59668,618660.6636,56102191.21,2.16E+11,52977757.38,6518144.183
四川省,2010,262611,16240.67859,80420721,14498,1629.73,6213578335,136520,77.2634,1254810.046,263759641.1,1.31E+12,235457358.2,26467921.12
贵州省,2010,61669,4349.312083,34748560,3327,463.96,2399536097,32533,69.05426,300338.5274,18916515.6,1.51E+11,14470161.3,2017906.834
云南省,2010,64253,6827.275314,45966766,4419,751.34,3341167474,58711,72.68659,496251.3616,46611688.21,3.14E+11,30169729.61,5129605.034
西藏自治区,2010,,476.8349425,2997643,293,84.88,308998569.2,6770,103.08051,49152.38906,227371.5624,1429380928,139712.6382,40473.74992
陕西省,2010,343807,9627.141967,37763733,5666,758.48,2243713692,68104,59.41451,571991.9227,92681862.45,3.64E+11,54547386.39,7301994.639
甘肃省,2010,96974,3904.097216,25603008,3092,632.8,2150990888,41940,84.01321,327995.7393,15241975.07,99956632254,12071468.59,2470512.718
青海省,2010,6376,1267.855925,5596395,1014,113.88,406028195,12889,72.55174,91985.15343,1607458.647,7095422559,1285605.908,144383.4327
宁夏回族自治区,2010,88472,1707.223869,6618966,1384,343.79,548490347.5,28047,82.86647,141471.6155,2914613.339,11300056743,2362797.835,586926.4939
新疆维吾尔自治区,2010,64554,5141.741407,21826722,4372,838.21,2046013129,46396,93.73891,481981.235,26437504.7,1.12E+11,22479693.43,4309859.065
全国,2011,6500366,478637.3948,1336755425,414073.99,43603.23,98704595283,4037021.8,73.83893376,35342074.89,2.29E+11,6.40E+14,1.98E+11,20870136412
北京市,2011,1069222,15986.99693,19798661,11086,1231.3,1127678076,145543,56.95729,910576.0204,255584070.8,3.17E+11,177231848,19684789.32
天津市,2011,78450,10271.80376,11851249,16550.59,710.6,802168617.3,67179.5,67.68642,695261.6235,105509952.5,1.22E+11,170004412.6,7299143.752
河北省,2011,334347,22529.65018,73593518,15434.87,1684.6,5201567038,147183.72,70.67969,1592388.691,507585137.2,1.66E+12,347742221.7,37953448.69
山西省,2011,78549,9559.295083,35322619,6085.59,956.92,2612327382,60432.96,73.95622,706969.3302,91380122.48,3.38E+11,58173950.56,9147480.651
内蒙古自治区,2011,54646,12222.28058,24490011,9314.2,1077.04,1712604837,48068.7,69.93075,854713.2477,149384142.6,2.99E+11,113840765.8,13163885.08
辽宁省,2011,459708,20244.75568,43696267,14905.74,2276.51,3327229092,209407.16,76.14447,1541526.192,409850132.5,8.85E+11,301763064.5,46087388.75
吉林省,2011,142673,9622.579557,27452988,8193.79,1270.99,2075349533,74804.98,75.59649,727433.2393,92594037.33,2.64E+11,78845396.15,12230202.39
黑龙江省,2011,124599,11177.95553,38249045,8105.54,1678.64,2639023459,119372.41,68.9958,771231.9842,124946689.8,4.28E+11,90603365.67,18763763.27
上海市,2011,273290,17020.52355,23239156,17599,998.75,1666599558,231410,71.71515,1220629.399,289698221.9,3.96E+11,299544194,16999247.9
江苏省,2011,378865,40154.53797,79833865,51735.33,3493.78,5547877217,377868.24,69.49278,2790450.473,1612386920,3.21E+12,2077408273,140291121.7
浙江省,2011,274397,27914.96511,55140407,28102.98,2221.1,3499921539,214353.13,63.4729,1771843.789,779245277.1,1.54E+12,784493706.2,62001929.01
安徽省,2011,160647,13947.5313,58593154,16380.45,1597.69,4132448590,127134.34,70.52784,983689.2559,194533629.4,8.17E+11,228466839.1,22283831.28
福建省,2011,127904,17337.69187,36761990,10766.66,1129.96,2807633756,103366.06,76.37328,1324136.396,300595559.4,6.37E+11,186669033.5,19590898.31
江西省,2011,89588,10482.12861,44655354,8580.03,1019.87,3842799519,74146.66,86.05462,902035.5943,109875020.2,4.68E+11,89936977.94,10690408.51
山东省,2011,496468,46015.92738,95929193,40110.22,3751.2,6381904446,265465.47,66.52724,3061312.645,2117465573,4.41E+12,1845708971,172614946.8
河南省,2011,199440,23395.25147,94164043,15835.8,2098.07,5671950414,152659.53,60.23478,1409207.825,547337791.3,2.20E+12,370482523.2,49084875.25
湖北省,2011,181248,17919.55768,57362706,17350.71,1811.57,4247836872,170698.76,74.05224,1326983.386,321110547.4,1.03E+12,310917048.6,32462533.11
湖南省,2011,218886,18823.74172,65805866,10897.1,1408,5663050146,158259.15,86.05692,1619913.235,354333252.3,1.24E+12,205124195.9,26503828.34
广东省,2011,972025,50296.12704,105236240,48185.28,4829.26,8899452071,606268.53,84.56642,4253363.404,2529700395,5.29E+12,2423532964,242893074.5
广西壮族自治区,2011,56617,11266.65437,46212491,7264.46,1014.38,3484437996,122996.13,75.40035,849509.6828,126937500.7,5.21E+11,81846160,11428668.86
海南省,2011,24847,2361.135429,8733389,2788.35,237.99,568793922.8,24653.45,65.12866,153777.5866,5574960.514,20620714183,6583671.973,561926.6207
重庆市,2011,93062,9339.793702,28805147,8163.25,1034.92,2224061243,69141.99,77.21055,721130.6086,87231746.4,2.69E+11,76243070.94,9665939.298
四川省,2011,128664,19231.16832,80236984,15742.2,1788.13,6029911249,146688.99,75.15127,1445246.723,369837835,1.54E+12,302740897.9,34387829.01
贵州省,2011,47353,6025.871962,34760256,3694.65,508.28,2388395960,38231.84,68.71054,414040.9165,36311132.9,2.09E+11,22263487.84,3062830.201
云南省,2011,80657,8194.612161,46077176,4761.3,804.14,3426419069,68458.18,74.36261,609372.7482,67151668.47,3.78E+11,39017006.88,6589615.423
西藏自治区,2011,,594.2210787,3007629,293,89.68,277239511.8,6769,92.17876,54774.5622,353098.6904,1787196549,174106.7761,53289.74634
陕西省,2011,226441,12001.78598,37819953,5808.78,809.01,2322899244,67366.32,61.41994,737148.9748,144042866.7,4.54E+11,69715734.36,9709564.876
甘肃省,2011,31474,4753.747691,25638904,3144.28,655.63,1917047260,40311.55,74.77103,355442.6112,22598117.11,1.22E+11,14947113.79,3116699.599
青海省,2011,11322,1536.789706,5618550,1114.8,122.11,404925752.1,15525.48,72.06944,110755.5735,2361722.6,8634529803,1713213.164,187657.391
宁夏回族自治区,2011,22634,2032.173844,6650021,1487.49,371.29,546940819.2,27643.4,82.24648,167139.1454,4129730.532,13513998738,3022838.271,754525.8265
新疆维吾尔自治区,2011,62343,6317.035863,22008535,4591.55,921.82,2122702953,55613.17,96.44908,609272.2973,39904942.09,1.39E+11,29004986.02,5823169.999
全国,2012,6550551,515840.9637,1341875599,439079.94,45565.76,96509846246,4167601.86,71.92160459,37100109.82,2.66E+11,6.92E+14,2.26E+11,23504685550
北京市,2012,1124047,17353.85768,20001995,12665,1261.11,1109280659,152010,55.45850096,962418.9328,301156376.4,3.47E+11,219786607.5,21885123.46
天津市,2012,71036,11388.39361,11943039,17755.78,722.14,901853343.6,74473,75.51288609,859970.4694,129695509,1.36E+11,202209811.5,8224014.562
河北省,2012,295800,23741.56051,74158283,15786.59,1738.89,5048845194,148328.66,68.08201309,1616373.233,563661695.4,1.76E+12,374798281.7,41283962.16
山西省,2012,74345,9920.427884,35410127,6530.4,1013.84,2289154476,61354.93,64.64688693,641324.7797,98414889.4,3.51E+11,64784362.25,10057726.61
内蒙古自治区,2012,56701,12883.40595,24585127,10011.89,1132.78,1881221281,50487.6,76.51867249,985821.1204,165982148.9,3.17E+11,128987243.2,14594064.59
辽宁省,2012,261811,21633.02034,43659324,15944.74,2329.08,3156164970,220453.96,72.29074298,1563867.113,467987569,9.44E+11,344932884.7,50385035.01
吉林省,2012,105924,10391.60153,27459597,8910.31,1293.82,2101863919,81629.4,76.54387348,795413.4328,107985382.4,2.85E+11,92592391.03,13444861.89
黑龙江省,2012,173296,11776.9574,38228924,9375.9,1725.45,2445377008,121944.68,63.9666711,753332.7606,138696725.6,4.50E+11,110419574.9,20320551.15
上海市,2012,271286,17513.18446,23470380,18191,998.75,1665388749,236803,70.9570424,1242683.772,306711629.9,4.11E+11,318582338.5,17491292.98
江苏省,2012,488253,41919.59956,80127666,56887.26,3655.05,5101616573,388975.05,63.66860321,2668962.351,1757252827,3.36E+12,2384691159,153218232.4
浙江省,2012,265432,29078.29962,55555919,29786.44,2296.33,3432326048,221436.83,61.78146469,1796499.941,845547508.8,1.62E+12,866139026.9,66773371.77
安徽省,2012,171375,15372.27287,58681310,19884.63,1696.01,3952664463,131534.73,67.35814968,1035447.857,236306773.2,9.02E+11,305671958.3,26071528.51
福建省,2012,136454,19223.43913,37001453,11482.7,1203.14,2663525772,111912.73,71.98435617,1383786.889,369540612,7.11E+11,220736984.5,23128488.55
江西省,2012,81172,11464.6486,44786839,9484.1,1077.61,3474150734,75575,77.5707956,889321.9132,131438167.5,5.13E+11,108731873.8,12354419.98
山东省,2012,411056,50151.56669,96139923,43357.44,3926.97,6478966606,277437.72,67.39101097,3379764.781,2515179641,4.82E+12,2174443544,196943697.8
河南省,2012,201853,24512.96734,94401557,17292.01,2219.07,5731161088,164966.55,60.71045087,1488193.299,600885567.8,2.31E+12,423878476.4,54395990.44
湖北省,2012,213591,19784.85228,57544487,18634.18,1889.61,4100986054,171706.45,71.26635874,1409994.38,391440379.7,1.14E+12,368674498.7,37385654.72
湖南省,2012,170587,20915.27375,65967240,11402.12,1465.07,5669759689,159154.59,85.94811135,1797628.277,437448676,1.38E+12,238478461.1,30642340.11
广东省,2012,818258,53862.45677,106301018,41056.25,5026.44,8654341975,615165.93,81.41353806,4385133.174,2901164249,5.73E+12,2211390491,270736407.2
广西壮族自治区,2012,55263,12482.58384,46460092,7725.6,1083.57,3396769014,121395.44,73.11154299,912620.965,155814899.3,5.80E+11,96435449.71,13525753.37
海南省,2012,18820,2604.986913,8807056,3015.37,265.59,506485229.4,25625.47,57.50902792,149810.2651,6785956.817,22942265622,7854999.388,691858.4742
重庆市,2012,105782,10547.79323,28787012,8851.17,1051.71,2089365530,76782.05,72.58014587,765560.3712,111255942,3.04E+11,93360311,11093219.62
四川省,2012,314608,21004.6823,80114760,18752.75,1901.72,5901183084,149028.6,73.65912453,1547186.509,441196678.5,1.68E+12,393895556,39945024.42
贵州省,2012,57289,7096.759522,34831818,3647.77,586.06,2206563792,40107.06,63.34908478,449573.2206,50363995.71,2.47E+11,25887346.48,4159126.885
云南省,2012,87135,9097.959319,46242756,5275.6,859.87,3553273011,68307.33,76.83955972,699083.1884,82772863.77,4.21E+11,47997194.18,7823062.28
西藏自治区,2012,,673.609939,3020480,355.3,119.7,312257773,7831,103.3801823,69637.91829,453750.3499,2034625349,239333.6113,80631.1097
陕西省,2012,256652,13327.12713,37912429,6382.8,863.51,2228387241,71442.47,58.77722162,783331.5049,177612317.5,5.05E+11,85064387.05,11508107.55
甘肃省,2012,109861,5185.845614,25709844,3282.31,681.55,1889260740,40073.49,73.48394412,381076.3893,26892994.73,1.33E+11,17021552.92,3534413.078
青海省,2012,11627,1697.608884,5647353,1154.59,122.11,383115910.8,16198.31,67.8399085,115165.6314,2881875.923,9586996624,1960042.241,207295.0208
宁夏回族自治区,2012,72920,2219.330001,6689578,1241.6,399.57,500619163.4,29143.31,74.8356867,166085.0846,4925425.653,14846381149,2755520.129,886777.6885
新疆维吾尔自治区,2012,68317,6951.48222,22218063,4956.34,959.64,2099527375,56316.52,94.49641829,656890.1716,48323105.05,1.54E+11,34453909.39,6670920.398
全国,2013,6555644,554164.0896,1347941601,464877.82,47855.28,1.08E+11,4274525,79.77322274,44207455.35,3.07E+11,7.47E+14,2.58E+11,26519677674
北京市,2013,1207309,18476.29195,20218520,13504.81,1306.45,1612896499,155317,79.77322274,1473913.353,341373364.2,3.74E+11,249518812.3,24138351.62
天津市,2013,82385,12331.6944,12041408,18643.68,747.26,960581922.4,78694,79.77322274,983739.0041,152070686.8,1.48E+11,229908164.3,9214981.957
河北省,2013,307080,24807.09146,74712903,15868.93,1787.24,5960089052,149382,79.77322274,1978941.633,615391786.7,1.85E+12,393661997.9,44336226.14
山西省,2013,76708,10311.58212,35531440,6675.52,1040.69,2834457477,63359,79.77322274,822588.1373,106328725.8,3.66E+11,68835172.67,10731160.4
内蒙古自治区,2013,62901,13659.61892,24689618,11208.05,1206.21,1969570396,52789,79.77322274,1089671.823,186585189,3.37E+11,153097691.8,16476368.94
辽宁省,2013,336950,22896.22514,43631406,16419.82,2386.49,3480617869,225766,79.77322274,1826505.668,524237125.7,9.99E+11,375951895.5,54641612.33
吉林省,2013,87799,11097.32017,27469939,9606.62,1344.02,2191365562,84289,79.77322274,885268.9937,123150515,3.05E+11,106607737.9,14915020.25
黑龙江省,2013,167458,12307.45307,38214044,9583,1758.38,3048457444,119785,79.77322274,981805.1951,151473401.1,4.70E+11,117942322.8,21641179.33
上海市,2013,277547,18619.21681,23709677,18808.56,998.75,1891397344,233600,79.77322274,1485314.93,346675234.6,4.41E+11,350200656.5,18595942.79
江苏省,2013,499250,46488.72397,80461839,62193.77,3809.6,6418700204,393453,79.77322274,3708555.332,2161201456,3.74E+12,2891309006,177103442.8
浙江省,2013,346022,31279.10388,56003258,33501.34,2399.24,4467560374,235798,79.77322274,2495234.921,978382339.5,1.75E+12,1047891894,75046077.19
安徽省,2013,152739,16687.23472,58821508,21890.7,1777.26,4692381259,135346,79.77322274,1331194.492,278463802.6,9.82E+11,365295249.1,29657554.78
福建省,2013,145009,20658.90285,37267193,12289.11,1263.18,2972924088,113550,79.77322274,1648027.259,426790267,7.70E+11,253879529.6,26095912.9
江西省,2013,78708,12501.09255,44954275,10573.08,1151.42,3586147392,78247,79.77322274,997252.4405,156277314.9,5.62E+11,132175051.6,14394007.98
山东省,2013,409277,52757.03843,96409521,46024.57,4187.48,7690898193,281135,79.77322274,4208598.978,2783305104,5.09E+12,2428120008,220919043.3
河南省,2013,234021,26493.18277,94724076,18297.45,2289.08,7556444813,167742,79.77322274,2113446.57,701888733.3,2.51E+12,484757687.1,60645014.82
湖北省,2013,159523,21751.44672,57770533,20029.83,2006.71,4608541597,177323,79.77322274,1735183.004,473125434.4,1.26E+12,435677780.1,43648845.65
湖南省,2013,158682,22649.26083,66173009,12049.97,1504.95,5278834186,152006,79.77322274,1806804.529,512989016.1,1.50E+12,272922913.5,34086005.09
广东省,2013,826240,57286.40761,107490167,36097.57,5232.11,8574837034,636504,79.77322274,4569921.354,3281732497,6.16E+12,2067900109,299728786.1
广西壮族自治区,2013,58897,13431.01154,46757111,8309.04,1153.64,3729965430,125443,79.77322274,1071435.075,180392071,6.28E+11,111598812.1,15494552.15
海南省,2013,26606,2830.873462,8890476,3356.79,296.03,709221922.2,27194,79.77322274,225827.8992,8013844.558,25167812573,9502647.729,838023.471
重庆市,2013,108743,11682.69047,28787643,9496.7,1114.92,2296483057,82991,79.77322274,931965.8691,136485256.6,3.36E+11,110947006.6,13025265.26
四川省,2013,281695,22765.61647,80042731,19518.87,2058.11,6385266608,164898,79.77322274,1816086.593,518273293.3,1.82E+12,444359108.3,46854142.91
贵州省,2013,60895,7954.809943,34956254,5259.56,695.4,2788573036,41984,79.77322274,634580.8254,63279001.23,2.78E+11,41838800.18,5531774.834
云南省,2013,83306,10026.70669,46454736,6063.57,935.77,3705844002,69978,79.77322274,799862.7061,100534847,4.66E+11,60797637.88,9382691.319
西藏自治区,2013,193,750.1911938,3035805,545.63,120.29,242175948.4,9393,79.77322274,59845.1692,562786.8273,2277434177,409326.8211,90240.4987
陕西省,2013,120962,14382.3392,38033907,6766.59,915.02,3034087335,77504,79.77322274,1147325.549,206851680.9,5.47E+11,97319392.61,13160128.01
甘肃省,2013,59682,5517.224861,25809879,3881.06,726.66,2058937226,39928,79.77322274,440126.8077,30439770.17,1.42E+11,21412680.72,4009146.617
青海省,2013,12007,1845.120383,5681687,1391.31,157.36,453246482.6,17198,79.77322274,147191.1993,3404469.228,10483396494,2567134.44,290348.1435
宁夏回族自治区,2013,63891,2394.101989,6736284,1361.94,420.69,537375083.9,25765,79.77322274,190985.2312,5731724.334,16127350923,3260623.263,1007174.766
新疆维吾尔自治区,2013,63159,7457.003758,22450501,5660.38,1064.87,1790948817,58164,79.77322274,594869.2218,55606905.05,1.67E+11,42209474.93,7940739.592
全国,2014,7115301,634098.1619,1361992693,511178.5,49772.63,1.04E+11,4453428,76.0204,48204395.91,4.02E+11,8.64E+14,3.24E+11,31560733196
北京市,2014,1272933,20191.14272,20675782,14289.8,1385.58,1571781218,161548,76.0204,1534938.746,407682244.3,4.17E+11,288527391.2,27976443.53
天津市,2014,81202,13849.73294,12249551,18748.17,797.1,931215766.8,82316,76.0204,1052862.238,191815102.5,1.70E+11,259657147.6,11039622.13
河北省,2014,290814,26809.01334,75767939,15924.07,1833.17,5759909030,157348,76.0204,2038031.918,718723196.3,2.03E+12,426908605.1,49145478.98
山西省,2014,88648,11123.18629,35848051,7427.6,1097.36,2725183176,67093,76.0204,845589.071,123725273.2,3.99E+11,82618578.49,12206139.71
内蒙古自治区,2014,67689,15493.94642,24913825,12122.73,1184.81,1893958942,57212,76.0204,1177856.004,240062375.7,3.86E+11,187828929.1,18357382.66
辽宁省,2014,337225,25151.88297,43586591,16782.59,2422.02,3313470082,239889,76.0204,1912056.204,632617216.9,1.10E+12,422113739.6,60918363.59
吉林省,2014,99680,12337.85459,27491069,9869.89,1362.79,2089882062,83347,76.0204,937928.6411,152222655.9,3.39E+11,121773267.6,16813904.86
黑龙江省,2014,126698,13221.893,38185532,9922.43,1785.08,2902879417,121559,76.0204,1005133.595,174818454.5,5.05E+11,131193307.8,23602136.76
上海市,2014,303299,22041.28618,24199916,20972,998.75,1839687294,231685,76.0204,1675587.392,485818296.5,5.33E+11,462249853.8,22013734.57
江苏省,2014,541835,61741.13065,81203873,66256.47,4019.83,6173150907,396336,76.0204,4693585.448,3811967214,5.01E+12,4090749371,248188849.2
浙江省,2014,349797,37781.79733,56960281,35959.68,2489.22,4330143346,250146,76.0204,2872187.346,1427464209,2.15E+12,1358621342,94047205.55
安徽省,2014,142650,19079.2816,59209722,24579.73,1835.15,4501146750,144249,76.0204,1450414.619,364018986.4,1.13E+12,468963590.3,35013343.63
福建省,2014,177999,22635.94175,37848603,12708.79,1326.42,2877265940,119013,76.0204,1720793.346,512385858.9,8.57E+11,287675430.2,30024765.86
江西省,2014,64042,14672.09404,45364959,10814.18,1201.26,3448662329,81271,76.0204,1115378.458,215270343.5,6.66E+11,158666665.9,17624999.69
山东省,2014,473333,55273.15658,97063913,49554.06,4400.09,7378837492,295243,76.0204,4201887.472,3055121838,5.37E+12,2739009318,243206863.5
河南省,2014,272723,32462.70707,95550225,19347.59,2374.67,7263766325,169502,76.0204,2467827.977,1053827350,3.10E+12,628075146.7,77088216.6
湖北省,2014,215111,25924.95037,58305159,21484.46,2077.64,4432381509,192893,76.0204,1970825.097,672103051.7,1.51E+12,556983559.2,53862713.89
湖南省,2014,191269,25356.46505,66670211,12612.43,1540.21,5068296108,161784,76.0204,1927608.616,642950319.8,1.69E+12,319806640.5,39054281.03
广东省,2014,1006140,63808.46178,110142802,50319.53,5398.07,8373099865,652251,76.0204,4850744.788,4071519795,7.03E+12,3210811807,344442543.3
广西壮族自治区,2014,52437,14741.70055,47461465,8771.25,1192.82,3608039554,125341,76.0204,1120669.972,217317735.1,7.00E+11,129303140.9,17584195.25
海南省,2014,40933,3248.502607,9078491,3522.24,303.06,690150517.2,28454,76.0204,246952.4676,10552769.19,29491501681,11442005.82,984491.2001
重庆市,2014,119952,13789.06345,28828592,11081.28,1231.44,2191561095,93517,76.0204,1048250.119,190138270.8,3.98E+11,152800473,16980404.29
四川省,2014,297689,26365.25907,80004189,20606.44,2216.56,6081950449,172892,76.0204,2004297.541,695126885.8,2.11E+12,543294129.1,58440178.64
贵州省,2014,51996,9214.098008,35335338,5576.61,723.76,2686206529,45013,76.0204,700459.4162,84899602.1,3.26E+11,51383431.09,6668795.574
云南省,2014,94818,11948.35994,46982793,10136.2,977.04,3571650717,78196,76.0204,908319.102,142763305.3,5.61E+11,121110966,11674025.6
西藏自治区,2014,9,895.3183138,3071815,609.83,126.34,233520605,10639,76.0204,68062.45634,801594.883,2750252226,545991.9673,113114.5158
陕西省,2014,137871,15888.02569,38334785,7237.02,967.56,2914225690,86823,76.0204,1207814.068,252429360.3,6.09E+11,114981959.7,15372618.14
甘肃省,2014,67275,5973.32149,26073383,5016.2,779.28,1982109005,39211,76.0204,454094.289,35680569.62,1.56E+11,29963375.26,4654889.971
青海省,2014,12868,2107.033905,5762762,1469.16,165.84,438087472.3,17700,76.0204,160177.5603,4439591.877,12142334920,3095569.932,349430.5028
宁夏回族自治区,2014,66828,2711.129964,6845693,1459.51,441.31,520412320.1,27114,76.0204,206101.1843,7350225.682,18559563417,3956921.294,1196448.764
新疆维吾尔自治区,2014,69538,8185.17052,22964901,5996.56,1118.4,1745800960,63843,76.0204,622239.937,66997016.44,1.88E+11,49082866.13,9154294.71
全国,2015,7462862,593588.8909,1354723951,539566.98,52102.31,99232815719,4666210,73.24947318,43480073.54,3.52E+11,8.04E+14,3.20E+11,30927352406
北京市,2015,1158152,19408.25531,20444390,15528.27,1401.01,1255105942,164231,61.39121501,1191496.375,376680374.2,3.97E+11,301376628.7,27191159.77
天津市,2015,91448,13142.33632,12144271,19542.98,885.43,914483668.2,93979,75.30165197,989639.6356,172721003.9,1.60E+11,256840415.9,11636618.85
河北省,2015,327909,25804.58396,75251403,16964.48,1944.42,5162301819,167057,68.6007385,1770213.516,665876553.3,1.94E+12,437761348.5,50174949.14
山西省,2015,90220,10716.43095,35679711,7860.08,1123.46,2267309584,72746,63.5461869,680988.324,114841892.3,3.82E+11,84232004.58,12039481.52
内蒙古自治区,2015,91681,14533.46849,24800262,12541.96,1225.21,1959279711,59052,79.00237953,1148178.594,211221706.3,3.60E+11,182278180.5,17806550.93
辽宁省,2015,414629,24061.69867,43608493,17074.28,2461.95,3336169580,243528,76.50274867,1840786.086,578965342.9,1.05E+12,410836180.4,59238699.04
吉林省,2015,124733,11745.3398,27481306,10318.84,1399.07,1882725014,86386,68.50929917,804664.9982,137953007,3.23E+11,121198282.1,16432552.55
黑龙江省,2015,132237,12784.42621,38200783,10345.46,1772.24,2833874374,122699,74.18367246,948395.6866,163441553.5,4.88E+11,132260770,22657071.51
上海市,2015,312808,20172.91164,23953897,16920.16,998.75,1610825822,230423,67.24692114,1356566.198,406946364,4.83E+11,341328892.6,20147695.5
江苏省,2015,473105,53256.28356,80824521,70047.64,4189.17,5851198065,412277,72.39384772,3855427.282,2836231739,4.30E+12,3730476979,223099625.4
浙江省,2015,480176,34251.7867,56474135,38203.28,2590.74,4198040030,269386,74.33562337,2546127.916,1173184892,1.93E+12,1308530598,88737473.88
安徽省,2015,168696,17917.56508,59001684,24398.87,1926.36,4402702550,150642,74.61994728,1337007.762,321039138.4,1.06E+12,437168341.1,34515680.67
福建省,2015,183036,21764.76323,37551984,13340.33,1413.54,2724040901,119392,72.5405321,1578827.506,473704918.5,8.17E+11,290349123.9,30765363.42
江西省,2015,76038,13575.62052,45149644,11982.75,1295.65,3600972755,88945,79.75639309,1082742.527,184297472.5,6.13E+11,162673266.8,17589252.73
山东省,2015,476823,54325.09877,96722645,52183.15,4609.32,6744397801,302131,69.72925318,3788048.566,2951216356,5.25E+12,2834854778,250401764.3
河南省,2015,287987,29181.40774,95113137,20466.75,2503.08,6154582897,194710,64.70802132,1888271.154,851554557.7,2.78E+12,597248576.9,73043398.09
湖北省,2015,213179,23804.02957,58028288,23041.72,2197,4223942529,203363,72.79109335,1732721.339,566631823.8,1.38E+12,548485784.2,52297452.97
湖南省,2015,175939,24109.33284,66411297,13198.99,1572.52,5326487204,165003,80.20453514,1933677.833,581259930,1.60E+12,318218843.1,37912408.08
广东省,2015,1215576,60594.89967,108778994,53587,5633.19,7870797184,671363,72.35585562,4384395.812,3671741866,6.59E+12,3247098889,341342582.9
广西壮族自治区,2015,75765,14169.84359,47094074,10588.43,1275.16,3590685252,130447,76.24494861,1080378.996,200784467.4,6.67E+11,150036397,18068817.75
海南省,2015,75124,3044.126419,8981630,3792.44,337.81,561170348.8,32054,62.47978917,190196.3769,9266705.655,27341217169,11544666.8,1028336.346
重庆市,2015,130235,12760.62527,28802882,12960.62,1329.45,2509530045,96951,87.12774108,1111804.455,162833557.3,3.68E+11,165385615.1,16964613.27
四川省,2015,204905,24544.2414,80009648,22486.37,2281.64,7036911313,186332,87.95078455,2158685.287,602419785.9,1.96E+12,551910893.5,56001122.95
贵州省,2015,52566,8649.291143,35126468,5895.15,789.06,2413623742,49075,68.71239494,594313.509,74810237.28,3.04E+11,50988868.68,6824809.669
云南省,2015,93074,10978.45265,46704344,11477.39,1060.14,3176034737,85425,68.00298355,746567.535,120526422.6,5.13E+11,126003982.7,11638696.79
西藏自治区,2015,973,824.1851186,3053106,1422.03,144.52,357926074.8,12991,117.2334255,96622.0447,679281.1097,2516324531,1172015.964,119111.2333
陕西省,2015,140737,15222.81414,38177111,8026.15,1073.36,2487851508,96977,65.16604957,992010.6608,231734070.3,5.81E+11,122180589.7,16339559.79
甘肃省,2015,82618,5773.060196,25933057,5557.55,834.39,1949358675,41331,75.16887328,433954.4303,33328224.03,1.50E+11,32084070.69,4816983.697
青海省,2015,12389,1981.295294,5720528,1667.78,194.26,342886258.5,18579,59.93961719,118758.0815,3925531.042,11334055206,3304364.665,384886.4238
宁夏回族自治区,2015,25478,2557.884437,6788776,1607.85,455.05,450300346,27751,66.33012284,169664.7889,6542772.793,17364904477,4112694.492,1163965.313
新疆维吾尔自治区,2015,74626,7861.38219,22701117,6538.23,1185.36,2025826009,70984,89.23904533,701542.2416,61801329.94,1.78E+11,51399524.88,9318567.993
全国,2016,7997232,670983.1584,1369518418,576616.51,54331.47,1.00E+11,4803049,73.26086777,49156808.44,4.50E+11,9.19E+14,3.87E+11,36455501341
北京市,2016,1096222,20717.15266,20908880,16901.28,1419.66,1182102674,169540,56.53591554,1171263.193,429200414.3,4.33E+11,350146397.9,29411312.95
天津市,2016,106319,14378.06506,12355175,20951.35,1007.91,950702694.8,99693,76.94773201,1106359.497,206728754.9,1.78E+11,301239873.4,14491795.55
河北省,2016,330330,27703.93452,76256781,17954.48,2056.45,5321573201,171190,69.7849179,1933316.796,767507987.9,2.11E+12,497409738.3,56971756.14
山西省,2016,94998,11442.71648,36029569,8169.32,1157.63,2318925821,74553,64.36174192,736473.1649,130935760.4,4.12E+11,93479212.59,13246431.88
内蒙古自治区,2016,250875,16418.42973,25027093,12971.14,1241.59,2035121997,63261,81.31675528,1335093.432,269564834.8,4.11E+11,212965750.6,20384958.17
辽宁省,2016,412407,26006.56599,43561684,18274.63,2798.2,3374476375,256798,77.46432335,2014581.037,676341474.6,1.13E+12,475260371,72771572.95
吉林省,2016,88429,12786.27169,27496535,8445.35,1425.83,1995571936,86821,72.57539672,927968.7405,163488743.7,3.52E+11,107984539.6,18231049.76
黑龙江省,2016,142477,13539.99339,38164696,10722.39,1810.17,2925300899,121854,76.64939606,1037832.316,183331421,5.17E+11,145181089.7,24509689.83
上海市,2016,319609,23936.15457,24444640,19508.08,998.75,1670654538,236248,68.34441163,1635902.401,572939495.6,5.85E+11,466948418.2,23906234.38
江苏省,2016,474172,71007.18002,81588077,72822.82,4299.26,5790997548,427570,70.97847824,5039981.582,5042019614,5.79E+12,5170943089,305278328.8
浙江省,2016,600870,41383.14381,57453446,40549.5,2673.33,4412173024,277096,76.7956203,3178044.199,1712564592,2.38E+12,1678065790,110630799.8
安徽省,2016,165637,20043.97092,59433470,26387.84,2001.68,4462639824,159297,75.08630783,1505027.771,401760770.2,1.19E+12,528917097.6,40121615.71
福建省,2016,132092,23195.69486,38149855,14329.31,1469.16,2846566328,122965,74.6153905,1730755.83,538040260,8.85E+11,332378302.3,34078187.06
江西省,2016,79109,15663.7972,45592180,13326.45,1370.95,3571075652,88768,78.32649486,1226890.331,245354542.7,7.14E+11,208742810.2,21474282.77
山东省,2016,544812,55608.89357,97417949,56795.65,4795.47,6839782752,320102,70.21070369,3904339.549,3092349044,5.42E+12,3158343256,266670780.8
河南省,2016,278330,35985.57538,96016784,21376.47,2544.27,6223453022,185413,64.8163036,2332451.979,1294961635,3.46E+12,769244572.5,91557019.87
湖北省,2016,166294,27898.66042,58588552,23922.02,2248.94,4092198745,209620,69.84638817,1948620.665,778335253.2,1.63E+12,667392312.5,62742413.36
湖南省,2016,214147,26258.62137,66937836,13845.74,1625.64,5270824961,175059,78.74208783,2067658.67,689515196.3,1.76E+12,363570044.2,42687065.24
广东省,2016,1431333,66481.78263,111556881,56323.15,5808.12,8150485647,689202,73.06125425,4857242.424,4419827422,7.42E+12,3744463415,386134171.3
广西壮族自治区,2016,91891,15077.71887,47849787,11479.86,1333.8,3554924483,136471,74.29342335,1120175.351,227337606.3,7.21E+11,173090101.7,20110661.43
海南省,2016,72420,3423.108111,9179035,4191.77,320.98,583681083.4,32641,63.58850178,217670.3162,11717669.14,31420829160,14348881.89,1098749.241
重庆市,2016,145009,14668.15771,28860594,15553.47,1350.66,2547590639,104129,88.2722871,1294791.829,215154850.6,4.23E+11,228140750.9,19811693.89
四川省,2016,223933,28054.79861,80014992,26485.55,2615.59,6900665023,199603,86.24215101,2419506.178,787071725,2.24E+12,743046771.3,73379850.7
贵州省,2016,63280,9608.824165,35575707,6060.29,844.56,2360029234,54056,66.33822439,637432.3336,92329501.83,3.42E+11,58232261,8115228.537
云南省,2016,106770,12839.90321,47281268,13132.57,1131.34,3262645910,88280,69.00504254,886018.0672,164863114.4,6.07E+11,168620927.7,14526296.1
西藏自治区,2016,914,956.3240831,3091616,1422.03,145.18,381321586.5,9047,123.3405399,117953.5287,914555.7519,2956586836,1359921.536,138839.1304
陕西省,2016,141010,16296.94065,38499626,8677.98,1127.35,2488810196,92129,64.64504866,1053516.521,265590274.5,6.27E+11,141424525,18372356.04
甘肃省,2016,94675,6093.61562,26224793,5802.32,870.42,1949508076,34688,74.33835897,452989.3854,37132151.32,1.60E+11,35357107.78,5304004.908
青海省,2016,13112,2207.270024,5807383,1743.53,197.41,366268914.4,18484,63.06952967,139211.4823,4872040.959,12818462414,3848441.505,435737.1754
宁夏回族自治区,2016,31155,2834.019041,6905683,1626.37,441.8,439325674.9,28009,63.61799042,180294.5962,8031663.925,19570837113,4609163.548,1252069.612
新疆维吾尔自治区,2016,84601,8387.473476,23237248,6863.8,1199.37,1994235917,70462,85.82065815,719818.4939,70349711.31,1.95E+11,57569940.44,10059684.06
全国,2017,10530970,694831.7831,1377071232,630303.6,56225.38,99789083708,4923895,72.46472179,50350791.85,4.83E+11,9.57E+14,4.38E+11,39067181041
北京市,2017,1379965,20756.6887,21139884,16794.48,1445.54,1103975725,177677,52.22241167,1083964.342,430840125.8,4.39E+11,348597793.2,30004623.78
天津市,2017,110247,14560.50623,12459075,21240.17,1087.57,928790869.4,99719,74.54733753,1085446.973,212008341.7,1.81E+11,309267627.6,15835569.76
河北省,2017,376190,28199.72733,76712276,18332.24,2120.2,5140676768,165919,67.01243968,1889732.527,795224621.5,2.16E+12,516964169.3,59789061.89
山西省,2017,160781,11518.6435,36217347,7645.32,1178.32,2373444161,73861,65.53335232,754855.3227,132679148.1,4.17E+11,88063715.52,13572648.01
内蒙古自治区,2017,225577,17068.41732,25136818,12923.39,1269.16,1967376103,65960,78.26671234,1335888.908,291330869.8,4.29E+11,220581813.7,21662552.53
辽宁省,2017,1084649,26305.6428,43529765,20371.87,2643.8,3266835678,255291,75.04831874,1974194.266,691986843.1,1.15E+12,535895135.4,69546858.43
吉林省,2017,124160,12922.90019,27495070,10932.25,1452.15,2073773438,105963,75.42346456,974689.9045,167001349.3,3.55E+11,141276375.6,18765989.51
黑龙江省,2017,140834,13580.50366,38134655,11990.36,1819.7,2951848200,111139,77.40592383,1051211.432,184430079.7,5.18E+11,162835127.9,24712442.51
上海市,2017,339850,25383.5449,24684997,19765.68,998.75,1605383957,229526,65.03480464,1650813.884,644324351.7,6.27E+11,501723025.8,25351815.47
江苏省,2017,756700,79421.63176,81965335,76885.65,4426.51,5791884432,427700,70.66260916,5612139.724,6307795591,6.51E+12,6106383782,351560647.2
浙江省,2017,793660,44234.86159,57945423,45674.17,2829.27,4462359438,303802,77.00969648,3406513.265,1956722980,2.56E+12,2020390588,125152366.9
安徽省,2017,176636,20548.07185,59660747,29108.05,2039.3,4423289237,153008,74.14069483,1523448.324,422223256.8,1.23E+12,598114302.8,41903682.92
福建省,2017,158830,23230.01224,38448540,15334.87,1516.88,2758090664,123006,71.73460069,1666395.652,539633468.7,8.93E+11,356229217.8,35237140.97
江西省,2017,85659,16309.93598,45823289,15468.82,1454.1,3527533311,91989,76.98123352,1255558.99,266014011.7,7.47E+11,252295463.9,23716277.91
山东省,2017,665234,55040.87811,97769364,60278.23,4971.47,6724112417,327755,68.77524964,3785450.132,3029498263,5.38E+12,3317766710,273634074.3
河南省,2017,354826,39087.05132,96494244,23623.91,2685.29,6266112424,191080,64.93768089,2538222.466,1527797581,3.77E+12,923388982.5,104960068
湖北省,2017,340305,29297.4094,58865855,25857.11,2340.79,3943604579,221887,66.99307398,1962723.515,858338197.6,1.72E+12,757546337.6,68579082.95
湖南省,2017,468273,26519.84488,67202299,16478.83,1709.35,5424278803,189141,80.71567318,2140567.132,703302172.5,1.78E+12,437016015.4,45331696.85
广东省,2017,1505670,67742.71764,112996584,70241.59,5911.05,8249598991,712678,73.00750783,4945726.989,4589075793,7.65E+12,4758356198,400430591.1
广西壮族自治区,2017,117531,15022.05016,48249517,12304.71,1413.65,3545847803,135948,73.48980929,1103967.601,225661991,7.25E+11,184841970.8,21235921.21
海南省,2017,109273,3523.501456,9281246,4399.03,323.82,578638362.8,31260,62.34490097,219672.3493,12415062.51,32702483794,15499988.61,1140980.241
重庆市,2017,155649,15192.55248,28894739,17335.08,1423.09,2589760777,112096,89.62741546,1361669.213,230813650.9,4.39E+11,263364112.6,21620369.51
四川省,2017,296731,29235.18193,80030642,28501.95,2832.25,7112805092,213866,88.87602191,2598306.67,854695862.5,2.34E+12,833259693.6,82801344.02
贵州省,2017,81433,9730.334665,35840386,7194.48,986.35,2253087162,58609,62.86447813,611692.4107,94679412.69,3.49E+11,70004698.14,9597515.597
云南省,2017,109950,13459.49127,47590935,13616.34,1142.13,3125173833,90431,65.66741823,883850.0424,181157905.2,6.41E+11,183269009.4,15372488.76
西藏自治区,2017,4035,992.9490865,3111955,651.42,147.56,379524385.8,8648,121.9569003,121096.9927,985947.8884,3090012874,646826.8939,146519.5672
陕西省,2017,121987,16273.01465,38664337,9703.64,1287.05,2570376432,97919,66.47925793,1081817.938,264811005.8,6.29E+11,157907475.9,20944183.51
甘肃省,2017,116224,6074.761133,26381339,6427.96,868.71,1888017934,38959,71.56641799,434748.8944,36902722.82,1.60E+11,39048321.57,5277205.744
青海省,2017,14466,2252.361439,5853227,1907.22,199.87,353073692.9,16496,60.3212028,135865.1511,5073132.052,13183582789,4295748.784,450179.4808
宁夏回族自治区,2017,51550,2888.260683,6967378,1904.23,458.12,409389614.7,24691,58.75806002,169708.5946,8342049.773,20123603941,5499912.64,1323169.984
新疆维吾尔自治区,2017,104095,8378.469256,23513237,7410.55,1243.58,1920755567,67871,81.68826635,684422.6282,70198747.07,1.97E+11,62089065.35,10419296.8
