,YEAR,SSP,cator,GDP,POP,CCF,人均CCF,BA,LDP,UR,FCE_P,FCE,SLUDGE_PRED,Landfill_2015,Incineration_2015,Land_application_2015,Building_material_2015,Landfill_percent_2015,Incineration_percent_2015,Land_application_percent_2015,Building_material_percent_2015,Landfill_percent_2030,Incineration_percent_2030,Land_application_percent_2030,Building_material_percent_2030,other,Landfill_percent_new,Incineration_percent_new,Land_application_percent_new,Building_material_percent_new,Landfill_2015_standard_future,Incineration_2015_standard_future,Land_application_2015_standard_future,Building_material_2015_standard_future,Landfill_2015_standard_future_GHG_Before_AD,Incineration_2015_standard_future_GHG_Before_AD,Land_application_2015_standard_future_GHG_Before_AD,Building_material_2015_standard_future_GHG_Before_AD,Landfill_2015_standard_future_GHG_After_AD,Incineration_2015_standard_future_GHG_After_AD,Land_application_2015_standard_future_GHG_After_AD,Building_material_2015_standard_future_GHG_After_AD,Sum_2015_standard_future_GHG_Before_AD,Sum_2015_standard_future_GHG_After_AD,PGER_2015_standard_future,Landfill_new_standard_future,Incineration_new_standard_future,Land_application_new_standard_future,Building_material_new_standard_future,Landfill_new_standard_future_GHG_Before_AD,Incineration_new_standard_future_GHG_Before_AD,Land_application_new_standard_future_GHG_Before_AD,Building_material_new_standard_future_GHG_Before_AD,Landfill_new_standard_future_GHG_After_AD,Incineration_new_standard_future_GHG_After_AD,Land_application_new_standard_future_GHG_After_AD,Building_material_new_standard_future_GHG_After_AD,Sum_new_standard_future_GHG_Before_AD,Sum_new_standard_future_GHG_After_AD,PGER_new_standard_future,Unnamed: 0,SSP1_2060,SSP2_2060,SSP3_2060,SSP4_2060,SSP5_2060,SLUDGE_2017,PSSP1_2060,PSSP2_2060,PSSP3_2060,PSSP4_2060,PSSP5_2060
0,2025,SSP1,6,1133259.341745,1323046195,28974711670.8,1800,65212.4194386,859852.7064499999,1942.0569307,260289.91003199999,76782.875591,17214.140517350002,2585.1,1340.9999999999998,1124.4,829.7,16.639259620379796,3.5220197368282995,6.551019776618424,3.2877008661734797,2.9999999999999996,5.999999999999999,16.5,4.499999999999999,1.4999999999999998,1.4999999999999998,1.4999999999999998,21.0,5.999999999999999,8409.68335298157,2795.855145068881,3393.2460535356877,2615.3559657638607,16.752089239139288,16.355752598652952,1.7271622412496646,15.273678840060944,4.7767001444935335,11.183420580275525,1.1910293647910264,2.202129723173171,50.10868291910286,19.35327981273326,-30.7554031063696,860.7070258675,860.7070258675,12049.898362144999,3442.82810347,1.7145283955280601,5.035136101324875,6.133398266331805,20.106116124264798,0.48888159069274,3.44282810347,4.229514325112895,2.89886126312174,32.98917888744954,11.060085282397376,-21.929093605052163,435,20560004.70465,21556690.802,24190318.2469,23129374.864749998,25254843.99915,10062697,113.65160466500001,120.023133675,139.244151789,129.80787142600002,137.007666751
1,2025,SSP2,6,1103714.987609,1349025292,34467596210.6,2100,67841.9672779,882928.885873,1964.42856145,266568.638163,81120.6237099,17102.91055325,2585.1,1340.9999999999998,1124.4,829.7,16.639259620379796,3.5220197368282995,6.551019776618424,3.2877008661734797,2.9999999999999996,5.999999999999999,16.5,4.499999999999999,1.4999999999999998,1.4999999999999998,1.4999999999999998,21.0,5.999999999999999,8367.352626467891,2805.449509832121,3294.242333160483,2635.866083789505,16.667766431924036,16.41187963251791,1.6767693475786856,15.393457929330708,4.7526562918337625,11.221798039328483,1.1562790589393295,2.219399242550763,50.149873341351345,19.35013263265234,-30.799740708699,855.1455276625002,855.1455276625002,11972.037387275,3420.5821106500007,1.7034498911037,5.0026013368256255,6.093767030122975,19.976199526196,0.4857226597123001,3.4205821106500003,4.202185122933525,2.8801301371673,32.776017784248296,10.988620030463126,-21.787397753785175,435,20560004.70465,21556690.802,24190318.2469,23129374.864749998,25254843.99915,10062697,113.65160466500001,120.023133675,139.244151789,129.80787142600002,137.007666751
2,2025,SSP3,6,1100747.255264,1323826544,43487701970.4,2700,70678.2407409,951128.8174709999,2017.57812131,290109.565085,89701.05066570001,17280.521112100003,2585.1,1340.9999999999998,1124.4,829.7,16.639259620379796,3.5220197368282995,6.551019776618424,3.2877008661734797,2.9999999999999996,5.999999999999999,16.5,4.499999999999999,1.4999999999999998,1.4999999999999998,1.4999999999999998,21.0,5.999999999999999,8329.17279551154,2936.993063384308,3309.1205029670755,2705.234750237076,16.59171220865899,17.1814094207982,1.6843423360102414,15.798570941384526,4.730970147850556,11.747972253537231,1.1615012965414435,2.277807659699618,51.25603490685196,19.918251357628847,-31.337783549223108,864.0260556050001,864.0260556050001,12096.364778469999,3456.1042224200005,1.72113990276516,5.054552425289251,6.15704967224123,20.1836486589328,0.49076679958364,3.4561042224200005,4.245824037242969,2.9100397552776402,33.11639065922844,11.10273481452425,-22.013655844704193,435,20560004.70465,21556690.802,24190318.2469,23129374.864749998,25254843.99915,10062697,113.65160466500001,120.023133675,139.244151789,129.80787142600002,137.007666751
3,2025,SSP4,6,1125381.652947,1319085308,38517290993.4,2400,68966.449234,907470.477978,1989.92911087,280810.729046,84985.9575116,17372.362195250003,2585.1,1340.9999999999998,1124.4,829.7,16.639259620379796,3.5220197368282995,6.551019776618424,3.2877008661734797,2.9999999999999996,5.999999999999999,16.5,4.499999999999999,1.4999999999999998,1.4999999999999998,1.4999999999999998,21.0,5.999999999999999,8486.31500853848,2855.749342115566,3360.655636630743,2669.642207965211,16.904739497008656,16.70613365137606,1.7105737190450483,15.590710494516834,4.820226924849857,11.422997368462262,1.179590128457391,2.2478387391067076,50.9121573619466,19.67065316087622,-31.241504201070377,868.6181097625,868.6181097625,12160.653536675,3474.47243905,1.7302872746469,5.081415942110626,6.1897726501675745,20.290919044052,0.4933750863451001,3.4744724390500004,4.268389391372925,2.9255057936801,33.292394910977094,11.161742710448127,-22.130652200528978,435,20560004.70465,21556690.802,24190318.2469,23129374.864749998,25254843.99915,10062697,113.65160466500001,120.023133675,139.244151789,129.80787142600002,137.007666751
4,2025,SSP5,6,1068380.944858,1370006338,50005231340.5,3000,72176.6502952,978506.8692160001,2049.451831,300935.28502,97237.1686558,17040.2646668,2585.1,1340.9999999999998,1124.4,829.7,16.639259620379796,3.5220197368282995,6.551019776618424,3.2877008661734797,2.9999999999999996,5.999999999999999,16.5,4.499999999999999,1.4999999999999998,1.4999999999999998,1.4999999999999998,21.0,5.999999999999999,8203.429828749995,2913.144045366277,3356.8026865725788,2566.8881061111483,16.341232218869994,17.041892665392723,1.7086125674654424,14.990626539689107,4.659548142729998,11.652576181465108,1.1782377429869748,2.161319785345587,50.08236399141727,19.651681852527666,-30.4306821388896,852.01323334,852.01323334,11928.18526676,3408.05293336,1.6972103608132802,4.984277415039,6.07144630078084,19.9030291308224,0.4839435165371201,3.40805293336,4.18679302863276,2.86958056988912,32.65596320745552,10.948370048419,-21.70759315903652,435,20560004.70465,21556690.802,24190318.2469,23129374.864749998,25254843.99915,10062697,113.65160466500001,120.023133675,139.244151789,129.80787142600002,137.007666751
5,2030,SSP1,6,1413810.883144,1322687571,28966857805.8,1800,69306.2788862,947901.333064,1970.3105961400001,266734.211721,80217.9720468,18208.47777225,2585.1,1340.9999999999998,1124.4,829.7,16.639259620379796,3.5220197368282995,6.551019776618424,3.2877008661734797,2.9999999999999996,5.999999999999999,16.5,4.499999999999999,1.4999999999999998,1.4999999999999998,1.4999999999999998,21.0,5.999999999999999,8977.956748665802,2929.8118097926363,3578.4342789939005,2722.2749347976633,17.884089843342277,17.139399087286925,1.8214230480078952,15.898085619218353,5.099479433242175,11.719247239170546,1.256030431926859,2.2921554950996326,52.74299759785545,20.366912599439214,-32.37608499841623,910.4238886125,910.4238886125,12745.934440575,3641.69555445,1.8135643861161002,5.3259797483831255,6.487680630252674,21.267502037988002,0.5171207687319,3.6416955544500005,4.4738229886418255,3.0663076568469005,34.8947268027399,11.698946968670626,-23.195779834069274,435,20560004.70465,21556690.802,24190318.2469,23129374.864749998,25254843.99915,10062697,113.65160466500001,120.023133675,139.244151789,129.80787142600002,137.007666751
6,2030,SSP2,6,1358636.34971,1355482777,34632584953.05,2100,73861.9794854,988402.1158970001,1999.93683788,274792.934757,85989.89127950002,18568.9773351,2585.1,1340.9999999999998,1124.4,829.7,16.639259620379796,3.5220197368282995,6.551019776618424,3.2877008661734797,2.9999999999999996,5.999999999999999,16.5,4.499999999999999,1.4999999999999998,1.4999999999999998,1.4999999999999998,21.0,5.999999999999999,9177.846440761707,2982.2208192708863,3636.0543953043066,2772.8556797631018,18.28227010999732,17.445991792734684,1.850751687209892,16.193477169816514,5.213016778352649,11.928883277083546,1.2762550927518113,2.3347444823605326,53.77249075975841,20.752899630548537,-33.01959112920987,928.4488667549999,928.4488667549999,12998.28413457,3713.7954670199997,1.84947014257596,5.431425870516749,6.61612662449613,21.6885655273968,0.52735895631684,3.7137954670200006,4.5623977312340696,3.12701578323084,35.58558816498564,11.930567937801749,-23.65502022718389,435,20560004.70465,21556690.802,24190318.2469,23129374.864749998,25254843.99915,10062697,113.65160466500001,120.023133675,139.244151789,129.80787142600002,137.007666751
7,2030,SSP3,6,1389413.7602630001,1324313536,43503699658.6,2700,79198.6408369,1118032.167867,2073.7446411299998,307576.947341,98894.8683155,19269.5123493,2585.1,1340.9999999999998,1124.4,829.7,16.639259620379796,3.5220197368282995,6.551019776618424,3.2877008661734797,2.9999999999999996,5.999999999999999,16.5,4.499999999999999,1.4999999999999998,1.4999999999999998,1.4999999999999998,21.0,5.999999999999999,9410.57088954034,3195.912248350802,3761.3384661169002,2901.6907452919572,18.74585721196436,18.69608665285219,1.9145212792535027,16.94587395250503,5.345204265258914,12.783648993403208,1.3202298016070322,2.443223607535828,56.30233909657508,21.892306667804984,-34.410032428770094,963.4756174650001,963.4756174650001,13488.658644510002,3853.9024698600006,1.9192434299902803,5.63633236217025,6.865727250055589,22.5067904239824,0.54725415072012,3.8539024698599995,4.734519184223009,3.24498587962212,36.928093466198526,12.38066168442525,-24.54743178177327,435,20560004.70465,21556690.802,24190318.2469,23129374.864749998,25254843.99915,10062697,113.65160466500001,120.023133675,139.244151789,129.80787142600002,137.007666751
8,2030,SSP4,6,1385334.9016769999,1313453020,38352828184.2,2400,75926.5810909,1032704.247734,2034.6051490700002,294198.835912,91308.2590983,18901.45629565,2585.1,1340.9999999999998,1124.4,829.7,16.639259620379796,3.5220197368282995,6.551019776618424,3.2877008661734797,2.9999999999999996,5.999999999999999,16.5,4.499999999999999,1.4999999999999998,1.4999999999999998,1.4999999999999998,21.0,5.999999999999999,9355.88183728615,3067.2748378543633,3672.6857150750157,2805.613905434473,18.636916619874004,17.943557801448033,1.8693970289731834,16.384785207737323,5.314140883578531,12.269099351417454,1.2891126859913307,2.3623269083758265,54.83465665803254,21.234679829363145,-33.5999768286694,945.0728147825,945.0728147825,13231.019406955002,3780.29125913,1.8825850470467402,5.528675966477626,6.734588878140095,22.0769009533192,0.53680135879646,3.7802912591299997,4.644087811841205,3.18300524018746,36.22275084498366,12.144185669955124,-24.078565175028537,435,20560004.70465,21556690.802,24190318.2469,23129374.864749998,25254843.99915,10062697,113.65160466500001,120.023133675,139.244151789,129.80787142600002,137.007666751
9,2030,SSP5,6,1276203.7648969998,1381404736,50421272869.5,3000,82320.0139011,1176443.048901,2120.8218482,323983.326206,109847.9442448,19521.53176015,2585.1,1340.9999999999998,1124.4,829.7,16.639259620379796,3.5220197368282995,6.551019776618424,3.2877008661734797,2.9999999999999996,5.999999999999999,16.5,4.499999999999999,1.4999999999999998,1.4999999999999998,1.4999999999999998,21.0,5.999999999999999,9583.701460016317,3229.0050769395657,3865.994455425619,2842.8307677685016,19.0907333083525,18.88967970009646,1.9677911778116397,16.602131683768047,5.443542429289266,12.916020307758263,1.3569640538543921,2.3936635064610785,56.55033587002864,22.110190297363,-34.44014557266564,976.0765880075,976.0765880075,13665.072232105002,3904.30635203,1.9443445633109402,5.710048039843875,6.9555217661414455,22.8011490958552,0.5544115019882601,3.90430635203,4.796440353468855,3.2874259484092603,37.411063465151464,12.542584155896375,-24.868479309255086,435,20560004.70465,21556690.802,24190318.2469,23129374.864749998,25254843.99915,10062697,113.65160466500001,120.023133675,139.244151789,129.80787142600002,137.007666751
10,2035,SSP1,6,1689701.069617,1317460202,28852378423.799995,1800,71874.919157,997856.793354,1986.51795936,269832.14550000004,81860.34794980001,18823.40943885,2585.1,1340.9999999999998,1124.4,829.7,16.639259620379796,3.5220197368282995,6.551019776618424,3.2877008661734797,2.9999999999999996,5.999999999999999,16.5,4.499999999999999,1.4999999999999998,1.4999999999999998,1.4999999999999998,21.0,5.999999999999999,9323.772279393925,2972.5442738064544,3765.2039093567296,2761.8889762928916,18.572954380552698,17.38938400176776,1.9164887898625755,16.129431621550488,5.295902654695749,11.890177095225818,1.3215865721842122,2.325510518038615,54.00825879373352,20.833176840144393,-33.17508195358913,941.1704719425002,941.1704719425002,13176.386607194998,3764.6818877700007,1.8748115801094603,5.505847260863625,6.7067807830622534,21.985742224576803,0.5345848280633401,3.7646818877700006,4.624911699125445,3.1698621495023405,36.073181848612144,12.094040564461126,-23.979141284151016,435,20560004.70465,21556690.802,24190318.2469,23129374.864749998,25254843.99915,10062697,113.65160466500001,120.023133675,139.244151789,129.80787142600002,137.007666751
11,2035,SSP2,6,1604287.918547,1356524022,34659188762.4,2100,78192.4984275,1052529.438635,2021.5003698100002,278993.303479,88686.5445588,19599.20111985,2585.1,1340.9999999999998,1124.4,829.7,16.639259620379796,3.5220197368282995,6.551019776618424,3.2877008661734797,2.9999999999999996,5.999999999999999,16.5,4.499999999999999,1.4999999999999998,1.4999999999999998,1.4999999999999998,21.0,5.999999999999999,9733.64450450237,3089.3848353854446,3890.4731825244025,2885.698597437783,19.38941985296872,18.07290128700485,1.9802508499049212,16.85247980903665,5.528710078557347,12.357539341541779,1.3655560870660652,2.429758219042613,56.29505179891515,21.681563726207802,-34.61348807270735,979.9600559925001,979.9600559925001,13719.440783895,3919.8402239700004,1.9520804315370601,5.732766327556126,6.983195359002555,22.8918669079848,0.55661731180374,3.9198402239699996,4.815523715147144,3.30050546858274,37.55990902608053,12.592486719503626,-24.967422306576914,435,20560004.70465,21556690.802,24190318.2469,23129374.864749998,25254843.99915,10062697,113.65160466500001,120.023133675,139.244151789,129.80787142600002,137.007666751
12,2035,SSP3,6,1693733.108366,1319974963,43361177535.00001,2700,86120.04638500001,1238123.755659,2111.93351023,318545.21587,105014.9422359,21131.42133325,2585.1,1340.9999999999998,1124.4,829.7,16.639259620379796,3.5220197368282995,6.551019776618424,3.2877008661734797,2.9999999999999996,5.999999999999999,16.5,4.499999999999999,1.4999999999999998,1.4999999999999998,1.4999999999999998,21.0,5.999999999999999,10534.363249230577,3308.3892975616213,4232.403650982537,3056.265135475265,20.98445159246731,19.354077390735487,2.1542934583501117,17.848588391175554,5.983518325562967,13.233557190246483,1.4855736814948703,2.573375244070174,60.34141083272845,23.276024441374496,-37.06538639135396,1056.5710666625,1056.5710666625,14791.994933275,4226.28426665,2.1046895647917006,6.180940739975625,7.529125421036974,24.681500117236002,0.6001323658643,4.2262842666500005,5.191990221579524,3.5585313525193008,40.4962558430403,13.576938206613125,-26.919317636427177,435,20560004.70465,21556690.802,24190318.2469,23129374.864749998,25254843.99915,10062697,113.65160466500001,120.023133675,139.244151789,129.80787142600002,137.007666751
13,2035,SSP4,6,1626120.8868150003,1301928454,38016310856.200005,2400,81188.1590662,1113415.81703,2063.2574950499998,302008.64003199997,94779.71400010001,19997.7433355,2585.1,1340.9999999999998,1124.4,829.7,16.639259620379796,3.5220197368282995,6.551019776618424,3.2877008661734797,2.9999999999999996,5.999999999999999,16.5,4.499999999999999,1.4999999999999998,1.4999999999999998,1.4999999999999998,21.0,5.999999999999999,9960.767165184228,3172.813861427795,3924.4693360657448,2939.6929728222312,19.841848193046985,18.560961089352606,1.997554892057464,17.16780696128183,5.657715749824643,12.691255445711182,1.377488736959076,2.4752214831163184,57.56817113573888,22.201681415611223,-35.36648972012766,999.887166775,999.887166775,13998.42033485,3999.5486671,1.9917752362158003,5.84933992563375,7.125195950438649,23.357364215864003,0.5679359107282,3.9995486671000005,4.91344553753235,3.3676199776982,38.3236753281522,12.848550093058751,-25.475125235093454,435,20560004.70465,21556690.802,24190318.2469,23129374.864749998,25254843.99915,10062697,113.65160466500001,120.023133675,139.244151789,129.80787142600002,137.007666751
14,2035,SSP5,6,1459924.750982,1391190623,50778457744.0,3000,91132.13676010001,1329670.7918659998,2172.62768782,339688.462749,119293.93147139999,21520.07483075,2585.1,1340.9999999999998,1124.4,829.7,16.639259620379796,3.5220197368282995,6.551019776618424,3.2877008661734797,2.9999999999999996,5.999999999999999,16.5,4.499999999999999,1.4999999999999998,1.4999999999999998,1.4999999999999998,21.0,5.999999999999999,10694.793764432148,3375.373713415092,4328.394734321748,3121.5126185810136,21.304029178748834,19.74593622347829,2.2031529197697703,18.229633692513122,6.0746428581974605,13.501494853660368,1.5192665517469335,2.6283136248452132,61.48275201451002,23.723717888449976,-37.75903412606004,1076.0037415375,1076.0037415375,15064.052381524998,4304.01496615,2.1433994531427003,6.294621887994376,7.6676026621962245,25.135447402316004,0.6111701251932999,4.3040149661500005,5.2874823859152755,3.6239806014983005,41.2410714056493,13.826648078756877,-27.41442332689243,435,20560004.70465,21556690.802,24190318.2469,23129374.864749998,25254843.99915,10062697,113.65160466500001,120.023133675,139.244151789,129.80787142600002,137.007666751
15,2040,SSP1,6,1937657.1638399998,1308788920,28662477346.6,1800,73430.7350287,1024222.141879,1995.78295204,271303.32897699997,82449.0192749,19550.849243700002,2585.1,1340.9999999999998,1124.4,829.7,16.639259620379796,3.5220197368282995,6.551019776618424,3.2877008661734797,2.9999999999999996,5.999999999999999,16.5,4.499999999999999,1.4999999999999998,1.4999999999999998,1.4999999999999998,21.0,5.999999999999999,9889.433238314385,2997.29941532623,3888.046520458788,2776.070069600598,19.699751010722252,17.534201579658447,1.9790156789135231,16.212249206467494,5.61719807936257,11.989197661304921,1.3647043286810345,2.3374509986037033,55.425217475761706,21.308551067952227,-34.11666640780948,977.542462185,977.542462185,13685.594470589998,3910.16984874,1.94726458467252,5.718623403782249,6.965967585530309,22.835391916641605,0.5552441185210801,3.9101698487400007,4.80364365917709,3.29236301263908,37.46724749062669,12.561420639077248,-24.90582685154943,435,20560004.70465,21556690.802,24190318.2469,23129374.864749998,25254843.99915,10062697,113.65160466500001,120.023133675,139.244151789,129.80787142600002,137.007666751
16,2040,SSP2,6,1817911.730393,1355322319,34628485251.0,2100,81177.8975664,1088708.91636,2034.5215537800002,281104.57922,90154.9036244,20300.15064345,2585.1,1340.9999999999998,1124.4,829.7,16.639259620379796,3.5220197368282995,6.551019776618424,3.2877008661734797,2.9999999999999996,5.999999999999999,16.5,4.499999999999999,1.4999999999999998,1.4999999999999998,1.4999999999999998,21.0,5.999999999999999,10216.38676474311,3125.775567517273,4033.751697373422,2924.2366138161938,20.35104243536828,18.285787069976045,2.053179613963072,17.07754182468657,5.802907682374088,12.50310227006909,1.415846845778071,2.462207228833235,57.76755094399396,22.184064027054486,-35.58348691693948,1015.0075321725001,1015.0075321725001,14210.105450414998,4060.0301286900003,2.0218950040876202,5.937794063209125,7.232943674261234,23.710575951549604,0.57652427827398,4.06003012869,4.987747013095664,3.4185453683569804,38.90320869310758,13.042846788416625,-25.860361904690954,435,20560004.70465,21556690.802,24190318.2469,23129374.864749998,25254843.99915,10062697,113.65160466500001,120.023133675,139.244151789,129.80787142600002,137.007666751
17,2040,SSP3,6,1990316.537944,1312202693,43105858466.2,2700,91471.6337838,1316487.3117749998,2137.54845637,325230.331969,108810.43376890001,22229.1337297,2585.1,1340.9999999999998,1124.4,829.7,16.639259620379796,3.5220197368282995,6.551019776618424,3.2877008661734797,2.9999999999999996,5.999999999999999,16.5,4.499999999999999,1.4999999999999998,1.4999999999999998,1.4999999999999998,21.0,5.999999999999999,11277.990127801455,3381.465825719578,4436.303904168686,3133.373872010282,22.465756334580497,19.781575080459533,2.258078687221861,18.298903412540046,6.405898392591226,13.525863302878314,1.5571426703632085,2.6383008002326576,62.80431351480193,24.1272051660654,-38.67710834873653,1111.456686485,1111.456686485,15560.39361079,4445.82674594,2.21402171947812,6.502021615937251,7.9202403478921095,25.963628196289598,0.63130739792348,4.445826745940001,5.461698157387289,3.74338612008148,42.59991187959707,14.28221842133225,-28.31769345826483,435,20560004.70465,21556690.802,24190318.2469,23129374.864749998,25254843.99915,10062697,113.65160466500001,120.023133675,139.244151789,129.80787142600002,137.007666751
18,2040,SSP4,6,1825232.476624,1285442306,37534915335.200005,2400,84988.2067175,1161299.440045,2081.45410018,306454.09620699997,96257.5358096,20823.417569100002,2585.1,1340.9999999999998,1124.4,829.7,16.639259620379796,3.5220197368282995,6.551019776618424,3.2877008661734797,2.9999999999999996,5.999999999999999,16.5,4.499999999999999,1.4999999999999998,1.4999999999999998,1.4999999999999998,21.0,5.999999999999999,10406.40346341627,3259.577899482165,4149.480204638321,3007.9560015632446,20.729555699125207,19.06853071197066,2.112085424160905,17.566463049129354,5.910837167220443,13.038311597928658,1.4564675518280505,2.532698953316252,59.47663488438613,22.938315270293405,-36.53831961409273,1041.170878455,1041.170878455,14576.392298369998,4164.68351382,2.0740123898823604,6.090849638961751,7.419383679870329,24.321751720708797,0.59138505896244,4.16468351382,5.11631369672787,3.50666351863644,39.90599742942324,13.379045788146751,-26.52695164127649,435,20560004.70465,21556690.802,24190318.2469,23129374.864749998,25254843.99915,10062697,113.65160466500001,120.023133675,139.244151789,129.80787142600002,137.007666751
19,2040,SSP5,6,1596203.862064,1395225883,50925744733.5,3000,98403.47027650001,1436809.0493339999,2209.62829808,350022.142433,125645.0979155,22707.695245100003,2585.1,1340.9999999999998,1124.4,829.7,16.639259620379796,3.5220197368282995,6.551019776618424,3.2877008661734797,2.9999999999999996,5.999999999999999,16.5,4.499999999999999,1.4999999999999998,1.4999999999999998,1.4999999999999998,21.0,5.999999999999999,11364.477803377064,3431.49770406894,4672.852094930957,3238.86764272304,22.638039784327113,20.074261568803298,2.378481716319857,18.914987033502552,6.4550233923181715,13.725990816275761,1.6401710853207656,2.727126555172799,64.00577010295282,24.548311849087497,-39.457458253865326,1135.384762255,1135.384762255,15895.38667157,4541.53904902,2.2616864464119604,6.642000859191751,8.09075181582913,26.522588046276802,0.6448985449608399,4.54153904902,5.57928072172107,3.82397587927484,43.51702716770964,14.589694194976751,-28.92733297273289,435,20560004.70465,21556690.802,24190318.2469,23129374.864749998,25254843.99915,10062697,113.65160466500001,120.023133675,139.244151789,129.80787142600002,137.007666751
20,2045,SSP1,6,2146749.835228,1294024611,28339138981.4,1800,74356.1179691,1037645.1720670001,2001.09492861,271999.746446,82221.835162,19947.885063200003,2585.1,1340.9999999999998,1124.4,829.7,16.639259620379796,3.5220197368282995,6.551019776618424,3.2877008661734797,2.9999999999999996,5.999999999999999,16.5,4.499999999999999,1.4999999999999998,1.4999999999999998,1.4999999999999998,21.0,5.999999999999999,10135.365529830558,3070.806518480704,3933.7096113748094,2808.0034035139292,20.189648135422473,17.96421813311212,2.0022581921897777,16.39873987652135,5.756887620943758,12.283226073922815,1.3807320735925581,2.3643388657587288,56.55486433724571,21.78518463421786,-34.769679703027855,997.39425316,997.39425316,13963.519544239998,3989.57701264,1.98680935229472,5.834756380986001,7.1074314480181595,23.2991297538176,0.56651993579488,3.98957701264,4.90119536002824,3.35922384464288,38.228126935116485,12.816516153106,-25.411610782010477,435,20560004.70465,21556690.802,24190318.2469,23129374.864749998,25254843.99915,10062697,113.65160466500001,120.023133675,139.244151789,129.80787142600002,137.007666751
21,2045,SSP2,6,1994506.880234,1350007423,34492689660.55,2100,83178.5072482,1108350.406223,2042.3943899699998,282159.756834,90737.0769429,20793.432223750002,2585.1,1340.9999999999998,1124.4,829.7,16.639259620379796,3.5220197368282995,6.551019776618424,3.2877008661734797,2.9999999999999996,5.999999999999999,16.5,4.499999999999999,1.4999999999999998,1.4999999999999998,1.4999999999999998,21.0,5.999999999999999,10536.987795468036,3150.240975110916,4147.919770282844,2958.283682888201,20.98967968857233,18.42890970439886,2.111291163073968,17.276376708067097,5.985009067825846,12.600963900443665,1.4559198393692787,2.4908748609918656,58.80625726411225,22.532767668630655,-36.2734895954816,1039.6716111875003,1039.6716111875003,14555.402556625002,4158.686444750001,2.0710258494855003,6.082078925446875,7.408699901322125,24.286728837340004,0.5905334751545,4.15868644475,5.108946297375374,3.5016139864795006,39.848533513594504,13.359780203759374,-26.488753309835126,435,20560004.70465,21556690.802,24190318.2469,23129374.864749998,25254843.99915,10062697,113.65160466500001,120.023133675,139.244151789,129.80787142600002,137.007666751
22,2045,SSP3,6,2267651.2298850003,1298334159,42650277123.3,2700,95460.21197589999,1364436.683217,2154.6181839299998,329234.972349,110714.9854185,22815.367453950003,2585.1,1340.9999999999998,1124.4,829.7,16.639259620379796,3.5220197368282995,6.551019776618424,3.2877008661734797,2.9999999999999996,5.999999999999999,16.5,4.499999999999999,1.4999999999999998,1.4999999999999998,1.4999999999999998,21.0,5.999999999999999,11691.991282592175,3425.9683280904237,4536.376037609846,3161.0318056575547,23.29044663492361,20.041914719328982,2.309015403143412,18.46042574504012,6.641051048512355,13.703873312361695,1.5922679892010563,2.6615887803636613,64.10180250243612,24.598781130438773,-39.50302137199735,1140.7683726975001,1140.7683726975001,15970.757217765,4563.0734907900005,2.2724105984134204,6.673494980280376,8.129115423842382,26.6483491862136,0.6479564356921802,4.563073490790001,5.605735783435515,3.84210787924518,43.72337018874978,14.658873589162873,-29.06449659958691,435,20560004.70465,21556690.802,24190318.2469,23129374.864749998,25254843.99915,10062697,113.65160466500001,120.023133675,139.244151789,129.80787142600002,137.007666751
23,2045,SSP4,6,1978247.7494339999,1261543493,36837069994.2,2400,87647.70651110001,1188421.986714,2092.97972751,308952.87975,96160.81456099999,21766.066358900003,2585.1,1340.9999999999998,1124.4,829.7,16.639259620379796,3.5220197368282995,6.551019776618424,3.2877008661734797,2.9999999999999996,5.999999999999999,16.5,4.499999999999999,1.4999999999999998,1.4999999999999998,1.4999999999999998,21.0,5.999999999999999,11118.773238340726,3315.2876529063415,4289.143701058637,3042.861766594297,22.148596290774726,19.394432769502092,2.1831741438388463,17.77031271691069,6.315463199377532,13.261150611625363,1.5054894390715816,2.5620896074723984,61.49651592102636,23.644192857546873,-37.85232306347949,1088.3033179450001,1088.3033179450001,15236.24645123,4353.2132717800005,2.16790020934644,6.36657440997825,7.755249443676068,25.4227655071952,0.6181562845927601,4.3532132717800005,5.34792250438173,3.66540557483876,41.71248957019597,13.98469763559325,-27.727791934602713,435,20560004.70465,21556690.802,24190318.2469,23129374.864749998,25254843.99915,10062697,113.65160466500001,120.023133675,139.244151789,129.80787142600002,137.007666751
24,2045,SSP5,6,1688097.475596,1398993805,51063273887.5,3000,104168.23753079999,1506563.4494630003,2235.8115752699996,356668.480644,129962.82197910002,23450.5218247,2585.1,1340.9999999999998,1124.4,829.7,16.639259620379796,3.5220197368282995,6.551019776618424,3.2877008661734797,2.9999999999999996,5.999999999999999,16.5,4.499999999999999,1.4999999999999998,1.4999999999999998,1.4999999999999998,21.0,5.999999999999999,11798.426150334675,3469.194482063119,4852.163614158432,3330.737578143772,23.502464891466676,20.29478772006924,2.4697512796066423,19.451507456359636,6.701506053390096,13.876777928252473,1.7031094285696098,2.804481040797057,65.7185113475022,25.085874451009236,-40.632636896492954,1172.526091235,1172.526091235,16415.36527729,4690.10436494,2.3356719737401197,6.859277633724751,8.35542092614061,27.390209491249603,0.6659948198214801,4.690104364940001,5.76179321232879,3.9490678752794808,44.94058002485509,15.066960272369752,-29.873619752485332,435,20560004.70465,21556690.802,24190318.2469,23129374.864749998,25254843.99915,10062697,113.65160466500001,120.023133675,139.244151789,129.80787142600002,137.007666751
25,2050,SSP1,6,2320341.650864,1271323152,27841977028.899998,1800,74902.5519519,1044378.035567,2004.1623762999998,272329.695804,81266.89348319998,20206.603939149998,2585.1,1340.9999999999998,1124.4,829.7,16.639259620379796,3.5220197368282995,6.551019776618424,3.2877008661734797,2.9999999999999996,5.999999999999999,16.5,4.499999999999999,1.4999999999999998,1.4999999999999998,1.4999999999999998,21.0,5.999999999999999,10342.97109184561,3088.980212613206,3965.0795445209765,2809.573090170208,20.603198414956452,18.07053424378726,2.0182254881611765,16.407906846594017,5.874807580168305,12.355920850452826,1.391742920126863,2.3656605419233157,57.09986499349891,21.988131892671312,-35.1117331008276,1010.3301969575,1010.3301969575,14144.622757404999,4041.32078783,2.01257775233934,5.910431652201376,7.1996129835191445,23.6013134009272,0.57386755187186,4.041320787829999,4.964762587849155,3.40279210335286,38.72393578898706,12.982743030903874,-25.741192758083187,435,20560004.70465,21556690.802,24190318.2469,23129374.864749998,25254843.99915,10062697,113.65160466500001,120.023133675,139.244151789,129.80787142600002,137.007666751
26,2050,SSP2,6,2143288.350416,1338252881,34192361110.199997,2100,84495.50760170001,1118840.2233600002,2047.18306167,282686.749158,90539.32252629999,21251.658815549996,2585.1,1340.9999999999998,1124.4,829.7,16.639259620379796,3.5220197368282995,6.551019776618424,3.2877008661734797,2.9999999999999996,5.999999999999999,16.5,4.499999999999999,1.4999999999999998,1.4999999999999998,1.4999999999999998,21.0,5.999999999999999,10845.150656801387,3231.7565103129045,4192.427180705772,2982.3244677299376,21.603540108348362,18.905775585330492,2.1339454349792377,17.416774891542833,6.160045573063187,12.927026041251619,1.471541940427726,2.5111172018286076,60.06003602020093,23.06973075657114,-36.990305263629786,1062.5829407775,1062.5829407775,14876.161170884998,4250.33176311,2.1166652180287797,6.216110203548375,7.571966035980465,24.821937496562402,0.60354711036162,4.25033176311,5.221532570980635,3.5787793445386207,40.72667895412002,13.654190788990878,-27.072488165129148,435,20560004.70465,21556690.802,24190318.2469,23129374.864749998,25254843.99915,10062697,113.65160466500001,120.023133675,139.244151789,129.80787142600002,137.007666751
27,2050,SSP3,6,2523977.3837780003,1276526402,41933892308.0,2700,98355.83678969998,1392674.6363589999,2165.9781684699997,331611.498771,111041.35345930001,23269.68090475,2585.1,1340.9999999999998,1124.4,829.7,16.639259620379796,3.5220197368282995,6.551019776618424,3.2877008661734797,2.9999999999999996,5.999999999999999,16.5,4.499999999999999,1.4999999999999998,1.4999999999999998,1.4999999999999998,21.0,5.999999999999999,11984.521185425187,3438.759337715159,4670.727231957806,3175.6731496518496,23.873166201366967,20.116742125633678,2.3774001610665234,18.54593119396681,6.807208033321505,13.755037350860638,1.63942525841719,2.673916792006858,64.91323968203397,24.87558743460619,-40.037652247427786,1163.4840452375001,1163.4840452375001,16288.776633325,4653.936180950001,2.3176602181131005,6.8063816646393756,8.290987306362425,27.178987296748005,0.6608589376949001,4.653936180950001,5.717360598297074,3.9186142643599,44.59401648586291,14.950769981301875,-29.643246504561024,435,20560004.70465,21556690.802,24190318.2469,23129374.864749998,25254843.99915,10062697,113.65160466500001,120.023133675,139.244151789,129.80787142600002,137.007666751
28,2050,SSP4,6,2090824.3224600002,1229159529,35891458246.0,2400,89471.5463979,1203441.4269289998,2100.29679814,310349.50384099997,94797.4587647,22260.99064055,2585.1,1340.9999999999998,1124.4,829.7,16.639259620379796,3.5220197368282995,6.551019776618424,3.2877008661734797,2.9999999999999996,5.999999999999999,16.5,4.499999999999999,1.4999999999999998,1.4999999999999998,1.4999999999999998,21.0,5.999999999999999,11495.6973449928,3333.417797830697,4364.021143293207,3067.854354433298,22.899429111225658,19.50049411730958,2.221286761936242,17.91626942989046,6.529556091955911,13.333671191322788,1.5317714212959155,2.5831333664328366,62.53747942036195,23.97813207100745,-38.55934734935449,1113.0495320275002,1113.0495320275002,15582.693448384998,4452.198128110001,2.2171946677987804,6.511339762360875,7.931590965227965,26.0008370681624,0.63221213419162,4.45219812811,5.469525400383135,3.7487508238686202,42.66096246355002,14.302686486553375,-28.358275976996644,435,20560004.70465,21556690.802,24190318.2469,23129374.864749998,25254843.99915,10062697,113.65160466500001,120.023133675,139.244151789,129.80787142600002,137.007666751
29,2050,SSP5,6,1749810.594485,1398784878,51055648051.5,3000,108604.68773739997,1549959.631783,2254.269938,360882.996761,132456.3152775,24239.9641416,2585.1,1340.9999999999998,1124.4,829.7,16.639259620379796,3.5220197368282995,6.551019776618424,3.2877008661734797,2.9999999999999996,5.999999999999999,16.5,4.499999999999999,1.4999999999999998,1.4999999999999998,1.4999999999999998,21.0,5.999999999999999,12298.316615573662,3585.5440641775376,4972.306968677779,3383.7964931710235,24.498246698222733,20.975432775438595,2.5309042470569896,19.76137152011878,6.98544383764584,14.342176256710149,1.7452797460059004,2.8491566472500023,67.7659552408371,25.922056487611894,-41.84389875322521,1211.9982070800002,1211.9982070800002,16967.97489912,4847.992828320001,2.41430042850336,7.090189511418,8.63669922365208,28.312278117388804,0.6884149816214401,4.84799282832,5.95575918959112,4.082009961445441,46.45346728096224,15.574176960977999,-30.87929031998424,435,20560004.70465,21556690.802,24190318.2469,23129374.864749998,25254843.99915,10062697,113.65160466500001,120.023133675,139.244151789,129.80787142600002,137.007666751
30,2055,SSP1,6,2470373.7198099997,1241897970,27197565543.0,1800,75225.157729,1047743.104611,2005.95172123,272486.425615,79768.4326686,20403.796765699997,2585.1,1340.9999999999998,1124.4,829.7,16.639259620379796,3.5220197368282995,6.551019776618424,3.2877008661734797,2.9999999999999996,5.999999999999999,16.5,4.499999999999999,1.4999999999999998,1.4999999999999998,1.4999999999999998,21.0,5.999999999999999,10511.1242134663,3077.344823928824,3987.003996699906,2828.323731604968,20.93815943322487,18.002467219983618,2.029385034320252,16.517410592573015,5.970318553248859,12.309379295715296,1.399438402841667,2.3814485820113838,57.487422280101754,22.060584833817206,-35.42683744628456,1020.189838285,1020.189838285,14282.65773599,4080.75935314,2.03221815786372,5.968110553967251,7.26987278761891,23.831634622337603,0.57946782814588,4.08075935314,5.01321286533249,3.4359993753438802,39.101836121787485,13.10943942196225,-25.992396699825232,435,20560004.70465,21556690.802,24190318.2469,23129374.864749998,25254843.99915,10062697,113.65160466500001,120.023133675,139.244151789,129.80787142600002,137.007666751
31,2055,SSP2,6,2281393.9605799997,1319443680,33711786024.05,2100,85353.7697051,1124419.828478,2050.1231633300004,282950.383547,89652.97602110001,21382.019815949996,2585.1,1340.9999999999998,1124.4,829.7,16.639259620379796,3.5220197368282995,6.551019776618424,3.2877008661734797,2.9999999999999996,5.999999999999999,16.5,4.499999999999999,1.4999999999999998,1.4999999999999998,1.4999999999999998,21.0,5.999999999999999,10965.90634186247,3224.3976633833227,4205.963429402432,2985.752381301776,21.844085432990035,18.862726330792437,2.140835385565838,17.43679390680237,6.228634802177884,12.897590653533292,1.4762931637202534,2.5140035050560954,60.28444105615068,23.116522124487524,-37.167918931663166,1069.1009907975001,1069.1009907975001,14967.413871165001,4276.4039631900005,2.12964917366862,6.254240796165376,7.618413660422986,24.9741991450296,0.60724936277298,4.276403963190001,5.253562268778915,3.60073213700598,40.97650277528658,13.737947731747877,-27.238555043538703,435,20560004.70465,21556690.802,24190318.2469,23129374.864749998,25254843.99915,10062697,113.65160466500001,120.023133675,139.244151789,129.80787142600002,137.007666751
32,2055,SSP3,6,2771514.47002,1248009288,40997105113.4,2700,100420.946466,1408966.9845810002,2173.55685026,333015.52055599994,110221.3147084,23542.142621799998,2585.1,1340.9999999999998,1124.4,829.7,16.639259620379796,3.5220197368282995,6.551019776618424,3.2877008661734797,2.9999999999999996,5.999999999999999,16.5,4.499999999999999,1.4999999999999998,1.4999999999999998,1.4999999999999998,21.0,5.999999999999999,12196.451880889108,3446.5315361319904,4666.826338123959,3232.332866654944,24.2953321467311,20.162209486372145,2.3754146061050947,18.876823941264878,6.927584668345013,13.786126144527959,1.6380560446815096,2.721624273723463,65.70978018047322,25.073391131277944,-40.636389049195266,1177.1071310900002,1177.1071310900002,16479.49983526,4708.428524360001,2.3447974051312803,6.8860767168765005,8.38806541614734,27.497222582262403,0.66859685045912,4.70842852436,5.78430444217626,3.96449681751112,45.11616212041752,15.125826634506499,-29.990335485911018,435,20560004.70465,21556690.802,24190318.2469,23129374.864749998,25254843.99915,10062697,113.65160466500001,120.023133675,139.244151789,129.80787142600002,137.007666751
33,2055,SSP4,6,2175571.572611,1189508054,34733635178.4,2400,90707.89399240002,1211687.16466,2104.96924837,311128.729918,92492.02982730001,22572.83337495,2585.1,1340.9999999999998,1124.4,829.7,16.639259620379796,3.5220197368282995,6.551019776618424,3.2877008661734797,2.9999999999999996,5.999999999999999,16.5,4.499999999999999,1.4999999999999998,1.4999999999999998,1.4999999999999998,21.0,5.999999999999999,11706.386950251266,3348.033900272718,4421.178796974917,3097.2337274510996,23.319122804900523,19.5859983165954,2.2503800076602327,18.08784496831442,6.649227787742719,13.392135601090873,1.551833757738196,2.6078707985138263,63.24334609747057,24.20106794508561,-39.04227815238496,1128.6416687475,1128.6416687475,15800.983362464998,4514.56667499,2.24825420414502,6.6025537621728745,8.042700531494685,26.365069381941602,0.6410684678485801,4.51456667499,5.5461451602252145,3.80126514034158,43.258577879754185,14.503045443405377,-28.7555324363488,435,20560004.70465,21556690.802,24190318.2469,23129374.864749998,25254843.99915,10062697,113.65160466500001,120.023133675,139.244151789,129.80787142600002,137.007666751
34,2055,SSP5,6,1802108.7259129998,1392677696,50832735909.5,3000,111948.20065489999,1576254.0779259999,2267.2886701400002,363533.294049,133325.6884854,24701.69435425,2585.1,1340.9999999999998,1124.4,829.7,16.639259620379796,3.5220197368282995,6.551019776618424,3.2877008661734797,2.9999999999999996,5.999999999999999,16.5,4.499999999999999,1.4999999999999998,1.4999999999999998,1.4999999999999998,21.0,5.999999999999999,12583.139385488028,3629.9148450639077,5083.479317790897,3405.160805907168,25.06561365589215,21.23500184362386,2.5874909727555666,19.88613910649786,7.1472231709572,14.51965938025563,1.7843012405446048,2.8671453985738355,68.77424557876944,26.31832919033127,-42.45591638843816,1235.0847177125002,1235.0847177125002,17291.186047975,4940.338870850001,2.4602887576833004,7.225245598618124,8.801213698419275,28.851579005764002,0.7015281196607,4.940338870850001,6.069206302839225,4.159765329255699,47.33832706048471,15.870838622605625,-31.46748843787908,435,20560004.70465,21556690.802,24190318.2469,23129374.864749998,25254843.99915,10062697,113.65160466500001,120.023133675,139.244151789,129.80787142600002,137.007666751
