,SSP,YEAR,GDP,POP,CCF,人均CCF,BA,LDP,UR,FCE_P,FCE,SLUDGE_PRED
0,SSP1,2020,851268.275282,1315535753,28810232991.7,1800,59072.9506572,723059.902044,1893.47169604,247298.331134,70318.9678675,15508259.6339
1,SSP1,2021,906581.918388,1317990331,28863988249.2,1800,60482.2073484,754289.273922,1905.34434618,250636.843546,71932.3876733,15947810.61215
2,SSP1,2022,962650.964865,1319899007,28905788253.6,1800,61799.2728498,783671.98946,1916.03777133,253563.295899,73371.8199534,16399886.8807
3,SSP1,2023,1019254.1217980001,1321331814,28937166727.3,1800,63025.1753942,811094.569996,1925.65664,256120.920574,74650.6291835,16721324.00415
4,SSP1,2024,1076186.635351,1322357625,28959631988.1,1800,64161.9423763,836493.791697,1934.29918426,258350.509089,75782.8569235,17015932.2479
5,SSP1,2025,1133259.341745,1323046195,28974711670.8,1800,65212.4194386,859852.7064499999,1942.0569307,260289.91003199999,76782.875591,17214140.51735
6,SSP1,2026,1190266.194953,1323457463,28983718439.5,1800,66180.0945702,881194.9076019999,1949.0146316599998,261973.773907,77664.4621578,17473710.50975
7,SSP1,2027,1247010.961291,1323614171,28987150343.4,1800,67068.9337664,900577.750253,1955.25034991,263433.48135,78438.9008882,17598770.31575
8,SSP1,2028,1303301.661552,1323529302,28985291715.4,1800,67883.2326173,918085.192653,1960.83565688,264697.200732,79116.3715178,17820676.071
9,SSP1,2029,1358957.987107,1323216048,28978431451.1,1800,68627.4862857,933820.803363,1965.83591201,265790.033175,79706.433234,18025926.3752
10,SSP1,2030,1413810.883144,1322687571,28966857805.8,1800,69306.2788862,947901.333064,1970.31059614,266734.211721,80217.9720468,18208477.77225
11,SSP1,2031,1470926.942331,1321958471,28950890514.5,1800,69924.191969,960451.09569,1974.31367833,267549.330372,80659.1740855,18339540.639
12,SSP1,2032,1527186.134338,1321049249,28930978553.3,1800,70485.7310414,971597.278763,1977.89399911,268252.585068,81037.5081125,18564395.880400002
13,SSP1,2033,1582471.105657,1319981803,28907601485.3,1800,70995.2684911,981466.196294,1981.09565774,268859.014571,81359.77705599999,18574901.74845
14,SSP1,2034,1636674.906541,1318778141,28881241289.1,1800,71457.0009473,990180.434564,1983.95839433,269381.732407,81632.1817511,18734571.99075
15,SSP1,2035,1689701.069617,1317460202,28852378423.8,1800,71874.919157,997856.793354,1986.51795936,269832.1455,81860.3479498,18823409.43885
16,SSP1,2036,1742027.516134,1316040813,28821293806.5,1800,72252.7882213,1004604.905358,1988.8064666999999,270220.155884,82048.973431,18904385.6016
17,SSP1,2037,1793049.155287,1314496586,28787475234.5,1800,72594.1364771,1010526.4136270001,1990.85272679,270554.344527,82200.635518,19054783.0065
18,SSP1,2038,1842699.610251,1312794951,28750209427.2,1800,72902.2512267,1015714.589692,1992.68255749,270842.136902,82317.0494023,19206823.66645
19,SSP1,2039,1890919.7577169999,1310903200,28708780081.6,1800,73180.1798493,1020254.2872659999,1994.31907344,271089.951127,82399.5220442,19401237.99385
20,SSP1,2040,1937657.16384,1308788920,28662477346.6,1800,73430.7350287,1024222.141879,1995.78295204,271303.328977,82449.0192749,19550849.2437
21,SSP1,2041,1982677.351073,1306421727,28610635823.1,1800,73656.5030085,1027686.941843,1997.09267795,271487.051749,82466.2276877,19595943.32485
22,SSP1,2042,2026121.3742779999,1303780483,28552792578.2,1800,73859.8539456,1030710.108901,1998.26476581,271645.241914,82451.7781564,19648927.86855
23,SSP1,2043,2067960.05756,1300846581,28488540125.9,1800,74042.9537303,1033346.2447,1999.31396336,271781.45195,82406.1196682,19729584.9183
24,SSP1,2044,2108173.2852290003,1297600822,28417458003.2,1800,74207.7765685,1035643.70392,2000.2534350600001,271898.741817,82329.4577069,19869759.8213
25,SSP1,2045,2146749.835228,1294024611,28339138981.4,1800,74356.1179691,1037645.172067,2001.09492861,271999.746446,82221.835162,19947885.0632
26,SSP1,2046,2184519.001739,1290105211,28253304120.6,1800,74489.6077676,1039388.227029,2001.8489243899999,272086.733969,82083.5610278,19988301.7079
27,SSP1,2047,2220720.396778,1285856080,28160248153.3,1800,74609.7229197,1040905.873669,2002.52477091,272161.65662,81916.6517678,20097525.02765
28,SSP1,2048,2255394.478817,1281296439,28060392014.1,1800,74717.7998118,1042227.043372,2003.13080569,272226.19438400003,81723.4341807,20130030.32275
29,SSP1,2049,2288585.496964,1276445691,27954160634.8,1800,74815.0461223,1043377.0553390001,2003.67446393,272281.792841,81506.1371549,20193890.01195
30,SSP1,2050,2320341.650864,1271323152,27841977028.9,1800,74902.5519519,1044378.035567,2004.1623763,272329.695804,81266.8934832,20206603.93915
31,SSP1,2051,2353213.99561,1265945036,27724196290.6,1800,74981.3003092,1045249.297898,2004.60045567,272370.973483,81007.424328,20232423.06515
32,SSP1,2052,2384729.156127,1260314040,27600877475.8,1800,75052.1768707,1046007.684831,2004.99397523,272406.546701,80728.0006653,20255188.5555
33,SSP1,2053,2414809.755507,1254429632,27472008939.9,1800,75115.9790386,1046667.8719,2005.34763804,272437.207789,80428.4939977,20289671.2091
34,SSP1,2054,2443381.589904,1248291130,27337575749.6,1800,75173.4242626,1047242.637943,2005.6656392300001,272463.638517,80108.7153332,20298261.9086
35,SSP1,2055,2470373.71981,1241897970,27197565543.0,1800,75225.157729,1047743.104611,2005.95172123,272486.425615,79768.4326686,20403796.7657
36,SSP1,2056,2496993.1387920002,1235251666,27052011484.8,1800,75271.7593437,1048178.947159,2006.20922326,272506.074058,79407.63833049999,20431504.24585
37,SSP1,2057,2522112.830576,1228362374,26901135992.2,1800,75313.7501472,1048558.579915,2006.44112546,272523.018467,79027.365257,20496652.0165
38,SSP1,2058,2545850.243137,1221242686,26745214824.1,1800,75351.598145,1048889.318509,2006.65008792,272537.632968,78628.8993292,20514597.71
39,SSP1,2059,2568324.714851,1213904616,26584511091.1,1800,75385.7235866,1049177.522626,2006.83848567,272550.239672,78213.468333,20527966.06405
40,SSP1,2060,2589656.766402,1206360715,26419299658.5,1800,75416.5037611,1049428.720261,2007.00843995,272561.115883,77782.3076322,20560004.70465
41,SSP1,2061,2610960.987311,1198626183,26249913409.1,1800,75444.2773197,1049647.716083,2007.16184558,272570.500433,77336.7067254,20606079.56345
42,SSP1,2062,2631303.198977,1190727853,26076939982.6,1800,75469.3482401,1049838.686455,2007.30039587,272578.599011,76878.2977656,20612746.21075
43,SSP1,2063,2650734.692461,1182695394,25901029128.8,1800,75491.9892949,1050005.261095,2007.42560444,272585.588778,76408.7701822,20638221.4723
44,SSP1,2064,2669308.72878,1174558543,25722832090.9,1800,75512.4452954,1050150.595428,2007.53882475,272591.622388,75929.7875414,20669131.9405
45,SSP1,2065,2687079.588748,1166347030,25542999956.2,1800,75530.9359398,1050277.4326519999,2007.64126743,272596.831278,75442.98846190001,20874442.0208
46,SSP1,2066,2704534.68247,1158090983,25362192528.7,1800,75547.6583756,1050388.157998,2007.7340159,272601.328807,74950.2110889,21051000.0112
47,SSP1,2067,2721215.550948,1149823308,25181130446.6,1800,75562.7895589,1050484.845396,2007.81804006,272605.212614,74454.2379714,21141032.0195
48,SSP1,2068,2737097.067556,1141577310,25000543089.0,1800,75576.4882967,1050569.299113,2007.89420841,272608.566932,73958.0704344,21244644.9529
49,SSP1,2069,2752154.802997,1133386376,24821161634.0,1800,75588.8971537,1050643.08838,2007.96329902,272611.464286,73464.7124693,21253781.6276
50,SSP1,2070,2766364.273591,1125283798,24643715177.7,1800,75600.144119,1050707.578775,2008.0260094,272613.967253,72977.1554505,21302362.21155
51,SSP1,2071,2782968.986769,1117290922,24468671193.1,1800,75610.3441052,1050763.958778,2008.08296498,272616.129796,72497.381701,21377095.94245
52,SSP1,2072,2799019.116083,1109381058,24295445170.6,1800,75619.60031,1050813.262854,2008.13472679,272617.998457,72023.3000034,21462352.074950002
53,SSP1,2073,2814619.477154,1101515707,24123193982.7,1800,75628.0054271,1050856.392024,2008.1817985100001,272619.613383,71551.8012876,21720834.2732
54,SSP1,2074,2829875.238466,1093656234,23951071526.0,1800,75635.6427316,1050894.130863,2008.22463232,272621.009203,71079.7612902,21797454.45655
55,SSP1,2075,2844891.975984,1085764008,23778231773.4,1800,75642.587052,1050927.162828,2008.26363453,272622.215782,70604.0409805,21921848.47395
56,SSP1,2076,2860236.185898,1077781779,23603420959.0,1800,75648.9056512,1050956.083641,2008.29917032,272623.258915,70120.2665235,21917275.8555
57,SSP1,2077,2875468.924506,1069578421,23423767419.8,1800,75654.658988,1050981.412475,2008.33156819,272624.160838,69619.1660714,21899209.736700002
58,SSP1,2078,2890590.322063,1061004424,23235996885.2,1800,75659.9014439,1051003.60208,2008.36112371,272624.940758,69090.2538869,21957630.33375
59,SSP1,2079,2905596.820977,1051910184,23036833030.0,1800,75664.6819304,1051023.047173,2008.38810297,272625.61528,68523.0289861,22188358.38285
60,SSP1,2080,2920480.981328,1042146258,22823003050.5,1800,75669.0444674,1051040.092247,2008.41274565,272626.198738,67906.9916456,22219927.53915
61,SSP1,2081,2930403.62248,1031623008,22592543875.2,1800,75673.0286626,1051055.038058,2008.43526791,272626.703415,67235.84656990001,22299949.2925
62,SSP1,2082,2940022.095227,1020490646,22348745148.0,1800,75676.6701908,1051068.146748,2008.45586452,272627.140071,66520.1959117,22313013.56925
63,SSP1,2083,2949378.7582819997,1008959214,22096206786.5,1800,75680.0011799,1051079.647672,2008.47471141,272627.517874,65774.8693828,22341544.533800002
64,SSP1,2084,2958510.623619,997238997,21839534034.5,1800,75683.0505864,1051089.740917,2008.49196731,272627.844806,65014.7211913,22430195.7069
65,SSP1,2085,2967448.973873,985540335,21583333335.2,1800,75685.8444966,1051098.601119,2008.50777569,272628.127776,64254.6357835,22454925.6177
66,SSP1,2086,2977087.456567,974049820,21331691058.6,1800,75688.4064524,1051106.381228,2008.52226614,272628.37268800003,63507.9604079,22476971.8046
67,SSP1,2087,2986537.816079,962859214,21086616786.0,1800,75690.7576771,1051113.214872,2008.53555609,272628.584696,62781.8385824,22609734.7657
68,SSP1,2088,2995751.660216,952036661,20849602876.1,1800,75692.9173339,1051119.218795,2008.54775163,272628.768234,62081.88905825,22708019.77455
69,SSP1,2089,3004671.506192,941649937,20622133621.0,1800,75694.9027141,1051124.49536,2008.55894896,272628.927188,61413.73225102,22794112.96405
70,SSP1,2090,3013230.3602609998,931767064,20405698702.8,1800,75696.7294498,1051129.133694,2008.56923518,272629.064791,60783.024463019996,22871274.75375
71,SSP1,2091,3021983.0319519998,922437412,20201379323.8,1800,75698.41166890001,1051133.212307,2008.57868938,272629.183978,60193.86832625,22881021.34265
72,SSP1,2092,3030212.759216,913637401,20008659082.4,1800,75699.9621326,1051136.799729,2008.58738321,272629.287216,59644.16089507,22949035.0248
73,SSP1,2093,3037813.478495,905324987,19826617215.7,1800,75701.3924004,1051139.955714,2008.59538176,272629.37665500003,59130.21163882,22964807.94205
74,SSP1,2094,3044665.77492,897458204,19654334666.2,1800,75702.7129287,1051142.733119,2008.60274428,272629.454109,58648.30315579,22974057.34495
75,SSP1,2095,3050636.208182,889995062,19490891858.9,1800,75703.933185,1051145.177929,2008.60952443,272629.521234,58194.69165285,22982541.64345
76,SSP1,2096,3054946.356891,882893551,19335368767.1,1800,75705.0617569,1051147.330403,2008.61577122,272629.579403,57765.6108805,22982726.95405
77,SSP1,2097,3058064.055983,876111675,19186845683.0,1800,75706.1064126,1051149.225993,2008.62152915,272629.629819,57357.27351637,22982084.24935
78,SSP1,2098,3059811.0239379997,869607325,19044400418.1,1800,75707.0742225,1051150.896068,2008.62683879,272629.673511,56965.87421875,23030062.990849998
79,SSP1,2099,3059993.299428,863338579,18907114879.7,1800,75707.9715888,1051152.367429,2008.63173714,272629.71140000003,56587.59811951,23030673.14635
80,SSP1,2100,3058401.043123,857263400,18774068461.1,1800,75708.8043401,1051153.664267,2008.63625789,272629.744228,56218.62030682,22994533.46315
81,SSP2,2020,835685.167103,1329727738,33974543707.95,2100,59972.2299714,729995.602337,1906.89172813,251039.309941,72661.6809382,14706527.446800001
82,SSP2,2021,888914.220135,1335007176,34109433347.6,2100,61689.4049866,764035.183799,1920.64707028,254935.335678,74706.8712851,15265085.2204
83,SSP2,2022,942620.973043,1339511295,34224513587.7,2100,63337.395001900004,796491.438214,1933.18888073,258398.483282,76566.16847460001,15853123.0457
84,SSP2,2023,996501.833616,1343305519,34321456011.35,2100,64913.3057291,827197.719422,1944.60857431,261467.062421,78248.0219328,16343642.4188
85,SSP2,2024,1050282.319591,1346455093,34401927626.6,2100,66415.1880401,856034.6338,1954.99393876,264178.507922,79762.4595214,16743501.46015
86,SSP2,2025,1103714.987609,1349025292,34467596210.6,2100,67841.9672779,882928.885873,1964.42856145,266568.638163,81120.6237099,17102910.55325
87,SSP2,2026,1156497.705116,1351081541,34520133372.7,2100,69193.3600533,907850.018053,1972.99145101,268671.161173,82334.359965,17732097.7269
88,SSP2,2027,1208517.81921,1352689613,34561219611.95,2100,70469.7837699,930805.603607,1980.7568198,270517.379444,83415.8893332,17975390.7566
89,SSP2,2028,1259630.051709,1353915348,34592537140.9,2100,71672.2634719,951835.491869,1987.79399646,272136.047949,84377.5386724,18168061.84435
90,SSP2,2029,1309706.537024,1354824458,34615764901.35,2100,72802.3396227,971005.658702,1994.16744072,273553.346569,85231.5401425,18308256.69905
91,SSP2,2030,1358636.34971,1355482777,34632584953.05,2100,73861.9794854,988402.115897,1999.93683788,274792.934757,85989.8912795,18568977.3351
92,SSP2,2031,1410074.064655,1355949843,34644518488.25,2100,74853.4941146,1004125.217326,2005.1572524,275876.06213700003,86663.8296535,18703571.2931
93,SSP2,2032,1460444.837023,1356259646,34652433955.55,2100,75779.4621313,1018284.580763,2009.87932423,276821.715178,87262.495956,19136188.09945
94,SSP2,2033,1509655.461291,1356440073,34657043866.5,2100,76642.6610724,1030994.7403729999,2014.14949435,277646.783845,87794.1179461,19209330.54975
95,SSP2,2034,1557625.728905,1356518939,34659058892.1,2100,77446.0064187,1042371.5681029999,2018.01024843,278366.23787,88266.4020615,19449007.20015
96,SSP2,2035,1604287.918547,1356524022,34659188762.4,2100,78192.4984275,1052529.438635,2021.50036981,278993.303479,88686.5445588,19599201.11985
97,SSP2,2036,1649766.553404,1356474285,34657917981.05,2100,78885.1763226,1061579.078752,2024.65519486,279539.635461,89060.69984290001,19738768.845
98,SSP2,2037,1693870.692296,1356353829,34654840330.15,2100,79527.0794774,1069626.017145,2027.50686554,280015.48095,89392.3573148,19846243.8614
99,SSP2,2038,1736593.752069,1356138213,34649331343.95,2100,80121.215074,1076769.543664,2030.08457556,280429.832108,89683.9926037,19971543.6817
100,SSP2,2039,1777937.61434,1355802508,34640754079.8,2100,80670.5315908,1083102.085724,2032.41480669,280790.567208,89937.6241528,20126261.43005
101,SSP2,2040,1817911.730393,1355322319,34628485251.0,2100,81177.8975664,1088708.9163600001,2034.52155378,281104.57922,90154.9036244,20300150.64345
102,SSP2,2041,1855932.474385,1354673842,34611916664.25,2100,81646.0850306,1093668.116909,2036.42653709,281377.891977,90337.1640683,20385196.49115
103,SSP2,2042,1892579.2949960001,1353837057,34590536807.05,2100,82077.7569931,1098050.728303,2038.14940121,281615.764868,90485.6326371,20437721.6545
104,SSP2,2043,1927871.523227,1352793097,34563863627.7,2100,82475.4584894,1101921.035965,2039.7079007,281822.785886,90601.3178337,20718590.3359
105,SSP2,2044,1961836.065622,1351522863,34531409148.2,2100,82841.6106379,1105336.944534,2041.11807153,282002.954894,90684.9585123,20732676.9688
106,SSP2,2045,1994506.880234,1350007423,34492689660.55,2100,83178.5072482,1108350.406223,2042.39438997,282159.756834,90737.0769429,20793432.22375
107,SSP2,2046,2026406.838461,1348229017,34447251385.0,2100,83488.3135855,1111007.876562,2043.54991825,282296.226728,90758.0572605,21009037.25335
108,SSP2,2047,2057154.68809,1346175418,34394781931.7,2100,83773.0668549,1113350.777751,2044.5964385,282415.006871,90748.414213,21074883.04065
109,SSP2,2048,2086829.266944,1343835488,34334996718.95,2100,84034.678136,1115415.953839,2045.54457486,282518.396782,90708.568872,21112438.62485
110,SSP2,2049,2115512.33606,1341198323,34267617152.05,2100,84274.9354378,1117236.109329,2046.4039050000001,282608.397334,90638.8165261,21208020.9814
111,SSP2,2050,2143288.350416,1338252881,34192361110.2,2100,84495.5076017,1118840.22336,2047.18306167,282686.749158,90539.3225263,21251658.81555
112,SSP2,2051,2172342.747111,1334995512,34109135331.5,2100,84697.9488973,1120253.93598,2047.88982472,282754.966337,90410.6081193,21329524.559100002
113,SSP2,2052,2200682.514632,1331452453,34018610176.8,2100,84883.7040257,1121499.904877,2048.53120509,282814.365718,90254.975892,21347396.12745
114,SSP2,2053,2228305.68741,1327657102,33921638954.5,2100,85054.1134922,1122598.131489,2049.11352032,282866.092641,90075.0988604,21328177.34675
115,SSP2,2054,2255210.302779,1323642956,33819077528.6,2100,85210.4191313,1123566.256536,2049.64246307,282911.143168,89873.5843413,21379990.70855
116,SSP2,2055,2281393.96058,1319443680,33711786024.05,2100,85353.7697051,1124419.828478,2050.12316333,282950.383547,89652.9760211,21382019.81595
117,SSP2,2056,2308157.5691400003,1315092778,33600620478.4,2100,85485.2264734,1125172.543213,2050.56024415,282984.567149,89415.815534,21381914.43535
118,SSP2,2057,2334274.534585,1310624067,33486444913.6,2100,85605.7687327,1125836.459249,2050.9578724,283014.349265,89164.8443047,21439156.51005
119,SSP2,2058,2359817.24172,1306071572,33370128665.35,2100,85716.2991221,1126422.190232,2051.31980393,283040.299807,88902.8268448,21474373.51205
120,SSP2,2059,2384857.750808,1301469234,33252538928.35,2100,85817.648902,1126939.075034,2051.64942491,283062.914581,88632.4792495,21475942.73345
121,SSP2,2060,2409467.215735,1296850963,33134542105.35,2100,85910.5828566,1127395.3294880001,2051.9497888,283082.624801,88356.4778838,21556690.802
122,SSP2,2061,2434627.930727,1292248633,33016952572.2,2100,85995.804133,1127798.180737,2052.22364936,283099.805728,88077.1910688,21616766.20195
123,SSP2,2062,2459473.811643,1287685837,32900373135.0,2100,86073.9586911,1128153.985388,2052.47349084,283114.783849,87795.8447065,21649745.402400002
124,SSP2,2063,2484071.313046,1283183933,32785349488.45,2100,86145.6396072,1128468.335201,2052.70155501,283127.843259,87513.3378102,21663882.69455
125,SSP2,2064,2508485.95081,1278764325,32672428504.2,2100,86211.3910932,1128746.148289,2052.90986508,283139.231135,87230.5367901,21675283.61885
126,SSP2,2065,2532782.073204,1274448567,32562160886.95,2100,86271.7122974,1128991.75154,2053.10024774,283149.162793,86948.2708472,21709483.19285
127,SSP2,2066,2557090.137407,1270254348,32454998593.55,2100,86327.0607964,1129208.951557,2053.27435285,283157.825475,86667.4847281,21845338.149749998
128,SSP2,2067,2581359.077187,1266184823,32351022229.4,2100,86377.8559032,1129401.097939,2053.43367088,283165.382276,86389.7352656,21887250.41465
129,SSP2,2068,2605637.913149,1262239837,32250227837.5,2100,86424.4817102,1129571.138855,2053.57954877,283171.975248,86116.7688129,21946807.89925
130,SSP2,2069,2629972.5189879998,1258418976,32152604838.2,2100,86467.2900113,1129721.669308,2053.71320432,283177.727999,85850.333235,22066093.38555
131,SSP2,2070,2654405.832379,1254722004,32058147203.15,2100,86506.6028422,1129854.974362,2053.83573892,283182.748284,85592.2099619,22120421.9855
132,SSP2,2071,2681989.755911,1251145152,31966758634.45,2100,86542.7150098,1129973.066359,2053.94814913,283187.129877,85343.5033622,22160410.2971
133,SSP2,2072,2709909.959165,1247670453,31877980073.35,2100,86575.8962609,1130077.718208,2054.0513369,283190.954498,85102.5235599,22222301.3261
134,SSP2,2073,2738119.649893,1244276241,31791257958.05,2100,86606.3934502,1130170.492008,2054.14611907,283194.293407,84866.8466036,22303016.433199998
135,SSP2,2074,2766566.980325,1240940831,31706038232.5,2100,86634.4324024,1130252.764643,2054.23323561,283197.208588,84634.0242245,22312369.5135
136,SSP2,2075,2795195.789678,1237642602,31621768482.1,2100,86660.2197091,1130325.750611,2054.31335714,283199.754171,84401.5786639,22325684.6498
137,SSP2,2076,2824354.54141,1234357555,31537835531.2,2100,86683.9443387,1130390.52024,2054.38709191,283201.977254,84167.0134348,22387184.82265
138,SSP2,2077,2853759.652076,1231053085,31453406323.95,2100,86705.7791057,1130448.018651,2054.45499163,283203.918945,83927.85539710001,22413987.9993
139,SSP2,2078,2883543.4456639998,1227694588,31367596724.05,2100,86725.8821018,1130499.079762,2054.51755711,283205.615027,83681.6462854,22592731.46415
140,SSP2,2079,2913835.1459210003,1224247358,31279519998.4,2100,86744.3979016,1130544.439574,2054.57524318,283207.096797,83425.904481,22652805.51625
141,SSP2,2080,2944761.220958,1220676846,31188293416.95,2100,86761.4587322,1130584.748413,2054.62846297,283208.391466,83158.1389723,22712679.32195
142,SSP2,2081,2971763.992154,1216966497,31093493997.8,2100,86777.1855435,1130620.58072,2054.67759223,283209.522789,82877.2308607,22862673.24125
143,SSP2,2082,2999330.517546,1213173014,30996570507.9,2100,86791.6889498,1130652.444214,2054.7229726699998,283210.51150100003,82587.710258,22869848.95925
144,SSP2,2083,3027384.70333,1209371359,30899438221.9,2100,86805.0701249,1130680.78782,2054.7649152,283211.375652,82295.5305236,22839902.182550002
145,SSP2,2084,3055847.644479,1205636544,30804013698.85,2100,86817.4216412,1130706.008601,2054.80370314,283212.131052,82006.686265,23114036.83125
146,SSP2,2085,3084637.057833,1202043702,30712216587.4,2100,86828.8281696,1130728.457599,2054.83959436,283212.791456,81727.20721950001,23134953.35395
147,SSP2,2086,3114606.315853,1198660688,30625780580.15,2100,86839.3671838,1130748.445833,2054.87282418,283213.368865,81462.5808718,23130520.089900002
148,SSP2,2087,3144790.423819,1195525884,30545686334.65,2100,86849.1095719,1130766.248576,2054.90360716,283213.873775,81215.9922188,23141263.65905
149,SSP2,2088,3175199.961756,1192670480,30472730765.35,2100,86858.1202204,1130782.109644,2054.93213912,283214.315329,80990.0697727,23047427.561950002
150,SSP2,2089,3205846.474313,1190125496,30407706424.3,2100,86866.4584935,1130796.245142,2054.9585989400002,283214.701545,80787.4455378,23061832.4309
151,SSP2,2090,3236742.818334,1187922015,30351407483.6,2100,86874.1787579,1130808.846325,2054.9831501,283215.03938,80610.7732295,23031277.0488
152,SSP2,2091,3268408.719201,1186079401,30304328696.4,2100,86881.3307714,1130820.083181,2055.00594209,283215.334919,80461.749412,23043374.77125
153,SSP2,2092,3300318.94631,1184570324,30265771778.6,2100,86887.9601114,1130830.106301,2055.02711168,283215.593502,80338.23036290001,22998973.378399998
154,SSP2,2093,3332499.580606,1183355639,30234736576.4,2100,86894.1085077,1130839.049103,2055.04678402,283215.819764,80237.0915029,22993475.0598
155,SSP2,2094,3364980.931813,1182396173,30210222222.3,2100,86899.8142077,1130847.030368,2055.06507395,283216.017771,80155.1822465,23008084.7391
156,SSP2,2095,3397798.358599,1181652725,30191227124.85,2100,86905.1122323,1130854.155357,2055.08208655,283216.191085,80089.34086,23021453.61445
157,SSP2,2096,3431009.6900710003,1181086054,30176748680.85,2100,86910.0346954,1130860.51771,2055.0979183,283216.342788,80036.3851554,23029643.365199998
158,SSP2,2097,3464656.753124,1180656906,30165783948.75,2100,86914.6110177,1130866.200496,2055.11265775,283216.475558,79993.1238917,23062115.0779
159,SSP2,2098,3498796.024133,1180326048,30157330528.55,2100,86918.8681964,1130871.277397,2055.12638627,283216.591852,79956.3491739,23060690.6479
160,SSP2,2099,3533492.920375,1180054120,30150382766.35,2100,86922.8309838,1130875.814308,2055.13917859,283216.69364,79922.8375384,23083777.8532
161,SSP2,2100,3568822.934178,1179801819,30143936474.7,2100,86926.5220698,1130879.86962,2055.15110343,283216.782782,79889.3621502,23144760.2317
162,SSP3,2020,827158.278998,1315792312,43223777450.1,2700,60837.750830900004,748384.929425,1936.87153021,263624.325709,76941.4759262,14356050.71175
163,SSP3,2021,879755.416007,1318326715,43307032589.5,2700,62885.3984897,790572.247832,1955.30808547,269749.88838899997,79794.3925532,15050500.59685
164,SSP3,2022,933559.105157,1320326011,43372709462.2,2700,64898.838466,832207.637959,1972.54270671,275447.434181,82496.7728817,15651636.2959
165,SSP3,2023,988420.6482470001,1321861885,43423162924.1,2700,66872.213642,873010.8415570001,1988.62895832,280729.191975,85047.3359243,16251445.9507
166,SSP3,2024,1044196.308034,1323004912,43460711358.2,2700,68800.2390432,912726.294716,2003.62207081,285610.617923,87447.4747877,16659056.27385
167,SSP3,2025,1100747.255264,1323826544,43487701970.4,2700,70678.2407409,951128.817471,2017.57812131,290109.565085,89701.05066570001,17280521.1121
168,SSP3,2026,1157875.243129,1324387581,43506132035.5,2700,72502.1780578,988027.464978,2030.55332963,294245.557287,91812.96503,17919949.7525
169,SSP3,2027,1215451.800186,1324707616,43516645187.8,2700,74268.6502544,1023267.558967,2042.60346407,298039.168614,93785.52778979999,18206990.425950002
170,SSP3,2028,1273328.996951,1324795796,43519541900.7,2700,75974.8895491,1056731.06462,2053.78334954,301511.503914,95621.1056098,18428044.7224
171,SSP3,2029,1331362.83958,1324661391,43515126697.2,2700,77618.7423385,1088335.571095,2064.14646775,304683.772672,97322.9283046,18845436.10475
172,SSP3,2030,1389413.760263,1324313536,43503699658.6,2700,79198.6408369,1118032.167867,2073.7446411299998,307576.947341,98894.8683155,19269512.3493
173,SSP3,2031,1450602.581276,1323763740,43485638858.0,2700,80713.5672637,1145802.514037,2082.6277903,310211.495854,100341.6546589,19598338.2538
174,SSP3,2032,1511762.508591,1323032383,43461613782.8,2700,82163.012543,1171655.374422,2090.84375603,312607.178395,101669.8372002,19927523.92855
175,SSP3,2033,1572757.513875,1322142052,43432366408.0,2700,83546.931429,1195622.85747,2098.43817639,314782.89909,102886.5808018,20331169.21035
176,SSP3,2034,1633456.406472,1321115400,43398640890.5,2700,84865.6956353,1217756.556367,2105.45441201,316756.60381400003,103999.1787878,20719396.61215
177,SSP3,2035,1693733.108366,1319974963,43361177535.0,2700,86120.046385,1238123.755659,2111.93351023,318545.21587,105014.9422359,21131421.33325
178,SSP3,2036,1754261.463201,1318734228,43320419388.1,2700,87311.0474403,1256803.826821,2117.91420296,320164.602852,105940.51657179999,21282367.8213
179,SSP3,2037,1814236.264282,1317369578,43275590638.4,2700,88440.0396163,1273884.90873,2123.4329311300003,321629.56796899997,106779.8972281,21486851.92865
180,SSP3,2038,1873602.0379960001,1315848085,43225609593.4,2700,89508.5973756,1289460.931831,2128.52389082,322953.861304,107536.18681649999,21715050.973449998
181,SSP3,2039,1932309.6834729998,1314136710,43169390923.9,2700,90518.4880121,1303629.024474,2133.21909641,324150.205351,108212.1938768,22045447.7006
182,SSP3,2040,1990316.537944,1312202693,43105858466.2,2700,91471.6337838,1316487.311775,2137.54845637,325230.331969,108810.4337689,22229133.7297
183,SSP3,2041,2047625.4623429999,1310015266,43034001487.1,2700,92370.0772102,1328133.101288,2141.5398587,326205.027068,109333.1975294,22390844.65155
184,SSP3,2042,2104111.1768360003,1307553514,42953132933.9,2700,93215.9495326,1338661.433451,2145.21926288,327084.18047,109782.9312183,22477255.90895
185,SSP3,2043,2159672.979439,1304798649,42862635621.8,2700,94011.4424674,1348163.965437,2148.61079596,327876.839131,110161.8787759,22562430.169150002
186,SSP3,2044,2214215.955027,1301731753,42761888086.5,2700,94758.78314659999,1356728.152438,2151.73685061,328591.261507,110471.9970816,22720160.7275
187,SSP3,2045,2267651.2298850003,1298334159,42650277123.3,2700,95460.2119759,1364436.683217,2154.6181839299998,329234.972349,110714.9854185,22815367.45395
188,SSP3,2046,2321060.82326,1294593233,42527387704.9,2700,96117.96358529999,1371367.132083,2157.27401501,329814.816617,110892.8697353,22922109.38145
189,SSP3,2047,2373361.647167,1290522565,42393666261.8,2700,96734.2503842,1377591.786518,2159.72212119,330337.011672,111009.8987221,23039320.40165
190,SSP3,2048,2424587.29999,1286141506,42249748475.9,2700,97311.2486341,1383177.615712,2161.978931,330807.1976,111070.70804900001,23065450.4054
191,SSP3,2049,2474777.349477,1281469642,42096277741.6,2700,97851.0869506,1388186.348997,2164.05961428,331230.48471,111079.764632,23123233.78525
192,SSP3,2050,2523977.383778,1276526402,41933892308.0,2700,98355.8367897,1392674.636359,2165.97816847,331611.498771,111041.3534593,23269680.90475
193,SSP3,2051,2575463.285348,1271328231,41763132389.1,2700,98827.504958,1396694.266729,2167.7475007,331954.423023,110959.175206,23288311.74405
194,SSP3,2052,2626049.370669,1265877873,41584088128.3,2700,99268.0276996,1400292.427624,2169.37950615,332263.037486,110834.9842447,23289631.9584
195,SSP3,2053,2675644.319663,1260174898,41396745401.7,2700,99679.2664521,1403511.989317,2170.88514153,332540.755456,110669.9432625,23311776.27895
196,SSP3,2054,2724160.642517,1254218804,41201087712.9,2700,100063.0047662,1406391.799734,2172.27449479,332790.657113,110465.0852271,23472991.6224
197,SSP3,2055,2771514.47002,1248009288,40997105113.4,2700,100420.946466,1408966.984581,2173.55685026,333015.520556,110221.3147084,23542142.621799998
198,SSP3,2056,2819630.708489,1241547889,40784848154.0,2700,100754.7148184,1411269.242332,2174.74074996,333217.85015,109939.7451074,23621286.31985
199,SSP3,2057,2866704.000562,1234845010,40564658579.9,2700,101065.85244850001,1413327.130415,2175.8340503599998,333399.902603,109622.732226,23751770.00215
200,SSP3,2058,2912811.988844,1227913338,40336953155.0,2700,101355.8220591,1415166.338402,2176.84397575,333563.710712,109272.876178,23863848.30745
201,SSP3,2059,2958038.50114,1220765274,40102139252.2,2700,101626.007686,1416809.946736,2177.77716794,333711.104947,108892.6773541,24031296.9555
202,SSP3,2060,3002472.853885,1213413519,39860634099.2,2700,101877.71646180001,1418278.66835,2178.6397317700003,333843.733257,108484.5795098,24190318.2469
203,SSP3,2061,3047743.916788,1205873266,39612936787.65,2700,102112.1807184,1419591.0737700001,2179.43727801,333963.078709,108051.020517,24213965.9832
204,SSP3,2062,3092414.787618,1198171575,39359936239.8,2700,102330.5604794,1420763.799141,2180.17496285,334070.475897,107594.7458191,24248766.33735
205,SSP3,2063,3136503.2787409998,1190337555,39102588684.6,2700,102533.9460453,1421811.736975,2180.85752435,334167.125603,107118.4439909,24402600.27045
206,SSP3,2064,3180030.198284,1182400687,38841862568.65,2700,102723.360843,1422748.2099610001,2181.48931596,334254.107938,106624.7281241,24446758.163
207,SSP3,2065,3223019.211064,1174390336,38578722537.95,2700,102899.764373,1423585.131508,2182.07433786,334332.394491,106116.1131525,24614506.6051
208,SSP3,2066,3266227.363686,1166336346,38314148967.05,2700,103064.0551706,1424333.1488080001,2182.61626568,334402.859044,105595.3326,24781161.165
209,SSP3,2067,3309043.408776,1158271430,38049216475.8,2700,103217.0738365,1425001.775023,2183.11847676,334466.287481,105066.35310179999,24941589.606399998
210,SSP3,2068,3351543.7609409997,1150228605,37785009675.65,2700,103359.6059744,1425599.506685,2183.5840746,334523.386443,104533.3726211,24934526.848
211,SSP3,2069,3393804.686543,1142241025,37522617670.05,2700,103492.3852335,1426133.93077,2184.01591131,334574.791428,104000.5348409,25069066.6996
212,SSP3,2070,3435902.008285,1134341492,37263118014.75,2700,103616.0961884,1426611.8204949999,2184.41660808,334621.073873,103471.8975584,25185039.18055
213,SSP3,2071,3482671.587897,1126551046,37007201860.8,2700,103731.3771215,1427039.222397,2184.78857423,334662.747592,102950.1809602,25223074.67745
214,SSP3,2072,3529659.87307,1118843068,36753994783.15,2700,103838.8227913,1427421.532221,2185.13402477,334700.274721,102432.861995,25315437.6256
215,SSP3,2073,3576917.003609,1111179044,36502231595.05,2700,103938.9870891,1427763.566285,2185.45499585,334734.070692,101916.0980283,25368222.7052
216,SSP3,2074,3624492.616558,1103520442,36250646519.05,2700,104032.3855033,1428069.622394,2185.75336006,334764.509163,101396.0040897,25630088.5779
217,SSP3,2075,3672435.123262,1095828649,35997971118.8,2700,104119.4976633,1428343.535863,2186.03083964,334791.926193,100868.6775631,25639078.921
218,SSP3,2076,3722303.159102,1088046586,35742330351.45,2700,104200.7694781,1428588.729504,2186.28901873,334816.623905,100328.4582846,25719851.40475
219,SSP3,2077,3772771.87854,1080042410,35479393168.5,2700,104276.6154891,1428808.258018,2186.52935489,334838.874077,99762.70005069999,25722575.5536
220,SSP3,2078,3823930.8138079997,1071666002,35204228165.35,2700,104347.4208491,1429004.8472499999,2186.7531894500003,334858.921179,99157.0594167,25767628.97575
221,SSP3,2079,3875863.496721,1062767350,34911907447.75,2700,104413.5432997,1429180.930949,2186.96175712,334876.984965,98497.2336161,25827785.9239
222,SSP3,2080,3928647.045664,1053196470,34597504039.55,2700,104475.3150607,1429338.68078,2187.15619458,334893.26334,97768.9631831,25901578.6768
223,SSP3,2081,3975829.817995,1042864029,34258083352.75,2700,104533.0445544,1429480.0357310001,2187.33754876,334907.934082,96963.8849803,26000831.6265
224,SSP3,2082,4023602.258665,1031921404,33898618120.45,2700,104587.0180092,1429606.727319,2187.50678394,334921.157308,96096.9787082,26093876.2773
225,SSP3,2083,4071988.877412,1020580009,33526053297.25,2700,104637.5011106,1429720.301379,2187.66478865,334933.076991,95189.0176979,26167479.66165
226,SSP3,2084,4121003.44482,1009051461,33147340495.35,2700,104684.7402766,1429822.138274,2187.81238193,334943.822697,94260.7476946,26257371.93215
227,SSP3,2085,4170646.561194,997547084,32769421711.4,2700,104728.9641844,1429913.4715,2187.9503186800002,334953.51101,93332.8623919,26272627.9657
228,SSP3,2086,4223827.072304,986254040,32398445213.15,2700,104770.3849043,1429995.402542,2188.07929544,334962.246859,92423.6372106,26302634.8598
229,SSP3,2087,4277678.533029,975262620,32037377066.35,2700,104809.1991388,1430068.915926,2188.19995442,334970.124651,91541.8423732,26402613.9903
230,SSP3,2088,4332108.300141,964638687,31688380869.05,2700,104845.5893305,1430134.89105,2188.31288847,334977.229404,90693.8189859,26473669.77725
231,SSP3,2089,4387005.972714,954447919,31353614138.75,2700,104879.7246511,1430194.11459,2188.41864495,334983.637597,89885.8554539,26519137.44675
232,SSP3,2090,4442242.3072069995,944755730,31035225729.7,2700,104911.7620041,1430247.289418,2188.51772919,334989.418127,89124.1764056,26515130.9737
233,SSP3,2091,4499450.508787001,935609701,30734778677.8,2700,104941.8468482,1430295.043914,2188.61060802,334994.633003,88413.2371517,26557871.2523
234,SSP3,2092,4556764.7458460005,926986572,30451508890.6,2700,104970.11412720001,1430337.940453,2188.69771295,334999.338026,87750.5980363,26577103.84205
235,SSP3,2093,4613989.580829,918845590,30184077631.85,2700,104996.6889503,1430376.482053,2188.77944283,335003.583492,87132.1159084,26575778.7793
236,SSP3,2094,4670899.231481,911145784,29931139004.5,2700,105021.6873358,1430411.118382,2188.85616657,335007.414686,86553.6055281,26563785.9807
237,SSP3,2095,4727235.261035,903846491,29691357229.35,2700,105045.2169097,1430442.252124,2188.9282255000003,335010.872385,86010.9073456,26550106.5082
238,SSP3,2096,4782689.0154490005,896906899,29463391632.1,2700,105067.37747,1430470.243829,2188.99593547,335013.993275,85499.8297464,26557777.59665
239,SSP3,2097,4836969.826347,890286356,29245906795.85,2700,105088.2616099,1430495.416406,2189.05958903,335016.810538,85016.2012267,26587692.0627
240,SSP3,2098,4889708.781111,883944212,29037567362.65,2700,105107.9552143,1430518.058644,2189.11945714,335019.353891,84555.84556660001,26601976.79115
241,SSP3,2099,4940495.053784,877839921,28837041406.55,2700,105126.5379525,1430538.429247,2189.17579092,335021.650269,84114.5898641,26621098.07325
242,SSP3,2100,4988873.56615,871932827,28642993368.0,2700,105144.083775,1430556.76033,2189.2288231,335023.723789,83688.263451,26648274.8461
243,SSP4,2020,849651.436572,1313523099,38354874490.4,2400,60323.3576397,737013.982628,1921.65761109,258860.552149,74735.9493907,15158876.24345
244,SSP4,2021,904570.995319,1315670729,38417585287.6,2400,62172.3936492,774035.534109,1937.62091642,264088.594416,77127.4966439,15639764.73535
245,SSP4,2022,959894.199925,1317291755,38464919244.6,2400,63965.148000400004,809790.947833,1952.35595801,268873.651103,79347.5867979,16138069.82295
246,SSP4,2023,1015316.5353,1318395431,38497146583.2,2400,65697.2810839,844059.99321,1965.93693424,273238.808327,81395.9308647,16570837.9122
247,SSP4,2024,1070562.186471,1318990239,38514514977.4,2400,67365.2816492,876664.542472,1978.43732772,277209.123033,83274.2458101,16957045.7638
248,SSP4,2025,1125381.652947,1319085308,38517290993.4,2400,68966.449234,907470.4779780001,1989.92911087,280810.729046,84985.9575116,17372362.19525
249,SSP4,2026,1179459.811969,1318698143,38505985775.2,2400,70498.859017,936387.254469,2000.48212016,284070.110697,86536.3171734,17836155.25655
250,SSP4,2027,1232658.825826,1317880686,38482116032.8,2400,71961.3129194,963365.486703,2010.1635790999999,287013.529174,87933.6607228,18042059.404
251,SSP4,2028,1284805.309389,1316693562,38447452010.4,2400,73353.2807372,988393.048097,2019.03775064,289666.583255,89187.7458231,18255839.3731
252,SSP4,2029,1335743.533857,1315197470,38403766123.4,2400,74674.8347766,1011490.202861,2027.1656997100001,292053.885627,90308.995941,18446070.0302
253,SSP4,2030,1385334.9016769999,1313453020,38352828184.2,2400,75926.5810909,1032704.247734,2034.60514907,294198.835912,91308.2590983,18901456.29565
254,SSP4,2031,1436460.31257,1311511260,38296128793.8,2400,77109.5898866,1052104.0720260001,2041.41041159,296123.472961,92195.9699089,19038305.1543
255,SSP4,2032,1486206.470797,1309384822,38234036804.0,2400,78225.3271576,1069774.941393,2047.6323845699999,297848.390638,92980.0311218,19282869.38385
256,SSP4,2033,1534461.730455,1307076870,38166644605.0,2400,79275.5891605,1085813.720524,2053.31859404,299392.70401,93667.52841890001,19532826.2322
257,SSP4,2034,1581128.098081,1304590405,38094039824.8,2400,80262.4408538,1100324.6612190001,2058.51327745,300774.053845,94265.2610633,19799058.7401
258,SSP4,2035,1626120.886815,1301928454,38016310856.2,2400,81188.1590662,1113415.81703,2063.25749505,302008.640032,94779.7140001,19997743.335500002
259,SSP4,2036,1669462.2317610001,1299088896,37933395764.6,2400,82055.1808078,1125196.090544,2067.58926309,303111.27568,95216.6481648,20147011.5985
260,SSP4,2037,1711049.447922,1296048712,37844622390.8,2400,82866.0569997,1135772.8840659999,2071.54370126,304095.455568,95579.9733972,20353340.04255
261,SSP4,2038,1750872.738652,1292779705,37749167386.2,2400,83623.411532,1145250.300432,2075.15318902,304973.433755,95872.8236158,20589716.2005
262,SSP4,2039,1788931.253506,1289253646,37646206461.6,2400,84329.9055502,1153727.828431,2078.44752717,305756.30638,96097.9040159,20665834.25025
263,SSP4,2040,1825232.476624,1285442306,37534915335.2,2400,84988.2067175,1161299.440045,2081.45410018,306454.096207,96257.5358096,20823417.5691
264,SSP4,2041,1859403.388845,1281320836,37414568412.0,2400,85600.9631602,1168053.029487,2084.19803716,307075.837079,96353.8977895,20955204.2909
265,SSP4,2042,1891799.142774,1276878078,37284839878.6,2400,86170.7816584,1174070.128617,2086.70236934,307629.65599,96389.8066036,21186714.0364
266,SSP4,2043,1922407.1380409999,1272106253,37145502587.6,2400,86700.2097982,1179425.836228,2088.98818185,308122.852269,96368.0118941,21372257.2516
267,SSP4,2044,1951222.544449,1266997395,36996323935.8,2400,87191.7216511,1184188.911706,2091.07476001,308561.972282,96290.9575209,21483081.92095
268,SSP4,2045,1978247.749434,1261543493,36837069994.2,2400,87647.7065111,1188421.986714,2092.97972751,308952.87975,96160.814561,21766066.3589
269,SSP4,2046,2003968.158294,1255739610,36667596612.2,2400,88070.4604981,1192181.860762,2094.71917782,309300.821182,95979.7128295,21912743.12425
270,SSP4,2047,2028009.720855,1249590992,36488056966.2,2400,88462.1805189,1195519.849269,2096.30779728,309610.486257,95750.2797214,22059114.92465
271,SSP4,2048,2050446.924163,1243106069,36298697214.8,2400,88824.9602951,1198482.162332,2097.75898076,309886.063585,95475.1622591,22121813.3208
272,SSP4,2049,2071357.936925,1236292828,36099750579.8,2400,89160.7881609,1201110.296562,2099.08493885,310131.291357,95156.795117,22232617.4102
273,SSP4,2050,2090824.32246,1229159529,35891458246.0,2400,89471.5463979,1203441.426929,2100.29679814,310349.503841,94797.4587647,22260990.64055
274,SSP4,2051,2110291.581157,1221718337,35674175439.6,2400,89759.0117363,1205508.787406,2101.40469377,310543.673355,94399.54916940001,22288755.9532
275,SSP4,2052,2128492.006474,1213998946,35448769223.8,2400,90024.8569522,1207342.037246,2102.41785496,310716.448303,93966.51536610001,22378549.5365
276,SSP4,2053,2145432.957539,1206034982,35216221473.2,2400,90270.653206,1208967.605309,2103.34468385,310870.187635,93501.9448961,22428220.6483
277,SSP4,2054,2161123.026856,1197860074,34977514162.4,2400,90497.8730545,1210409.011554,2104.1928283,311006.991627,93009.3221873,22519982.8951
278,SSP4,2055,2175571.572611,1189508054,34733635178.4,2400,90707.8939924,1211687.16466,2104.96924837,311128.729918,92492.0298273,22572833.37495
279,SSP4,2056,2189328.949415,1181010511,34485506922.2,2400,90902.002238,1212820.634789,2105.68027741,311237.066214,91953.2514342,22617594.2987
280,SSP4,2057,2201944.58292,1172390358,34233798451.8,2400,91081.3969035,1213825.9020770001,2106.33167832,311333.480932,91395.6490908,22803048.9569
281,SSP4,2058,2213511.374456,1163668649,33979124553.4,2400,91247.1942498,1214717.583541,2106.92869447,311419.290934,90821.7156907,22873907.3131
282,SSP4,2059,2224123.001746,1154866267,33722094995.4,2400,91400.4320021,1215508.635237,2107.47609647,311495.667568,90233.8575441,23030551.8934
283,SSP4,2060,2233873.346686,1146004347,33463326933.8,2400,91542.0737088,1216210.53771,2107.97822516,311563.652723,89634.4260409,23129374.864749998
284,SSP4,2061,2243009.596948,1137103133,33203411481.6,2400,91673.0130774,1216833.459738,2108.4390303,311624.17293400003,89025.5141617,23296303.71645
285,SSP4,2062,2251399.858657,1128181324,32942894660.6,2400,91794.0781939,1217386.405868,2108.8621062400002,311678.05216,88408.5203762,23432342.81105
286,SSP4,2063,2259087.817796,1119256812,32682298911.6,2400,91906.03564,1217877.348415,2109.2507239,311726.023155,87784.5838338,23524866.6613
287,SSP4,2064,2266116.280891,1110347825,32422156489.6,2400,92009.5944749,1218313.34465,2109.60786074,311768.73753,87154.8038097,23536466.6547
288,SSP4,2065,2272526.996523,1101472327,32162991947.8,2400,92105.4100836,1218700.641871,2109.93622708,311806.774699,86520.2081285,23566217.5118
289,SSP4,2066,2278105.2970269998,1092645873,31905259492.6,2400,92194.0878055,1219044.76938,2110.23829068,311840.64994,85881.95154919999,23833324.0948
290,SSP4,2067,2283144.380174,1083874609,31649138583.0,2400,92276.1864162,1219350.6216479999,2110.51629869,311870.821456,85241.9042371,23833399.9259
291,SSP4,2068,2287709.618402,1075162235,31394737261.8,2400,92352.2214669,1219622.530972,2110.77229799,311897.696827,84602.1086036,23840160.2313
292,SSP4,2069,2291863.410289,1066512505,31142165146.2,2400,92422.6683442,1219864.332884,2111.00815335,311921.638456,83964.598551,23856414.31605
293,SSP4,2070,2295665.238431,1057929168,30891531705.8,2400,92487.9652336,1220079.423031,2111.22556397,311942.968725,83331.405028,23859611.59425
294,SSP4,2071,2301388.725048,1049412826,30642854518.2,2400,92548.515887,1220270.80846,2111.42607876,311961.974328,82703.8974804,23832203.16365
295,SSP4,2072,2307070.179941,1040950551,30395756090.6,2400,92604.6921574,1220441.152027,2111.6111097900002,311978.91039,82080.7287698,23848874.42085
296,SSP4,2073,2312754.102583,1032526370,30149770003.8,2400,92656.8364672,1220592.812355,2111.78194489,311994.003757,81459.8696375,23849245.2275
297,SSP4,2074,2318484.1600140003,1024124034,29904421792.0,2400,92705.26401690001,1220727.879211,2111.93975894,312007.456315,80839.24234920001,23854727.5415
298,SSP4,2075,2324302.877996,1015727303,29659237247.6,2400,92750.26491890001,1220848.2048540001,2112.08562395,312019.447697,80216.7421802,23841854.6819
299,SSP4,2076,2329931.283815,1007317534,29413671994.0,2400,92792.1060879,1220955.430352,2112.22051861,312030.13767799997,79590.2011759,23861412.307099998
300,SSP4,2077,2335688.679972,998866138,29166891230.4,2400,92831.0331432,1221051.01116,2112.34533655,312039.668556,78957.2691073,23859132.51035
301,SSP4,2078,2341595.121604,990341992,28917986167.2,2400,92867.2719812,1221136.23745,2112.46089417,312048.166832,78315.54371130001,23851710.57475
302,SSP4,2079,2347668.859868,981714132,28666052654.0,2400,92901.0304173,1221212.254299,2112.5679373,312055.745196,77662.6291419,23864708.8257
303,SSP4,2080,2353926.212844,972951488,28410183449.4,2400,92932.49957859999,1221280.077194,2112.66714797,312062.503947,76996.1204245,23881989.5378
304,SSP4,2081,2354852.259869,964040616,28149985985.8,2400,92961.8552449,1221340.607576,2112.75914976,312068.532357,76315.1218006,23901520.6369
305,SSP4,2082,2355823.738277,955037639,27887099057.6,2400,92989.2590753,1221394.645575,2112.84451311,312073.909898,75624.7467372,24019851.0319
306,SSP4,2083,2356900.767448,946015915,27623664716.2,2400,93014.8597542,1221442.902145,2112.92376029,312078.70736,74931.5997396,24108555.0963
307,SSP4,2084,2358143.99478,937049112,27361834072.2,2400,93038.79403,1221486.008412,2112.9973694,312082.987777,74242.317783,24233286.1701
308,SSP4,2085,2359615.012418,928210763,27103754279.6,2400,93061.1876748,1221524.525148,2113.06577838,312086.807268,73563.5397242,24442502.8309
309,SSP4,2086,2360748.184941,919567597,26851373832.8,2400,93082.1563696,1221558.951171,2113.12938857,312090.215812,72901.2977975,24490779.4546
310,SSP4,2087,2362108.510786,911158486,26605827790.4,2400,93101.8065586,1221589.729768,2113.18856801,312093.257946,72259.1440025,24535149.55585
311,SSP4,2088,2363678.580099,903015422,26368050322.6,2400,93120.2361433,1221617.254944,2113.24365416,312095.97334799997,71640.0080488,24560222.52955
312,SSP4,2089,2365440.330806,895170294,26138972585.4,2400,93137.5352066,1221641.877666,2113.29495685,312098.3974,71046.8170009,24582956.2963
313,SSP4,2090,2367375.867139,887655125,25919529650.2,2400,93153.7866598,1221663.910033,2113.34276043,312100.561517,70482.5048886,24618011.1098
314,SSP4,2091,2369054.5297520002,880490333,25710317723.4,2400,93169.066833,1221683.629943,2113.38732614,312102.493828,69948.9519249,24656487.4849
315,SSP4,2092,2370832.942337,873650587,25510597141.0,2400,93183.4459658,1221701.284867,2113.42889409,312104.219342,69443.8761108,24761548.5832
316,SSP4,2093,2372722.538564,867099167,25319295676.2,2400,93196.9887459,1221717.095135,2113.46768505,312105.760344,68963.9341526,24812963.345
317,SSP4,2094,2374736.698471,860799174,25135335881.8,2400,93209.7547511,1221731.257414,2113.50390207,312107.136685,68505.7592517,24822518.10615
318,SSP4,2095,2376891.393599,854713841,24957644156.4,2400,93221.7988802,1221743.946465,2113.53773207,312108.366144,68065.9830093,24825477.7323
319,SSP4,2096,2378591.669545,848806295,24785143815.2,2400,93233.1717006,1221755.318595,2113.56934724,312109.464445,67641.20266703,24840474.6297
320,SSP4,2097,2380444.23591,843039690,24616758948.6,2400,93243.9198302,1221765.5128900001,2113.59890617,312110.445729,67228.01985377,24880282.28595
321,SSP4,2098,2382475.879063,837377056,24451410035.0,2400,93254.0862406,1221774.653848,2113.62655506,312111.322539,66823.00934049,24877252.08875
322,SSP4,2099,2384718.993248,831781437,24288017960.600002,2400,93263.7106029,1221782.851863,2113.65242882,312112.106079,66422.74005264,24861558.5543
323,SSP4,2100,2387212.504243,826215978,24125506557.8,2400,93272.82947520001,1221790.206247,2113.67665194,312112.806352,66023.78375728,24877443.8546
324,SSP5,2020,827770.964784,1342190947,48989969570.0,3000,61213.7179434,754632.194137,1953.55170798,268833.228933,80535.4196607,13857187.949000001
325,SSP5,2021,877235.227987,1349727626,49265058354.5,3000,63437.8964411,799987.292981,1974.91137005,276024.314752,84186.597616,14487647.17085
326,SSP5,2022,926297.573446,1356197958,49501225471.5,3000,65652.6318048,845341.568975,1995.1496906,282828.296959,87693.6485861,15176292.435150001
327,SSP5,2023,974670.336271,1361681349,49701369244.0,3000,67851.4416751,890399.889414,2014.29658047,289245.036495,91043.8117521,15894044.88155
328,SSP5,2024,1022103.3446620001,1366257706,49868406273.5,3000,70028.0882233,934877.411737,2032.38531225,295278.332758,94227.3002267,16612508.4301
329,SSP5,2025,1068380.944858,1370006338,50005231340.5,3000,72176.6502952,978506.869216,2049.451831,300935.28502,97237.16865580001,17040264.6668
330,SSP5,2026,1113247.343832,1373025213,50115420277.0,3000,74291.5856171,1021044.593528,2065.53412274,306225.694027,100070.9166001,17388735.405500002
331,SSP5,2027,1156597.922568,1375485370,50205216010.5,3000,76367.7819625,1062275.058489,2080.67164262,311161.513981,102735.6197082,17788636.0261
332,SSP5,2028,1198285.982015,1377575879,50281519590.0,3000,78400.5966678,1102013.89394,2094.90480432,315756.359405,105243.1360519,18181127.33685
333,SSP5,2029,1238188.318054,1379485967,50351237798.5,3000,80385.8844541,1140109.446081,2108.27452847,320025.0693,107608.1785503,19051448.35165
334,SSP5,2030,1276203.764897,1381404736,50421272869.5,3000,82320.0139011,1176443.048901,2120.8218482,323983.326206,109847.9442448,19521531.76015
335,SSP5,2031,1316540.59821,1383468673,50496606570.0,3000,84199.8733284,1210928.21542,2132.5875692600002,327647.32864,111977.1635425,20124676.53005
336,SSP5,2032,1355124.014017,1385604777,50574574366.0,3000,86022.8670574,1243508.966617,2143.61198044,331033.512567,113993.4375902,20553042.04635
337,SSP5,2033,1391903.106495,1387687509,50650594083.0,3000,87786.9033987,1274157.511222,2153.93461094,334158.318359,115889.7845011,21054809.1871
338,SSP5,2034,1426843.217677,1389591230,50720079899.5,3000,89490.3755254,1302871.466364,2163.59403046,337037.998572,117659.0516724,21331030.9168
339,SSP5,2035,1459924.750982,1391190623,50778457744.0,3000,91132.1367601,1329670.791866,2172.62768782,339688.462749,119293.9314714,21520074.83075
340,SSP5,2036,1490721.1661679999,1392400434,50822615845.5,3000,92711.4715189,1354594.584602,2181.07178458,342125.154482,120790.5036153,21810813.2591
341,SSP5,2037,1519687.744127,1393294664,50855255241.0,3000,94228.06305129999,1377697.85857,2188.96117899,344362.957051,122159.16285950001,22028697.082
342,SSP5,2038,1546878.167939,1393987604,50880547553.5,3000,95681.9593536,1399048.416262,2196.32931722,346416.123963,123414.4312827,22212787.190899998
343,SSP5,2039,1572358.066117,1394593356,50902657499.5,3000,97073.5378956,1418723.894927,2203.20818807,348298.230341,124571.3047875,22471239.1784
344,SSP5,2040,1596203.862064,1395225883,50925744733.5,3000,98403.4702765,1436809.0493339999,2209.62829808,350022.14243300003,125645.0979155,22707695.2451
345,SSP5,2041,1617569.909862,1395968903,50952864963.5,3000,99672.6873092,1453393.31571,2215.61866374,351600.002079,126648.6095002,22791580.6065
346,SSP5,2042,1637388.128176,1396784877,50982648015.0,3000,100882.3451642,1468568.680954,2221.20681863,353043.223474,127583.603938,23051111.31805
347,SSP5,2043,1655710.005287,1397606124,51012623531.0,3000,102033.7929325,1482427.863925,2226.41883208,354362.499857,128448.7865021,23201215.2863
348,SSP5,2044,1672592.512723,1398365005,51040322690.0,3000,103128.5420396,1495062.805477,2231.27933878,355567.818305,129242.5170702,23316864.1158
349,SSP5,2045,1688097.475596,1398993805,51063273887.5,3000,104168.2375308,1506563.449463,2235.81157527,356668.480644,129962.8219791,23450521.8247
350,SSP5,2046,1702512.020189,1399432710,51079293920.5,3000,105154.6316021,1517016.791778,2240.0374234299998,357673.12873,130608.0889672,23508838.70315
351,SSP5,2047,1715762.553639,1399652673,51087322572.0,3000,106089.5592702,1526506.169133,2243.97745862,358589.773672,131179.0473147,23603560.9428
352,SSP5,2048,1727977.018213,1399632275,51086578042.0,3000,106974.91627660001,1535110.755663,2247.65100099,359425.826567,131676.8409521,23836233.4156
353,SSP5,2049,1739283.647037,1399350178,51076281502.0,3000,107812.6392147,1542905.236744,2251.07616968,360188.131079,132102.3718275,24018441.3212
354,SSP5,2050,1749810.594485,1398784878,51055648051.5,3000,108604.6877374,1549959.631783,2254.269938,360882.996761,132456.3152775,24239964.1416
355,SSP5,2051,1761144.888432,1397928649,51024395694.0,3000,109353.0288798,1556339.233767,2257.24818944,361516.231762,132740.4141035,24367376.2707
356,SSP5,2052,1771984.446289,1396828796,50984251057.5,3000,110059.6233736,1562104.646627,2260.02577376,362093.175847,132961.4713633,24483701.62055
357,SSP5,2053,1782387.739713,1395546336,50937441268.0,3000,110726.4136543,1567311.892453,2262.61656223,362618.732091,133127.4750563,24586514.786849998
358,SSP5,2054,1792411.267825,1394142282,50886193300.0,3000,111355.3137598,1572012.574459,2265.03350223,363097.397797,133246.2963997,24664599.71855
359,SSP5,2055,1802108.725913,1392677696,50832735909.5,3000,111948.20065489999,1576254.0779259999,2267.28867014,363533.294049,133325.6884854,24701694.35425
360,SSP5,2056,1812623.737215,1391211338,50779213844.0,3000,112506.9071402,1580079.7957620001,2269.39332285,363930.19386400003,133373.1111577,24741329.1006
361,SSP5,2057,1822882.668325,1389793333,50727456661.5,3000,113033.2159182,1583529.370283,2271.35794752,364291.548737,133395.2717684,24781394.5416
362,SSP5,2058,1832997.894542,1388471617,50679214023.0,3000,113528.8550568,1586638.941815,2273.19230887,364620.51403,133398.5911222,24978431.24445
363,SSP5,2059,1843078.689418,1387294302,50636242030.5,3000,113995.494236,1589441.396332,2274.90549517,364919.972294,133389.3744041,25195553.10425
364,SSP5,2060,1853230.707812,1386309167,50600284600.5,3000,114434.7422409,1591966.611002,2276.50596134,365192.555518,133373.7771576,25254843.99915
365,SSP5,2061,1864267.728497,1385558121,50572871420.5,3000,114848.145099,1594241.690491,2278.00157048,365440.665645,133357.312418,25304281.70795
366,SSP5,2062,1875415.312559,1385058593,50554638649.0,3000,115237.1849256,1596291.1941250002,2279.3996327199998,365666.493595,133343.2224759,25331353.52215
367,SSP5,2063,1886701.461174,1384821683,50545991436.5,3000,115603.2795072,1598137.349511,2280.70694251,365872.03706,133334.0974653,25538356.1903
368,SSP5,2064,1898148.355953,1384858767,50547344998.5,3000,115947.7823993,1599800.256169,2281.9298133,366059.116935,133332.4512408,25363213.3703
369,SSP5,2065,1909772.132879,1385181264,50559116140.0,3000,116271.9834189,1601298.07329,2283.07411042,366229.392306,133340.7274213,25533701.7145
370,SSP5,2066,1921717.881028,1385794248,50581490056.5,3000,116577.1096072,1602647.194535,2284.1452820599998,366384.374509,133360.6756896,25602377.270800002
371,SSP5,2067,1933837.5711420001,1386678266,50613756714.0,3000,116864.3264038,1603862.411589,2285.14838818,366525.439887,133391.5250013,25631248.9471
372,SSP5,2068,1946178.602792,1387807626,50654978354.0,3000,117134.7392617,1604957.0623559998,2286.0881276,366653.841589,133431.81298329998,25577946.50255
373,SSP5,2069,1958782.646458,1389156653,50704217838.0,3000,117389.3952329,1605943.168706,2286.96886352,366770.720392,133480.0296561,25570871.94875
374,SSP5,2070,1971685.806946,1390699763,50760541355.5,3000,117629.28493,1606831.561838,2287.7946472,366877.114582,133534.6079362,25624052.1754
375,SSP5,2071,1987127.3399750001,1392414143,50823116222.5,3000,117855.34451309999,1607631.996651,2288.56924027,366973.969027,133594.3186351,25715893.80835
376,SSP5,2072,2003098.676044,1394288203,50891519414.0,3000,118068.45770479999,1608353.25626,2289.2961352,367062.143534,133659.39826729998,25824223.36665
377,SSP5,2073,2019569.074937,1396313175,50965430892.0,3000,118269.4580347,1609003.246794,2289.97857489,367142.420339,133730.4225361,25850158.246150002
378,SSP5,2074,2036501.972384,1398480078,51044522851.0,3000,118459.1309044,1609589.084029,2290.61957028,367215.511163,133807.9240517,25853336.859
379,SSP5,2075,2053855.571495,1400779994,51128469785.0,3000,118638.2158277,1610117.17099,2291.22191732,367282.063412,133892.4078864,25882903.21015
380,SSP5,2076,2071966.064206,1403209282,51217138798.5,3000,118807.4086089,1610593.268226,2291.78821265,367342.665966,133984.707529,25928085.19635
381,SSP5,2077,2090427.753486,1405785179,51311159038.5,3000,118967.3633944,1611022.558841,2292.32086754,367397.854623,134087.0058064,26010669.07235
382,SSP5,2078,2109270.179852,1408530389,51411359203.5,3000,119118.6949018,1611409.705506,2292.82212202,367448.116568,134201.8127769,25948710.98235
383,SSP5,2079,2128520.75357,1411467649,51518569192.5,3000,119261.9803541,1611758.902057,2293.29405671,367493.895081,134331.6046437,26034328.40705
384,SSP5,2080,2148205.441497,1414619616,51633615988.0,3000,119397.76155740001,1612073.922014,2293.73860489,367535.593247,134478.824356,26050220.926799998
385,SSP5,2081,2165589.946621,1418003611,51757131806.5,3000,119526.5467695,1612358.159372,2294.15756297,367573.57779,134645.4466749,26003176.47015
386,SSP5,2082,2183400.045614,1421615053,51888949439.5,3000,119648.8126312,1612614.66742,2294.5526004900003,367608.18225,134831.6194049,25933859.8681
387,SSP5,2083,2201598.262728,1425444164,52028711991.0,3000,119765.0059226,1612846.193245,2294.9252695,367639.709997,135037.0851988,26002838.9254
388,SSP5,2084,2220149.713522,1429481012,52176056939.0,3000,119875.5452295,1613055.208723,2295.2770131,367668.437066,135261.58379540002,26038760.1461
389,SSP5,2085,2239022.958763,1433715945,52330631998.0,3000,119980.82271390001,1613243.937158,2295.60917321,367694.61442,135504.8947416,26069317.6014
390,SSP5,2086,2258717.788391,1438139233,52492082008.0,3000,120081.2055793,1613414.380318,2295.9229981500002,367718.470531,135766.680634,26092403.63305
391,SSP5,2087,2278611.258918,1442741490,52660064389.0,3000,120177.0375618,1613568.338679,2296.21964931,367740.213095,136046.075431,26111233.05425
392,SSP5,2088,2298711.243687,1447513037,52834225855.5,3000,120268.6404411,1613707.433705,2296.50020765,367760.031192,136342.0496628,26102325.16565
393,SSP5,2089,2319035.5706909997,1452444502,53014224325.5,3000,120356.3152946,1613833.12452,2296.76567933,367778.096744,136653.5924659,26133627.9064
394,SSP5,2090,2339613.8895610003,1457526534,53199718494.5,3000,120440.3438315,1613946.7250909999,2297.01700131,367794.566248,136979.6812804,26137865.6902
395,SSP5,2091,2361016.621787,1462745903,53390225463.0,3000,120520.9895525,1614049.4180679999,2297.25504625,367809.582163,137318.8824414,26143222.8145
396,SSP5,2092,2382699.16597,1468074684,53584725970.0,3000,120598.4989372,1614142.269356,2297.48062732,367823.273936,137668.1819243,26149693.759099998
397,SSP5,2093,2404715.497107,1473481222,53782064606.5,3000,120673.1025182,1614226.238388,2297.69450236,367835.759666,138024.1391885,26034169.5468
398,SSP5,2094,2427139.684534,1478933600,53981076405.0,3000,120745.01582849999,1614302.189766,2297.89737789,367847.146498,138383.2629816,26063694.54485
399,SSP5,2095,2450068.455173,1484399972,54180598981.0,3000,120814.440466,1614370.902491,2298.0899128,367857.532237,138742.0323891,26097775.7533
400,SSP5,2096,2474112.174435,1489848486,54379469744.0,3000,120881.5649043,1614433.078557,2298.27272189,367867.005778,139096.8985129,26166293.3658
401,SSP5,2097,2498961.03406,1495247072,54576518133.0,3000,120946.5653972,1614489.350546,2298.44637891,367875.648062,139444.2654194,26196698.4613
402,SSP5,2098,2524797.5001519998,1500563719,54770575748.0,3000,121009.60670620001,1614540.289501,2298.61141958,367883.532789,139780.5198758,26211966.6406
403,SSP5,2099,2551838.368604,1505766424,54960474479.0,3000,121070.8429638,1614586.40906,2298.7683441,367890.727086,140102.01547,26370896.802
404,SSP5,2100,2580337.960461,1510822991,55145039177.5,3000,121130.4182284,1614628.173961,2298.91761997,367897.292002,140405.0711584,26400600.78025
