,0
0,上海市
1,23019194
2,23239156
3,23470380
4,23709677
5,23953897
6,24199916
7,24444640
8,24684997
9,24917935
10,25140418
11,25349427
12,25542756
13,25721419
14,25887232
15,26042013
16,26187589
17,26325555
18,26456579
19,26581095
20,26699547
21,26812383
22,26920053
23,27023040
24,27121833
25,27216927
26,27308815
27,27397796
28,27483374
29,27564846
30,27641510
31,27712656
32,27777764
33,27837082
34,27891046
35,27940091
36,27984651
37,28024985
38,28060636
39,28090977
40,28115390
41,28133261
42,28144118
43,28148067
44,28145346
45,28136208
46,28120898
47,28099639
48,28072546
49,28039696
50,28001153
51,27956976
52,27907270
53,27852380
54,27792699
55,27728612
56,27660483
57,27588780
58,27514391
59,27438326
60,27361615
61,27285302
62,27210066
63,27135033
64,27058930
65,26980470
66,26898348
67,26811146
68,26717037
69,26614072
70,26500268
71,26373593
72,26233159
73,26082880
74,25927949
75,25773665
76,25625451
77,25488279
78,25364950
79,25257743
80,25168976
81,25101003
82,25055359
83,25030203
84,25022798
85,25030345
86,25049997
87,25078846
88,25113952
89,25152326
90,25190947
91,25226766
92,云南省
93,45966766
94,46077176
95,46242756
96,46454736
97,46704344
98,46982793
99,47281268
100,47590935
101,47902968
102,48208514
103,48498747
104,48766634
105,49012412
106,49238124
107,49445812
108,49637522
109,49815169
110,49980125
111,50133618
112,50276883
113,50411170
114,50537788
115,50658235
116,50774072
117,50886895
118,50998265
119,51109360
120,51219586
121,51327992
122,51433574
123,51535340
124,51632194
125,51722669
126,51805188
127,51878178
128,51940002
129,51989390
130,52026291
131,52051000
132,52063798
133,52065028
134,52055177
135,52035498
136,52007438
137,51972422
138,51931960
139,51887514
140,51840563
141,51792625
142,51745204
143,51699842
144,51658127
145,51621976
146,51593360
147,51574270
148,51566705
149,51571931
150,51588303
151,51613371
152,51644617
153,51679477
154,51715675
155,51752402
156,51789216
157,51825733
158,51861558
159,51896336
160,51929996
161,51962571
162,51994152
163,52024922
164,52055747
165,52089729
166,52130570
167,52181837
168,52247124
169,52328794
170,52424635
171,52531136
172,52644642
173,52761326
174,52877870
175,52993199
176,53106919
177,53218647
178,53328115
179,53435039
180,53539228
181,53640512
182,53738779
183,53833927
184,内蒙古自治区
185,24407563
186,24490011
187,24585127
188,24689618
189,24800262
190,24913825
191,25027093
192,25136818
193,25239855
194,25333010
195,25412990
196,25477444
197,25526870
198,25562595
199,25585967
200,25598312
201,25600773
202,25594229
203,25579436
204,25557082
205,25527890
206,25492588
207,25451655
208,25405622
209,25354950
210,25300068
211,25241352
212,25178357
213,25110679
214,25037635
215,24958818
216,24873760
217,24782436
218,24685030
219,24581657
220,24472463
221,24357516
222,24236787
223,24110095
224,23977276
225,23838169
226,23692674
227,23540831
228,23382776
229,23218570
230,23048294
231,22872179
232,22691045
233,22505938
234,22317839
235,22127713
236,21936594
237,21745453
238,21555299
239,21367119
240,21181979
241,21000778
242,20823620
243,20650603
244,20481595
245,20316723
246,20155899
247,19998752
248,19844791
249,19693467
250,19544371
251,19396899
252,19250197
253,19103329
254,18955313
255,18805186
256,18652317
257,18497912
258,18343513
259,18190891
260,18041695
261,17897641
262,17759977
263,17629961
264,17508774
265,17397706
266,17297483
267,17206714
268,17123428
269,17045618
270,16971140
271,16898050
272,16824123
273,16747284
274,16665354
275,16576120
276,北京市
277,19612368
278,19798661
279,20001995
280,20218520
281,20444390
282,20675782
283,20908880
284,21139884
285,21365017
286,21580508
287,21782606
288,21968433
289,22138596
290,22294591
291,22437896
292,22570001
293,22692297
294,22805739
295,22911167
296,23009438
297,23101405
298,23187893
299,23269628
300,23347298
301,23421600
302,23493230
303,23562721
304,23629937
305,23694571
306,23756317
307,23814859
308,23869912
309,23921287
310,23968816
311,24012327
312,24051643
313,24086624
314,24117288
315,24143711
316,24165965
317,24184134
318,24197929
319,24205575
320,24204888
321,24193683
322,24169749
323,24132352
324,24086751
325,24039738
326,23998186
327,23969045
328,23954153
329,23934474
330,23885415
331,23781958
332,23598595
333,23320787
334,22979715
335,22618695
336,22281890
337,22014323
338,21849463
339,21771494
340,21751750
341,21761037
342,21769603
343,21753071
344,21710260
345,21645921
346,21564895
347,21472110
348,21372015
349,21266878
350,21158418
351,21048382
352,20938535
353,20830907
354,20728474
355,20634516
356,20552385
357,20485506
358,20436429
359,20404075
360,20386394
361,20381287
362,20386629
363,20400240
364,20419919
365,20443419
366,20468488
367,20492828
368,吉林省
369,27452818
370,27452988
371,27459597
372,27469939
373,27481306
374,27491069
375,27496535
376,27495070
377,27484008
378,27460677
379,27422398
380,27367206
381,27296033
382,27210522
383,27112346
384,27003128
385,26884328
386,26756587
387,26620391
388,26476200
389,26324458
390,26165591
391,25999970
392,25827917
393,25649738
394,25465767
395,25276201
396,25080821
397,24879340
398,24671453
399,24456855
400,24235350
401,24007073
402,23772299
403,23531299
404,23284363
405,23031679
406,22773071
407,22508188
408,22236685
409,21958218
410,21672542
411,21380222
412,21081947
413,20778371
414,20470177
415,20157867
416,19841421
417,19520705
418,19195564
419,18865803
420,18531621
421,18194762
422,17857439
423,17521912
424,17190559
425,16865234
426,16545859
427,16231860
428,15922675
429,15617815
430,15316830
431,15019584
432,14725971
433,14435906
434,14149262
435,13865816
436,13584941
437,13305806
438,13027549
439,12749207
440,12469856
441,12189113
442,11906726
443,11622529
444,11336392
445,11048973
446,10763908
447,10485662
448,10218843
449,9968183
450,9737325
451,9524957
452,9328462
453,9145194
454,8972375
455,8807187
456,8646746
457,8488126
458,8328319
459,8164294
460,四川省
461,80420721
462,80236984
463,80114760
464,80042731
465,80009648
466,80004189
467,80014992
468,80030642
469,80039696
470,80030655
471,79991981
472,79914447
473,79798238
474,79645928
475,79460037
476,79243070
477,78997715
478,78727209
479,78434971
480,78124392
481,77798819
482,77461097
483,77111757
484,76750817
485,76378249
486,75994007
487,75598214
488,75191803
489,74775841
490,74351500
491,73919860
492,73481620
493,73035305
494,72578958
495,72110695
496,71628607
497,71131048
498,70617382
499,70087158
500,69539887
501,68975063
502,68392518
503,67793620
504,67180108
505,66553692
506,65915996
507,65268920
508,64615404
509,63958672
510,63301938
511,62648422
512,62001124
513,61362092
514,60733192
515,60116368
516,59513637
517,58925982
518,58349856
519,57780623
520,57213557
521,56643929
522,56068325
523,55488589
524,54907930
525,54329613
526,53756968
527,53192310
528,52633494
529,52077201
530,51519952
531,50958129
532,50388885
533,49813164
534,49232962
535,48650379
536,48067632
537,47487272
538,46912640
539,46347431
540,45795381
541,45260445
542,44745399
543,44248242
544,43765663
545,43294252
546,42830563
547,42371131
548,41912411
549,41450781
550,40982612
551,40504168
552,天津市
553,11768136
554,11851249
555,11943039
556,12041408
557,12144271
558,12249551
559,12355175
560,12459075
561,12559198
562,12653493
563,12739904
564,12816872
565,12884783
566,12944496
567,12996875
568,13042788
569,13083033
570,13118136
571,13148553
572,13174741
573,13197158
574,13216249
575,13232423
576,13246065
577,13257576
578,13267346
579,13275667
580,13282447
581,13287486
582,13290589
583,13291562
584,13290249
585,13286675
586,13280916
587,13273036
588,13263110
589,13251155
590,13236945
591,13220197
592,13200634
593,13177972
594,13151981
595,13122630
596,13089940
597,13053930
598,13014611
599,12972035
600,12926399
601,12877945
602,12826895
603,12773481
604,12717945
605,12660625
606,12601873
607,12542049
608,12481511
609,12420558
610,12359230
611,12297497
612,12235341
613,12172737
614,12109718
615,12046478
616,11983266
617,11920338
618,11857953
619,11796123
620,11733847
621,11669844
622,11602808
623,11531396
624,11454588
625,11372732
626,11286530
627,11196706
628,11103988
629,11009556
630,10916294
631,10827596
632,10746937
633,10677876
634,10623111
635,10581644
636,10551518
637,10530709
638,10517161
639,10508772
640,10503400
641,10498870
642,10492977
643,10483492
644,宁夏回族自治区
645,6618966
646,6650021
647,6689578
648,6736284
649,6788776
650,6845693
651,6905683
652,6967378
653,7029418
654,7090445
655,7149098
656,7204296
657,7256010
658,7304506
659,7350034
660,7392844
661,7433186
662,7471248
663,7507209
664,7541248
665,7573542
666,7604287
667,7633693
668,7661993
669,7689405
670,7716157
671,7742429
672,7768201
673,7793408
674,7817990
675,7841864
676,7864957
677,7887100
678,7908108
679,7927796
680,7945975
681,7962471
682,7977188
683,7990036
684,8000942
685,8009823
686,8016660
687,8021683
688,8025154
689,8027361
690,8028592
691,8029113
692,8029151
693,8028940
694,8028677
695,8028602
696,8028934
697,8029929
698,8031846
699,8034941
700,8039467
701,8045598
702,8053159
703,8061881
704,8071493
705,8081711
706,8092256
707,8102930
708,8113565
709,8123967
710,8133978
711,8143434
712,8152368
713,8160819
714,8168860
715,8176579
716,8184149
717,8192079
718,8200934
719,8211285
720,8223680
721,8238497
722,8255325
723,8273561
724,8292584
725,8311749
726,8330488
727,8348712
728,8366450
729,8383757
730,8400681
731,8417298
732,8433671
733,8449897
734,8466067
735,8482265
736,安徽省
737,58569086
738,58593154
739,58681310
740,58821508
741,59001684
742,59209722
743,59433470
744,59660747
745,59879376
746,60077132
747,60241812
748,60363868
749,60444546
750,60487774
751,60497495
752,60477626
753,60432282
754,60366295
755,60284706
756,60192517
757,60094760
758,59995980
759,59898881
760,59805728
761,59718762
762,59640262
763,59571822
764,59512557
765,59460921
766,59415373
767,59374401
768,59335853
769,59295183
770,59247215
771,59186736
772,59108542
773,59008393
774,58886001
775,58742080
776,58577367
777,58392553
778,58188959
779,57970323
780,57740959
781,57505229
782,57267488
783,57031540
784,56798884
785,56570398
786,56347017
787,56129653
788,55919488
789,55718800
790,55530183
791,55356251
792,55199662
793,55062187
794,54941890
795,54835871
796,54741176
797,54654780
798,54574056
799,54498212
800,54426916
801,54359851
802,54296697
803,54237221
804,54181385
805,54129265
806,54080975
807,54036710
808,53996859
809,53962152
810,53933392
811,53911247
812,53896297
813,53888999
814,53889638
815,53898483
816,53915709
817,53941498
818,53975828
819,54018162
820,54067877
821,54124363
822,54187074
823,54255457
824,54329029
825,54407314
826,54489855
827,54576237
828,山东省
829,95792722
830,95929193
831,96139923
832,96409521
833,96722645
834,97063913
835,97417949
836,97769364
837,98102777
838,98402768
839,98653896
840,98844303
841,98976539
842,99056739
843,99090997
844,99085441
845,99045869
846,98976857
847,98882687
848,98767611
849,98635876
850,98491169
851,98334923
852,98168001
853,97991251
854,97805542
855,97611307
856,97407562
857,97192947
858,96966110
859,96725685
860,96470446
861,96199599
862,95912523
863,95608586
864,95287163
865,94947644
866,94589309
867,94211412
868,93813195
869,93393852
870,92953190
871,92493432
872,92017404
873,91527918
874,91027757
875,90519574
876,90005447
877,89487307
878,88967083
879,88446679
880,87928309
881,87415355
882,86911545
883,86420684
884,85946652
885,85491929
886,85053194
887,84625603
888,84204272
889,83784224
890,83362129
891,82941295
892,82526828
893,82123951
894,81737950
895,81372022
896,81020390
897,80674933
898,80327375
899,79969305
900,79594699
901,79207868
902,78815710
903,78425285
904,78043709
905,77677045
906,77326645
907,76992660
908,76675220
909,76374423
910,76090306
911,75822674
912,75571321
913,75336069
914,75116812
915,74913430
916,74725868
917,74554094
918,74398060
919,74257786
920,山西省
921,35275759
922,35322619
923,35410127
924,35531440
925,35679711
926,35848051
927,36029569
928,36217347
929,36404478
930,36584028
931,36749077
932,36893926
933,37017836
934,37121327
935,37204874
936,37269010
937,37314387
938,37342316
939,37354266
940,37351685
941,37336043
942,37308813
943,37271426
944,37225351
945,37172036
946,37112939
947,37049211
948,36981015
949,36908218
950,36830714
951,36748381
952,36661050
953,36568512
954,36470518
955,36366804
956,36257136
957,36141215
958,36018508
959,35888451
960,35750430
961,35603855
962,35448257
963,35283808
964,35110775
965,34929452
966,34740116
967,34543248
968,34340288
969,34132913
970,33922803
971,33711642
972,33500963
973,33291668
974,33084521
975,32880299
976,32679802
977,32483546
978,32291080
979,32101654
980,31914545
981,31728991
982,31544221
983,31359213
984,31172894
985,30984168
986,30791927
987,30595178
988,30393477
989,30186475
990,29973836
991,29755146
992,29530491
993,29301965
994,29072234
995,28844029
996,28620122
997,28403036
998,28193755
999,27992919
1000,27801199
1001,27619260
1002,27447361
1003,27284077
1004,27127493
1005,26975719
1006,26826801
1007,26678762
1008,26529640
1009,26377413
1010,26220062
1011,26055543
1012,广东省
1013,104320457
1014,105236240
1015,106301018
1016,107490167
1017,108778994
1018,110142802
1019,111556881
1020,112996584
1021,114437288
1022,115854465
1023,117223654
1024,118525247
1025,119758834
1026,120928815
1027,122039634
1028,123095738
1029,124101506
1030,125060958
1031,125977978
1032,126856531
1033,127700610
1034,128514230
1035,129301539
1036,130066727
1037,130814010
1038,131547624
1039,132270961
1040,132983921
1041,133685498
1042,134374678
1043,135050424
1044,135711631
1045,136356908
1046,136984754
1047,137593615
1048,138181912
1049,138747855
1050,139289043
1051,139802976
1052,140287219
1053,140739410
1054,141157661
1055,141541832
1056,141892239
1057,142209242
1058,142493220
1059,142744779
1060,142965149
1061,143155724
1062,143317858
1063,143452884
1064,143562296
1065,143648437
1066,143713729
1067,143760550
1068,143791117
1069,143807503
1070,143811411
1071,143804409
1072,143788027
1073,143763798
1074,143732537
1075,143692438
1076,143641038
1077,143575932
1078,143494677
1079,143394279
1080,143269308
1081,143113818
1082,142921842
1083,142687426
1084,142407930
1085,142094362
1086,141761117
1087,141422720
1088,141093767
1089,140787780
1090,140513557
1091,140278796
1092,140091253
1093,139958780
1094,139886162
1095,139865763
1096,139886708
1097,139937969
1098,140008398
1099,140086724
1100,140161604
1101,140221578
1102,140255100
1103,140250621
1104,广西壮族自治区
1105,46023759
1106,46212491
1107,46460092
1108,46757111
1109,47094074
1110,47461465
1111,47849787
1112,48249517
1113,48651165
1114,49045174
1115,49422074
1116,49774566
1117,50104143
1118,50414512
1119,50709342
1120,50992387
1121,51267144
1122,51536372
1123,51802615
1124,52068446
1125,52336441
1126,52608879
1127,52886833
1128,53171042
1129,53462285
1130,53761335
1131,54068598
1132,54382828
1133,54702376
1134,55025557
1135,55350728
1136,55676418
1137,56002087
1138,56327360
1139,56651884
1140,56975247
1141,57297099
1142,57617259
1143,57935646
1144,58252228
1145,58567002
1146,58880248
1147,59193081
1148,59506913
1149,59823192
1150,60143432
1151,60469040
1152,60800840
1153,61139526
1154,61485836
1155,61840512
1156,62204507
1157,62579500
1158,62967307
1159,63369687
1160,63788349
1161,64224661
1162,64678782
1163,65150476
1164,65639474
1165,66145332
1166,66667365
1167,67203995
1168,67753463
1169,68314049
1170,68884023
1171,69461936
1172,70047405
1173,70640551
1174,71241700
1175,71851506
1176,72471264
1177,73103634
1178,73751368
1179,74416940
1180,75102424
1181,75809021
1182,76535433
1183,77279600
1184,78039190
1185,78811671
1186,79594543
1187,80386312
1188,81185892
1189,81992245
1190,82804400
1191,83621485
1192,84442695
1193,85267307
1194,86094684
1195,86924264
1196,新疆维吾尔自治区
1197,21826722
1198,22008535
1199,22218063
1200,22450501
1201,22701117
1202,22964901
1203,23237248
1204,23513237
1205,23788081
1206,24057103
1207,24315447
1208,24559496
1209,24789824
1210,25008131
1211,25216210
1212,25415659
1213,25608123
1214,25794986
1215,25977380
1216,26156491
1217,26333618
1218,26509838
1219,26685810
1220,26862072
1221,27039199
1222,27217823
1223,27398171
1224,27579551
1225,27760870
1226,27941112
1227,28119256
1228,28294420
1229,28466397
1230,28635204
1231,28800757
1232,28963062
1233,29122019
1234,29277564
1235,29429538
1236,29577925
1237,29722650
1238,29863752
1239,30001590
1240,30136765
1241,30269729
1242,30401066
1243,30531305
1244,30660783
1245,30789811
1246,30918705
1247,31047731
1248,31177309
1249,31308061
1250,31440609
1251,31575531
1252,31713470
1253,31854803
1254,31999383
1255,32146931
1256,32297082
1257,32449395
1258,32603648
1259,32759919
1260,32918708
1261,33080266
1262,33245104
1263,33413378
1264,33584613
1265,33758108
1266,33933334
1267,34109815
1268,34287300
1269,34466408
1270,34647704
1271,34831696
1272,35018804
1273,35209293
1274,35404174
1275,35604500
1276,35811313
1277,36025544
1278,36247683
1279,36476492
1280,36710182
1281,36947016
1282,37185289
1283,37423254
1284,37659139
1285,37891311
1286,38118010
1287,38337617
1288,江苏省
1289,79592328
1290,79833865
1291,80127666
1292,80461839
1293,80824521
1294,81203873
1295,81588077
1296,81965335
1297,82323849
1298,82651807
1299,82937431
1300,83170713
1301,83348920
1302,83471138
1303,83536421
1304,83543846
1305,83494611
1306,83398537
1307,83267562
1308,83113629
1309,82948682
1310,82782418
1311,82615742
1312,82447330
1313,82275827
1314,82099912
1315,81918275
1316,81729939
1317,81533975
1318,81329477
1319,81115536
1320,80890998
1321,80653759
1322,80401466
1323,80131784
1324,79842376
1325,79531066
1326,79196340
1327,78836775
1328,78450953
1329,78037415
1330,77595682
1331,77129153
1332,76642221
1333,76139267
1334,75624655
1335,75102134
1336,74573032
1337,74038046
1338,73497844
1339,72953067
1340,72404812
1341,71856008
1342,71310127
1343,70770716
1344,70241393
1345,69724600
1346,69217909
1347,68717611
1348,68220009
1349,67721342
1350,67218632
1351,66712084
1352,66202687
1353,65691495
1354,65179544
1355,64667295
1356,64152648
1357,63632810
1358,63104862
1359,62565743
1360,62013788
1361,61453369
1362,60890480
1363,60331327
1364,59782299
1365,59248871
1366,58732259
1367,58232569
1368,57749965
1369,57284600
1370,56836754
1371,56407183
1372,55996806
1373,55606552
1374,55237402
1375,54890348
1376,54566403
1377,54266597
1378,53991954
1379,53743519
1380,江西省
1381,44567791
1382,44655354
1383,44786839
1384,44954275
1385,45149644
1386,45364959
1387,45592180
1388,45823289
1389,46050250
1390,46265011
1391,46459542
1392,46627765
1393,46771517
1394,46894622
1395,47000880
1396,47094122
1397,47177710
1398,47253246
1399,47321901
1400,47384828
1401,47443206
1402,47498000
1403,47549413
1404,47597469
1405,47642154
1406,47683498
1407,47721288
1408,47754512
1409,47781912
1410,47802238
1411,47814244
1412,47816912
1413,47810212
1414,47794343
1415,47769513
1416,47735935
1417,47693744
1418,47642852
1419,47583081
1420,47514262
1421,47436239
1422,47349092
1423,47253814
1424,47151645
1425,47043807
1426,46931571
1427,46816039
1428,46697790
1429,46577280
1430,46454952
1431,46331232
1432,46206948
1433,46084513
1434,45966739
1435,45856517
1436,45756728
1437,45669241
1438,45591700
1439,45520639
1440,45452514
1441,45383689
1442,45311257
1443,45235283
1444,45156602
1445,45076120
1446,44994743
1447,44913248
1448,44831709
1449,44750033
1450,44668161
1451,44586114
1452,44504194
1453,44423845
1454,44346786
1455,44274666
1456,44209109
1457,44151033
1458,44098697
1459,44049611
1460,44001190
1461,43950786
1462,43896411
1463,43839202
1464,43781145
1465,43724298
1466,43670817
1467,43622932
1468,43582940
1469,43553182
1470,43536084
1471,43534083
1472,河北省
1473,73024765
1474,73593518
1475,74158283
1476,74712903
1477,75251403
1478,75767939
1479,76256781
1480,76712276
1481,77128852
1482,77500956
1483,77823066
1484,78091435
1485,78309293
1486,78481670
1487,78613541
1488,78709922
1489,78775885
1490,78816918
1491,78838560
1492,78846377
1493,78845919
1494,78842040
1495,78836851
1496,78831730
1497,78828101
1498,78827349
1499,78830195
1500,78834526
1501,78837532
1502,78836375
1503,78828266
1504,78810728
1505,78782663
1506,78743377
1507,78692112
1508,78628154
1509,78550834
1510,78459638
1511,78354128
1512,78233867
1513,78098391
1514,77947879
1515,77784843
1516,77612385
1517,77433641
1518,77251731
1519,77069592
1520,76889024
1521,76711602
1522,76538884
1523,76372461
1524,76213669
1525,76062880
1526,75920194
1527,75785686
1528,75659388
1529,75540987
1530,75428762
1531,75320653
1532,75214518
1533,75108167
1534,74999721
1535,74888699
1536,74774982
1537,74658513
1538,74539225
1539,74417203
1540,74293009
1541,74167360
1542,74041073
1543,73915047
1544,73790715
1545,73671349
1546,73560659
1547,73462294
1548,73379863
1549,73315402
1550,73264948
1551,73222849
1552,73183225
1553,73140069
1554,73089036
1555,73033468
1556,72978756
1557,72930473
1558,72894411
1559,72876474
1560,72882747
1561,72919410
1562,72992754
1563,73109214
1564,河南省
1565,94029933
1566,94164043
1567,94401557
1568,94724076
1569,95113137
1570,95550225
1571,96016784
1572,96494244
1573,96964008
1574,97407439
1575,97805932
1576,98145092
1577,98427582
1578,98660346
1579,98850282
1580,99004313
1581,99128899
1582,99228602
1583,99307524
1584,99369768
1585,99419427
1586,99460206
1587,99494266
1588,99523347
1589,99549226
1590,99573656
1591,99597348
1592,99616835
1593,99627572
1594,99625023
1595,99604624
1596,99562865
1597,99500387
1598,99418897
1599,99320099
1600,99205734
1601,99077063
1602,98933484
1603,98773945
1604,98597351
1605,98402653
1606,98189627
1607,97961467
1608,97722226
1609,97475977
1610,97226822
1611,96978133
1612,96730205
1613,96482626
1614,96234891
1615,95986515
1616,95737575
1617,95490452
1618,95248131
1619,95013643
1620,94789993
1621,94578770
1622,94375805
1623,94175343
1624,93971592
1625,93758560
1626,93532105
1627,93295738
1628,93054995
1629,92815555
1630,92583210
1631,92362000
1632,92148318
1633,91936689
1634,91721549
1635,91497294
1636,91259375
1637,91007493
1638,90742335
1639,90464416
1640,90174162
1641,89872464
1642,89562808
1643,89249374
1644,88936415
1645,88628278
1646,88328960
1647,88040627
1648,87765152
1649,87504465
1650,87260630
1651,87035745
1652,86832045
1653,86651772
1654,86497249
1655,86370857
1656,浙江省
1657,54765099
1658,55140407
1659,55555919
1660,56003258
1661,56474135
1662,56960281
1663,57453446
1664,57945423
1665,58428037
1666,58893113
1667,59332530
1668,59740149
1669,60117823
1670,60469412
1671,60798753
1672,61109716
1673,61405607
1674,61687528
1675,61956029
1676,62211668
1677,62455002
1678,62686735
1679,62908053
1680,63120239
1681,63324624
1682,63522528
1683,63714795
1684,63900458
1685,64078045
1686,64246106
1687,64403152
1688,64547813
1689,64679085
1690,64796073
1691,64897851
1692,64983501
1693,65052196
1694,65103570
1695,65137397
1696,65153479
1697,65151605
1698,65131796
1699,65094897
1700,65041937
1701,64974001
1702,64892116
1703,64797415
1704,64691303
1705,64575229
1706,64450646
1707,64319002
1708,64182006
1709,64042460
1710,63903444
1711,63768071
1712,63639452
1713,63520083
1714,63409747
1715,63307569
1716,63212625
1717,63123970
1718,63040493
1719,62960544
1720,62882298
1721,62803932
1722,62723620
1723,62639554
1724,62550081
1725,62453602
1726,62348565
1727,62233408
1728,62108022
1729,61978026
1730,61850497
1731,61732580
1732,61631514
1733,61552951
1734,61496209
1735,61458867
1736,61438388
1737,61432137
1738,61437615
1739,61453433
1740,61478491
1741,61511714
1742,61552077
1743,61598547
1744,61650162
1745,61705939
1746,61764943
1747,61826256
1748,海南省
1749,8671486
1750,8733389
1751,8807056
1752,8890476
1753,8981630
1754,9078491
1755,9179035
1756,9281246
1757,9383096
1758,9482582
1759,9577690
1760,9666860
1761,9750339
1762,9828826
1763,9903012
1764,9973603
1765,10041259
1766,10106535
1767,10169934
1768,10231979
1769,10293186
1770,10354052
1771,10414977
1772,10476329
1773,10538488
1774,10601834
1775,10666629
1776,10732644
1777,10799529
1778,10866926
1779,10934477
1780,11001837
1781,11068635
1782,11134511
1783,11199092
1784,11262007
1785,11322946
1786,11381870
1787,11438830
1788,11493882
1789,11547083
1790,11598528
1791,11648405
1792,11696926
1793,11744317
1794,11790816
1795,11836609
1796,11881723
1797,11926144
1798,11969856
1799,12012833
1800,12055140
1801,12097142
1802,12139281
1803,12181995
1804,12225709
1805,12270819
1806,12317674
1807,12366581
1808,12417858
1809,12471798
1810,12528513
1811,12587304
1812,12647260
1813,12707485
1814,12767047
1815,12825142
1816,12881414
1817,12935648
1818,12987662
1819,13037298
1820,13084609
1821,13130398
1822,13175652
1823,13221306
1824,13268293
1825,13317448
1826,13369333
1827,13424452
1828,13483290
1829,13546322
1830,13613822
1831,13685238
1832,13759820
1833,13836805
1834,13915448
1835,13994982
1836,14074645
1837,14153683
1838,14231333
1839,14306842
1840,湖北省
1841,57237730
1842,57362706
1843,57544487
1844,57770533
1845,58028288
1846,58305159
1847,58588552
1848,58865855
1849,59124451
1850,59351748
1851,59535104
1852,59664842
1853,59742946
1854,59774376
1855,59764039
1856,59716882
1857,59637924
1858,59532517
1859,59406104
1860,59264102
1861,59111937
1862,58954582
1863,58795143
1864,58636272
1865,58480635
1866,58330881
1867,58188747
1868,58052320
1869,57918815
1870,57785398
1871,57649287
1872,57507734
1873,57358325
1874,57198769
1875,57026713
1876,56839854
1877,56636305
1878,56415844
1879,56178665
1880,55924979
1881,55654955
1882,55369197
1883,55070068
1884,54760348
1885,54442815
1886,54120253
1887,53795151
1888,53468936
1889,53142709
1890,52817608
1891,52494751
1892,52175437
1893,51861735
1894,51555919
1895,51260325
1896,50977332
1897,50708518
1898,50452097
1899,50205461
1900,49965906
1901,49730757
1902,49497700
1903,49266246
1904,49036362
1905,48807992
1906,48581126
1907,48355929
1908,48133309
1909,47914399
1910,47700336
1911,47492327
1912,47291185
1913,47096213
1914,46906250
1915,46720066
1916,46536352
1917,46354350
1918,46175815
1919,46003214
1920,45839020
1921,45685800
1922,45545670
1923,45419165
1924,45306357
1925,45207375
1926,45122365
1927,45051487
1928,44994936
1929,44952886
1930,44925577
1931,44913197
1932,湖南省
1933,65700763
1934,65805866
1935,65967240
1936,66173009
1937,66411297
1938,66670211
1939,66937836
1940,67202299
1941,67451644
1942,67673962
1943,67857314
1944,67992884
1945,68084491
1946,68139039
1947,68163461
1948,68164681
1949,68148976
1950,68119983
1951,68080657
1952,68033998
1953,67982958
1954,67930111
1955,67876444
1956,67822505
1957,67768892
1958,67716158
1959,67664470
1960,67612299
1961,67557725
1962,67498825
1963,67433646
1964,67360328
1965,67277240
1966,67182783
1967,67075389
1968,66953462
1969,66815750
1970,66662141
1971,66492873
1972,66308148
1973,66108175
1974,65893634
1975,65667001
1976,65431197
1977,65189168
1978,64943867
1979,64697960
1980,64452908
1981,64209876
1982,63970045
1983,63734593
1984,63504735
1985,63281906
1986,63067557
1987,62863205
1988,62670321
1989,62489845
1990,62320239
1991,62159371
1992,62005025
1993,61854969
1994,61707732
1995,61565025
1996,61429433
1997,61303595
1998,61190213
1999,61091006
2000,61003508
2001,60924175
2002,60849474
2003,60775871
2004,60700686
2005,60624675
2006,60549410
2007,60476356
2008,60406888
2009,60342359
2010,60284251
2011,60234122
2012,60193485
2013,60163901
2014,60146511
2015,60141029
2016,60146855
2017,60163422
2018,60190180
2019,60226646
2020,60272314
2021,60326734
2022,60389471
2023,60460121
2024,甘肃省
2025,25603008
2026,25638904
2027,25709844
2028,25809879
2029,25933057
2030,26073383
2031,26224793
2032,26381339
2033,26536915
2034,26685500
2035,26821086
2036,26938748
2037,27038284
2038,27120587
2039,27186591
2040,27237222
2041,27273537
2042,27297036
2043,27309351
2044,27312118
2045,27306977
2046,27295533
2047,27279255
2048,27259611
2049,27238035
2050,27215980
2051,27194645
2052,27174055
2053,27154020
2054,27134307
2055,27114728
2056,27094861
2057,27073673
2058,27049895
2059,27022259
2060,26989526
2061,26950551
2062,26904735
2063,26851600
2064,26790676
2065,26721452
2066,26643779
2067,26558667
2068,26467406
2069,26371336
2070,26271774
2071,26169980
2072,26067097
2073,25964163
2074,25862266
2075,25762489
2076,25665796
2077,25572603
2078,25483203
2079,25397936
2080,25317108
2081,25240769
2082,25168013
2083,25097717
2084,25028665
2085,24959690
2086,24889804
2087,24819058
2088,24747734
2089,24676150
2090,24604637
2091,24533362
2092,24462025
2093,24390112
2094,24317197
2095,24242795
2096,24166642
2097,24089245
2098,24011321
2099,23933544
2100,23856559
2101,23781117
2102,23708285
2103,23639230
2104,23575147
2105,23517275
2106,23466316
2107,23421107
2108,23379896
2109,23340993
2110,23302634
2111,23263094
2112,23220575
2113,23173315
2114,23119513
2115,23057387
2116,福建省
2117,36556010
2118,36761990
2119,37001453
2120,37267193
2121,37551984
2122,37848603
2123,38149855
2124,38448540
2125,38737485
2126,39009517
2127,39257473
2128,39476009
2129,39666950
2130,39833969
2131,39980687
2132,40110765
2133,40227581
2134,40333341
2135,40430008
2136,40519514
2137,40603816
2138,40684616
2139,40762650
2140,40838424
2141,40912438
2142,40985184
2143,41056868
2144,41126434
2145,41192515
2146,41253727
2147,41308705
2148,41356161
2149,41395197
2150,41425015
2151,41444797
2152,41453738
2153,41451074
2154,41436323
2155,41409077
2156,41368901
2157,41315403
2158,41248356
2159,41168341
2160,41076126
2161,40972470
2162,40858136
2163,40733999
2164,40601329
2165,40461529
2166,40315993
2167,40166109
2168,40013260
2169,39858773
2170,39703977
2171,39550219
2172,39398842
2173,39250846
2174,39105700
2175,38962511
2176,38820364
2177,38678327
2178,38535598
2179,38391888
2180,38247065
2181,38100995
2182,37953554
2183,37804530
2184,37653343
2185,37499321
2186,37341772
2187,37180019
2188,37014000
2189,36846228
2190,36679910
2191,36518299
2192,36364691
2193,36221747
2194,36089506
2195,35967289
2196,35854386
2197,35750051
2198,35653697
2199,35565352
2200,35485290
2201,35413767
2202,35351104
2203,35297603
2204,35253623
2205,35219525
2206,35195668
2207,35182462
2208,西藏自治区
2209,2997643
2210,3007629
2211,3020480
2212,3035805
2213,3053106
2214,3071815
2215,3091616
2216,3111955
2217,3132359
2218,3152382
2219,3171501
2220,3189394
2221,3206102
2222,3221737
2223,3236494
2224,3250454
2225,3263790
2226,3276477
2227,3288546
2228,3300053
2229,3310939
2230,3321201
2231,3330747
2232,3339502
2233,3347458
2234,3354496
2235,3360489
2236,3365417
2237,3369321
2238,3372058
2239,3373686
2240,3374183
2241,3373565
2242,3371954
2243,3369436
2244,3366081
2245,3361954
2246,3357138
2247,3351639
2248,3345575
2249,3338972
2250,3331820
2251,3324256
2252,3316206
2253,3307756
2254,3298989
2255,3289848
2256,3280350
2257,3270449
2258,3260129
2259,3249349
2260,3237992
2261,3226162
2262,3213847
2263,3200990
2264,3187637
2265,3173805
2266,3159564
2267,3144986
2268,3130176
2269,3115203
2270,3100155
2271,3085035
2272,3069773
2273,3054328
2274,3038692
2275,3022790
2276,3006451
2277,2989497
2278,2971748
2279,2952999
2280,2933154
2281,2912398
2282,2891148
2283,2869565
2284,2848068
2285,2826965
2286,2806257
2287,2786103
2288,2766516
2289,2747566
2290,2729288
2291,2711626
2292,2694426
2293,2677672
2294,2661225
2295,2644967
2296,2628803
2297,2612665
2298,2596439
2299,2579974
2300,贵州省
2301,34748560
2302,34760256
2303,34831818
2304,34956254
2305,35126468
2306,35335338
2307,35575707
2308,35840386
2309,36122147
2310,36413767
2311,36708026
2312,36998477
2313,37281847
2314,37555650
2315,37817425
2316,38064688
2317,38295574
2318,38510735
2319,38711420
2320,38898909
2321,39074458
2322,39239713
2323,39397716
2324,39551857
2325,39705568
2326,39862253
2327,40024909
2328,40194719
2329,40372428
2330,40558784
2331,40754524
2332,40960011
2333,41173897
2334,41394438
2335,41619846
2336,41848325
2337,42078136
2338,42307814
2339,42536007
2340,42761392
2341,42982645
2342,43198868
2343,43410647
2344,43618987
2345,43824910
2346,44029496
2347,44234050
2348,44440799
2349,44652261
2350,44870942
2351,45099416
2352,45340199
2353,45595402
2354,45867019
2355,46157040
2356,46467418
2357,46799326
2358,47150740
2359,47518730
2360,47900304
2361,48292285
2362,48691813
2363,49097737
2364,49509328
2365,49925884
2366,50346758
2367,50771204
2368,51198134
2369,51626522
2370,52055485
2371,52484354
2372,52913339
2373,53345509
2374,53784519
2375,54233859
2376,54696770
2377,55175683
2378,55670425
2379,56179959
2380,56703169
2381,57238718
2382,57784820
2383,58338259
2384,58895437
2385,59452777
2386,60006715
2387,60553692
2388,61090143
2389,61612576
2390,62117469
2391,62601373
2392,辽宁省
2393,43746323
2394,43696267
2395,43659324
2396,43631406
2397,43608493
2398,43586591
2399,43561684
2400,43529765
2401,43486819
2402,43428791
2403,43351624
2404,43252167
2405,43131056
2406,42989878
2407,42830171
2408,42653495
2409,42461277
2410,42254538
2411,42034153
2412,41801032
2413,41556018
2414,41299874
2415,41032969
2416,40755547
2417,40467827
2418,40170037
2419,39862288
2420,39544284
2421,39215679
2422,38876106
2423,38525221
2424,38162878
2425,37789859
2426,37407188
2427,37015911
2428,36617093
2429,36211689
2430,35799960
2431,35381997
2432,34957816
2433,34527463
2434,34090967
2435,33648590
2436,33200652
2437,32747380
2438,32289034
2439,31825890
2440,31358608
2441,30887935
2442,30414596
2443,29939308
2444,29463107
2445,28988466
2446,28518263
2447,28055468
2448,27603137
2449,27163615
2450,26736011
2451,26318661
2452,25909917
2453,25508139
2454,25111901
2455,24720573
2456,24333690
2457,23950795
2458,23571376
2459,23194773
2460,22819494
2461,22443820
2462,22065902
2463,21683767
2464,21296251
2465,20905748
2466,20515658
2467,20129599
2468,19751303
2469,19384315
2470,19030741
2471,18692356
2472,18371006
2473,18068597
2474,17786372
2475,17522518
2476,17274481
2477,17039607
2478,16815165
2479,16598386
2480,16386442
2481,16176435
2482,15965431
2483,15750442
2484,重庆市
2485,28846173
2486,28805147
2487,28787012
2488,28787643
2489,28802882
2490,28828592
2491,28860594
2492,28894739
2493,28926814
2494,28952632
2495,28967965
2496,28969429
2497,28957051
2498,28931718
2499,28894270
2500,28845572
2501,28786563
2502,28718465
2503,28642554
2504,28560122
2505,28472455
2506,28380610
2507,28284818
2508,28185086
2509,28081414
2510,27973791
2511,27862331
2512,27747566
2513,27630140
2514,27510708
2515,27389930
2516,27268209
2517,27144889
2518,27019032
2519,26889731
2520,26756063
2521,26617288
2522,26473265
2523,26324020
2524,26169570
2525,26009912
2526,25845107
2527,25675439
2528,25501236
2529,25322841
2530,25140558
2531,24954915
2532,24767361
2533,24579578
2534,24393251
2535,24210072
2536,24031498
2537,23857854
2538,23689228
2539,23525696
2540,23367368
2541,23214090
2542,23064769
2543,22918055
2544,22772572
2545,22626936
2546,22480178
2547,22332984
2548,22186478
2549,22041815
2550,21900167
2551,21762270
2552,21626986
2553,21492710
2554,21357801
2555,21220531
2556,21079571
2557,20935121
2558,20787794
2559,20638203
2560,20486976
2561,20334894
2562,20183261
2563,20033560
2564,19887332
2565,19746136
2566,19611110
2567,19481548
2568,19356264
2569,19234067
2570,19113725
2571,18994019
2572,18873709
2573,18751539
2574,18626246
2575,18496546
2576,陕西省
2577,37763733
2578,37819953
2579,37912429
2580,38033907
2581,38177111
2582,38334785
2583,38499626
2584,38664337
2585,38821642
2586,38964209
2587,39084741
2588,39177411
2589,39242468
2590,39281645
2591,39296647
2592,39289219
2593,39261229
2594,39215049
2595,39153211
2596,39078238
2597,38992640
2598,38898700
2599,38797794
2600,38691057
2601,38579646
2602,38464667
2603,38346969
2604,38226178
2605,38101654
2606,37972733
2607,37838769
2608,37699221
2609,37553901
2610,37402772
2611,37245782
2612,37082892
2613,36913957
2614,36738314
2615,36555134
2616,36363613
2617,36162918
2618,35952437
2619,35732562
2620,35503889
2621,35267017
2622,35022524
2623,34771118
2624,34514040
2625,34252699
2626,33988485
2627,33722777
2628,33456900
2629,33191780
2630,32928327
2631,32667442
2632,32410070
2633,32156726
2634,31906133
2635,31656563
2636,31406264
2637,31153512
2638,30896986
2639,30637245
2640,30375326
2641,30112276
2642,29849177
2643,29586820
2644,29324737
2645,29062189
2646,28798321
2647,28532254
2648,28263307
2649,27991851
2650,27718505
2651,27443944
2652,27168893
2653,26894447
2654,26623208
2655,26358204
2656,26102552
2657,25859441
2658,25631355
2659,25417392
2660,25215812
2661,25024834
2662,24842666
2663,24667442
2664,24497295
2665,24330310
2666,24164572
2667,23998117
2668,青海省
2669,5596395
2670,5618550
2671,5647353
2672,5681687
2673,5720528
2674,5762762
2675,5807383
2676,5853227
2677,5899272
2678,5944481
2679,5987735
2680,6028171
2681,6065862
2682,6100994
2683,6133799
2684,6164504
2685,6193343
2686,6220456
2687,6246015
2688,6270077
2689,6292847
2690,6314451
2691,6334944
2692,6354507
2693,6373243
2694,6391247
2695,6408616
2696,6425282
2697,6441155
2698,6456145
2699,6470159
2700,6483081
2701,6494895
2702,6505400
2703,6514563
2704,6522304
2705,6528499
2706,6533225
2707,6536553
2708,6538499
2709,6539178
2710,6538663
2711,6537127
2712,6534728
2713,6531645
2714,6528088
2715,6524211
2716,6520065
2717,6515661
2718,6511099
2719,6506402
2720,6501607
2721,6497002
2722,6492851
2723,6489408
2724,6487019
2725,6485833
2726,6485741
2727,6486570
2728,6488119
2729,6490182
2730,6492522
2731,6495044
2732,6497654
2733,6500235
2734,6502699
2735,6504957
2736,6507074
2737,6509156
2738,6511279
2739,6513600
2740,6516247
2741,6519463
2742,6523504
2743,6528631
2744,6535032
2745,6542930
2746,6552091
2747,6562218
2748,6573054
2749,6584188
2750,6595419
2751,6606543
2752,6617477
2753,6628081
2754,6638253
2755,6647927
2756,6656979
2757,6665321
2758,6672894
2759,6679589
2760,香港特别行政区
2761,1
2762,1
2763,1
2764,1
2765,1
2766,1
2767,1
2768,1
2769,1
2770,1
2771,1
2772,1
2773,1
2774,1
2775,1
2776,1
2777,1
2778,1
2779,1
2780,1
2781,1
2782,1
2783,1
2784,1
2785,1
2786,1
2787,1
2788,1
2789,1
2790,1
2791,1
2792,1
2793,1
2794,1
2795,1
2796,1
2797,1
2798,1
2799,1
2800,1
2801,1
2802,1
2803,1
2804,1
2805,1
2806,1
2807,1
2808,1
2809,1
2810,1
2811,1
2812,1
2813,1
2814,1
2815,1
2816,1
2817,1
2818,1
2819,1
2820,1
2821,1
2822,1
2823,1
2824,1
2825,1
2826,1
2827,1
2828,1
2829,1
2830,1
2831,1
2832,1
2833,1
2834,1
2835,1
2836,1
2837,1
2838,1
2839,1
2840,1
2841,1
2842,1
2843,1
2844,1
2845,1
2846,1
2847,1
2848,1
2849,1
2850,1
2851,1
2852,黑龙江省
2853,38278100
2854,38249045
2855,38228924
2856,38214044
2857,38200783
2858,38185532
2859,38164696
2860,38134655
2861,38091824
2862,38032524
2863,37953181
2864,37851020
2865,37727172
2866,37583659
2867,37422549
2868,37245854
2869,37055385
2870,36851997
2871,36636404
2872,36409232
2873,36171095
2874,35922657
2875,35664495
2876,35397228
2877,35121372
2878,34837529
2879,34546083
2880,34246700
2881,33938928
2882,33622285
2883,33296322
2884,32960726
2885,32615802
2886,32262032
2887,31899913
2888,31529964
2889,31152622
2890,30767774
2891,30375175
2892,29974567
2893,29565607
2894,29148048
2895,28721985
2896,28287532
2897,27844777
2898,27393761
2899,26934589
2900,26467734
2901,25993723
2902,25513034
2903,25026195
2904,24534047
2905,24039093
2906,23544366
2907,23052942
2908,22567985
2909,22092043
2910,21624585
2911,21164387
2912,20710214
2913,20260910
2914,19815586
2915,19374657
2916,18938741
2917,18508513
2918,18084608
2919,17667329
2920,17255635
2921,16848007
2922,16442786
2923,16038266
2924,15632839
2925,15225882
2926,14817214
2927,14406654
2928,13994198
2929,13580978
2930,13172636
2931,12776061
2932,12398435
2933,12047081
2934,11727409
2935,11436437
2936,11168924
2937,10919503
2938,10682653
2939,10452734
2940,10224034
2941,9990661
2942,9746680
2943,9486033
