,SSP,YEAR,Unnamed: 0,Unnamed: 0.1,GDP,POP,CCF,人均CCF,BA,LDP,value_x,value_y
0,SSP1,2020,1174.5,1174.5,28375.609176066664,43851191.766666666,960341099.7233334,60.0,1969.09835524,24101.9967348,63.11572320219476,8243.277704709979
1,SSP1,2021,1175.5,1175.5,30219.397279599998,43933011.03333333,962132941.64,60.0,2016.07357828,25142.9757974,63.51147820632086,8354.561451568772
2,SSP1,2022,1176.5,1176.5,32088.3654955,43996633.56666667,963526275.12,60.0,2059.97576166,26122.399648666666,63.86792571056802,8452.109863373928
3,SSP1,2023,1177.5,1177.5,33975.13739326667,44044393.8,964572224.2433333,60.0,2100.839179806667,27036.485666533335,64.18855466599315,8537.364019166096
4,SSP1,2024,1178.5,1178.5,35872.88784503333,44078587.5,965321066.27,60.0,2138.7314125433336,27883.1263899,64.47663947487051,8611.683636582533
5,SSP1,2025,1179.5,1179.5,37775.31139150001,44101539.833333336,965823722.36,60.0,2173.74731462,28661.756881666664,64.7352310229166,8676.330334161596
6,SSP1,2026,1180.5,1180.5,39675.53983176666,44115248.766666666,966123947.9833333,60.0,2206.0031523400003,29373.16358673333,64.96715438849417,8732.459130462268
7,SSP1,2027,1181.5,1181.5,41567.03204303333,44120472.36666667,966238344.7800001,60.0,2235.6311255466667,30019.258341766665,65.17501166327112,8781.116045157869
8,SSP1,2028,1182.5,1182.5,43443.388718400005,44117643.4,966176390.5133334,60.0,2262.7744205766667,30602.8397551,65.36118856270932,8823.240024667142
9,SSP1,2029,1183.5,1183.5,45298.59957023334,44107201.6,965947715.0366666,60.0,2287.5828761899998,31127.360112100003,65.5278637335153,8859.667772699499
10,SSP1,2030,1184.5,1184.5,47127.02943813334,44089585.7,965561926.86,60.0,2310.2092962066667,31596.711102133333,65.67701987158587,8891.140390942086
11,SSP1,2031,1185.5,1185.5,49030.8980777,44065282.36666667,965029683.8166667,60.0,2330.806398966667,32015.036523,65.81045594487439,8918.311012380793
12,SSP1,2032,1186.5,1186.5,50906.20447793334,44034974.96666667,964365951.7766666,60.0,2349.5243680466665,32386.57595876667,65.92979997049851,8941.752836242575
13,SSP1,2033,1187.5,1187.5,52749.03685523334,43999393.43333333,963586716.1766666,60.0,2366.508949703333,32715.539876466668,66.03652192547224,8961.96715238991
14,SSP1,2034,1188.5,1188.5,54555.83021803333,43959271.36666667,962708042.9699999,60.0,2381.9000315766666,33006.014485466665,66.13194647778714,8979.391080262716
15,SSP1,2035,1189.5,1189.5,56323.368987233334,43915340.06666667,961745947.4599999,60.0,2395.8306385666665,33261.8931118,66.21726531175518,8994.404850154018
16,SSP1,2036,1190.5,1190.5,58067.58387113333,43868027.1,960709793.55,60.0,2408.4262740433333,33486.8301786,66.2935488912694,9007.338529538534
17,SSP1,2037,1191.5,1191.5,59768.30517623333,43816552.86666667,959582507.8166667,60.0,2419.8045492366664,33684.21378756667,66.36175755956818,9018.478150423067
18,SSP1,2038,1192.5,1192.5,61423.3203417,43759831.7,958340314.24,60.0,2430.07504089,33857.15298973333,66.42275191665755,9028.07123038592
19,SSP1,2039,1193.5,1193.5,63030.658590566665,43696773.333333336,956959336.0533333,60.0,2439.33932831,34008.4762422,66.47730244794204,9036.331704293849
20,SSP1,2040,1194.5,1194.5,64588.572128,43626297.333333336,955415911.5533333,60.0,2447.6911676233335,34140.73806263333,66.52609840175973,9043.444298933075
21,SSP1,2041,1195.5,1195.5,66089.24503576667,43547390.9,953687860.77,60.0,2455.21676695,34256.23139476667,66.56975593104997,9049.568391521441
22,SSP1,2042,1196.5,1196.5,67537.3791426,43459349.43333333,951759752.6066667,60.0,2461.99513152,34357.00363003333,66.60882552668635,9054.841397223332
23,SSP1,2043,1197.5,1197.5,68932.00191866668,43361552.7,949618004.1966667,60.0,2468.0984576766664,34444.87482333333,66.64379877822786,9059.381731817013
24,SSP1,2044,1198.5,1198.5,70272.44284096667,43253360.733333334,947248600.1066667,60.0,2473.5925522833336,34521.45679733333,66.6751145029183,9063.29139463095
25,SSP1,2045,1199.5,1199.5,71558.32784093333,43134153.7,944637966.0466667,60.0,2478.5372656366667,34588.17240223333,66.7031642864565,9066.658214541465
26,SSP1,2046,1200.5,1200.5,72817.30005796667,43003507.03333333,941776804.02,60.0,2482.9869255866665,34646.2742343,66.72829747997781,9069.557798756197
27,SSP1,2047,1201.5,1201.5,74024.01322593333,42861869.333333336,938674938.4433333,60.0,2486.99076399,34696.86245563333,66.75082569731244,9072.055220676952
28,SSP1,2048,1202.5,1202.5,75179.81596056667,42709881.3,935346400.4699999,60.0,2490.59332706,34740.90144573333,66.77102685529645,9074.206479600249
29,SSP1,2049,1203.5,1203.5,76286.18323213333,42548189.7,931805354.4933333,60.0,2493.8348707433333,34779.23517796667,66.78914879800033,9076.059761544004
30,SSP1,2050,1204.5,1204.5,77344.72169546667,42377438.4,928065900.9633334,60.0,2496.75173173,34812.601185566666,66.80541254343126,9077.656527190285
31,SSP1,2051,1205.5,1205.5,78440.46652033334,42198167.86666667,924139876.3533332,60.0,2499.3766769733334,34841.64326326667,66.82001518873018,9079.032449868322
32,SSP1,2052,1206.5,1206.5,79490.9718709,42010468.0,920029249.1933333,60.0,2501.7392290233333,34866.9228277,66.83313250724748,9080.218223699183
33,SSP1,2053,1207.5,1207.5,80493.65851689999,41814321.06666667,915733631.33,60.0,2503.865967953333,34888.92906333334,66.84492126823483,9081.240259493023
34,SSP1,2054,1208.5,1208.5,81446.0529968,41609704.333333336,911252524.9866666,60.0,2505.7808087533335,34908.08793143333,66.85552130730106,9082.121283727274
35,SSP1,2055,1209.5,1209.5,82345.79066033334,41396599.0,906585518.1,60.0,2507.5052576333333,34924.7701537,66.86505737329085,9082.880853926647
36,SSP1,2056,1210.5,1210.5,83233.1046264,41175055.53333333,901733716.16,60.0,2509.05864479,34939.29823863333,66.87364077488692,9083.535801995307
37,SSP1,2057,1211.5,1211.5,84070.42768586666,40945412.46666667,896704533.0733334,60.0,2510.45833824,34951.952663833334,66.8813708480262,9084.10061549833
38,SSP1,2058,1212.5,1212.5,84861.67477123333,40708089.53333333,891507160.8033333,60.0,2511.7199381666665,34962.97728363333,66.88833626316666,9084.587765531556
39,SSP1,2059,1213.5,1213.5,85610.82382836666,40463487.2,886150369.7033333,60.0,2512.8574528866666,34972.58408753333,66.89461618954823,9085.007988636546
40,SSP1,2060,1214.5,1214.5,86321.8922134,40212023.833333336,880643321.95,60.0,2513.8834587033334,34980.95734203334,66.9002813318535,9085.37052918979
41,SSP1,2061,1215.5,1215.5,87032.03291036667,39954206.1,874997113.6366667,60.0,2514.80924399,34988.25720276667,66.9053948530897,9085.68334780492
42,SSP1,2062,1216.5,1216.5,87710.10663256668,39690928.43333333,869231332.7533333,60.0,2515.6449413366663,34994.62288183333,66.91001319607234,9085.95330051618
43,SSP1,2063,1217.5,1217.5,88357.82308203333,39423179.8,863367637.6266667,60.0,2516.3996431633336,35000.175369833334,66.9141868145868,9086.18629284592
44,SSP1,2064,1218.5,1218.5,88976.957626,39151951.43333333,857427736.3633333,60.0,2517.081509846667,35005.0198476,66.9179608241259,9086.387412284696
45,SSP1,2065,1219.5,1219.5,89569.31962493334,38878234.333333336,851433331.8733333,60.0,2517.6978646599996,35009.24775506666,66.92137558103992,9086.561042217672
46,SSP1,2066,1220.5,1220.5,90151.15608233333,38603032.766666666,845406417.6233333,60.0,2518.255279186667,35012.93859993333,66.92446719798247,9086.710959904862
47,SSP1,2067,1221.5,1221.5,90707.1850316,38327443.6,839371014.8866667,60.0,2518.759651963333,35016.1615132,66.9272680026786,9086.840420756074
48,SSP1,2068,1222.5,1222.5,91236.56891853333,38052577.0,833351436.3,60.0,2519.216276556667,35018.9766371,66.9298069462763,9086.952230825964
49,SSP1,2069,1223.5,1223.5,91738.49343323334,37779545.86666667,827372054.4666667,60.0,2519.6299051233336,35021.436279333335,66.93210996685521,9087.048809183476
50,SSP1,2070,1224.5,1224.5,92212.14245303333,37509459.93333333,821457172.59,60.0,2520.0048039666667,35023.58595916667,66.93420031305453,9087.132241576932
51,SSP1,2071,1225.5,1225.5,92765.6328923,37243030.733333334,815622373.1033332,60.0,2520.3448035066667,35025.4652926,66.93609883223479,9087.204326615765
52,SSP1,2072,1226.5,1226.5,93300.63720276667,36979368.6,809848172.3533332,60.0,2520.6533436666664,35027.1087618,66.9378242270999,9087.266615517992
53,SSP1,2073,1227.5,1227.5,93820.64923846668,36717190.233333334,804106466.09,60.0,2520.9335142366667,35028.5464008,66.93939328427118,9087.320446324711
54,SSP1,2074,1228.5,1228.5,94329.17461553334,36455207.8,798369050.8666667,60.0,2521.1880910533337,35029.804362099996,66.94082107791827,9087.366973356111
55,SSP1,2075,1229.5,1229.5,94829.7325328,36192133.6,792607725.7800001,60.0,2521.4195684,35030.9054276,66.94212115120594,9087.407192574507
56,SSP1,2076,1230.5,1230.5,95341.2061966,35926059.3,786780698.6333333,60.0,2521.630188373333,35031.869454700005,66.9433056780102,9087.441963426327
57,SSP1,2077,1231.5,1231.5,95848.96415019999,35652614.03333333,780792247.3266666,60.0,2521.8219662666665,35032.713749166665,66.94438560708333,9087.472027654652
58,SSP1,2078,1232.5,1232.5,96353.01073543333,35366814.13333333,774533229.5066667,60.0,2521.9967147966668,35033.45340266667,66.94537079060542,9087.498025504907
59,SSP1,2079,1233.5,1233.5,96853.2273659,35063672.8,767894434.3333334,60.0,2522.1560643466664,35034.101572433334,66.946270098844,9087.520509686954
60,SSP1,2080,1234.5,1234.5,97349.36604426666,34738208.6,760766768.35,60.0,2522.3014822466666,35034.669741566664,66.94709152245188,9087.539957406005
61,SSP1,2081,1235.5,1235.5,97680.12074933333,34387433.6,753084795.84,60.0,2522.4342887533335,35035.16793526666,66.94784226376291,9087.556780730989
62,SSP1,2082,1236.5,1236.5,98000.73650756666,34016354.86666667,744958171.6,60.0,2522.5556730266667,35035.6048916,66.94852881829412,9087.571335531384
63,SSP1,2083,1237.5,1237.5,98312.62527606665,33631973.8,736540226.2166667,60.0,2522.6667059966667,35035.98825573334,66.94915704752833,9087.583929181326
64,SSP1,2084,1238.5,1238.5,98617.0207873,33241299.9,727984467.8166667,60.0,2522.76835288,35036.324697233336,66.94973224393188,9087.594827201947
65,SSP1,2085,1239.5,1239.5,98914.96579576666,32851344.5,719444444.5066667,60.0,2522.8614832199996,35036.6200373,66.95025918905613,9087.604258989106
66,SSP1,2086,1240.5,1240.5,99236.24855223334,32468327.333333332,711056368.62,60.0,2522.946881746667,35036.87937426667,66.95074220547734,9087.612422753138
67,SSP1,2087,1241.5,1241.5,99551.26053596666,32095307.133333333,702887226.2,60.0,2523.0252559033333,35037.1071624,66.95118520324556,9087.619489779625
68,SSP1,2088,1242.5,1242.5,99858.38867386666,31734555.366666667,694986762.5366666,60.0,2523.097244463333,35037.30729316667,66.95159172143927,9087.62560810501
69,SSP1,2089,1243.5,1243.5,100155.71687306667,31388331.233333334,687404454.0333333,60.0,2523.1634238033334,35037.48317866667,66.95196496535634,9087.630905687887
70,SSP1,2090,1244.5,1244.5,100441.0120087,31058902.133333333,680189956.76,60.0,2523.2243149933333,35037.6377898,66.9523078398132,9087.635493145463
71,SSP1,2091,1245.5,1245.5,100732.76773173333,30747913.733333334,673379310.7933333,60.0,2523.2803889633337,35037.77374356667,66.95262297897224,9087.639466115219
72,SSP1,2092,1246.5,1246.5,101007.09197386666,30454580.033333335,666955302.7466667,60.0,2523.332071086667,35037.8933243,66.952912773071,9087.642907293299
73,SSP1,2093,1247.5,1247.5,101260.44928316666,30177499.566666666,660887240.5233333,60.0,2523.37974668,35037.9985238,66.95317939238582,9087.645888194154
74,SSP1,2094,1248.5,1248.5,101488.85916400001,29915273.466666665,655144488.8733333,60.0,2523.42376429,35038.09110396667,66.953424808726,9087.648470669732
75,SSP1,2095,1249.5,1249.5,101687.87360606667,29666502.066666666,649696395.2966667,60.0,2523.4644395,35038.17259763333,66.95365081472207,9087.650708221252
76,SSP1,2096,1250.5,1250.5,101831.5452297,29429785.033333335,644512292.2366666,60.0,2523.5020585633333,35038.24434676667,66.95385904114298,9087.652647132018
77,SSP1,2097,1251.5,1251.5,101935.46853276667,29203722.5,639561522.7666667,60.0,2523.5368804199998,35038.3075331,66.95405097245133,9087.654327445816
78,SSP1,2098,1252.5,1252.5,101993.70079793333,28986910.833333332,634813347.27,60.0,2523.56914075,35038.363202266664,66.95422796078314,9087.65578381206
79,SSP1,2099,1253.5,1253.5,101999.77664760001,28777952.633333333,630237162.6566666,60.0,2523.5990529600003,35038.412247633336,66.95439123851806,9087.657046215883
80,SSP1,2100,1254.5,1254.5,101946.70143743332,28575446.666666668,625802282.0366666,60.0,2523.626811336667,35038.45547556667,66.95454192958829,9087.658140608964
81,SSP2,2020,3604.5,3604.5,27856.172236766666,44324257.93333333,1294268331.5800002,80.0,2010.77858799,24567.132754266666,64.05525370364872,8628.685071943262
82,SSP2,2021,3605.5,3605.5,29630.4740045,44500239.2,1299406984.6,80.0,2072.41312164,25801.1844703,64.58736388026689,8802.953147459753
83,SSP2,2022,3606.5,3606.5,31420.699101433333,44650376.5,1303790993.7866666,80.0,2132.1716000133333,26993.031594433334,65.07853193319285,8962.455036974805
84,SSP2,2023,3607.5,3607.5,33216.7277872,44776850.63333333,1307484038.5,80.0,2189.9093694633334,28135.333107,65.53123114242258,9107.960278121554
85,SSP2,2024,3608.5,3608.5,35009.41065303333,44881836.43333333,1310549623.78,80.0,2245.5093883066666,29222.151415733333,65.94791092489955,9240.304101125792
86,SSP2,2025,3609.5,3609.5,36790.49958696667,44967509.733333334,1313051284.1733332,80.0,2298.8816411333332,30249.015932600003,66.33097036239668,9360.357634555547
87,SSP2,2026,3610.5,3610.5,38549.92350386667,45036051.36666667,1315052699.88,80.0,2349.9619672333333,31212.9084823,66.68273733829321,9469.00369037319
88,SSP2,2027,3611.5,3611.5,40283.927307000005,45089653.766666666,1316617889.9533334,80.0,2398.7104306466667,32112.1828901,67.00545263688268,9567.117639622376
89,SSP2,2028,3612.5,3612.5,41987.6683903,45130511.6,1317810938.74,80.0,2445.1093579066664,32946.434936566664,67.30125835396323,9655.552774965925
90,SSP2,2029,3613.5,3613.5,43656.884567466666,45160815.266666666,1318695805.7733333,80.0,2489.1611592199997,33716.340095366664,67.57218998985562,9735.129520467024
91,SSP2,2030,3614.5,3614.5,45287.878323666664,45182759.233333334,1319336569.5866666,80.0,2530.8860363633335,34423.47492446667,67.82017163629229,9806.627863907343
92,SSP2,2031,3615.5,3615.5,47002.46882183334,45198328.1,1319791180.54,80.0,2570.3196628866667,35070.135734200005,68.04701371960601,9870.782431780035
93,SSP2,2032,3616.5,3616.5,48681.494567433336,45208654.86666667,1320092722.1333334,80.0,2607.510905253333,35659.1647131,68.25441281893363,9928.279687504468
94,SSP2,2033,3617.5,3617.5,50321.8487097,45214669.1,1320268337.6333334,80.0,2642.5196386833336,36193.79068413333,68.44395313584661,9979.756799851933
95,SSP2,2034,3618.5,3618.5,51920.85763016667,45217297.96666667,1320345100.5866666,80.0,2675.4146951266666,36677.488707300006,68.61710924821655,10025.801794999703
96,SSP2,2035,3619.5,3619.5,53476.26395156667,45217467.4,1320350048.0600002,80.0,2706.271968873333,37113.86056766667,68.77524983442478,10066.954668413002
97,SSP2,2036,3620.5,3620.5,54992.2184468,45215809.5,1320301637.4466667,80.0,2735.1726935933334,37506.53635146667,68.9196421031363,10103.709189894382
98,SSP2,2037,3621.5,3621.5,56462.35640986667,45211794.3,1320184393.5800002,80.0,2762.20189999,37859.09613553333,69.0514567081941,10136.515185723463
99,SSP2,2038,3622.5,3622.5,57886.4584023,45204607.1,1319974527.2866666,80.0,2787.4470510666665,38175.0100144,69.17177296754497,10165.781125622856
100,SSP2,2039,3623.5,3623.5,59264.58714466667,45193416.93333333,1319647774.5,80.0,2810.9968516733334,38457.594281033336,69.2815842395325,10191.87687954945
101,SSP2,2040,3624.5,3624.5,60597.057679766665,45177410.63333333,1319180390.48,80.0,2832.9402239166666,38709.981334833334,69.38180333961733,10215.136540502348
102,SSP2,2041,3625.5,3625.5,61864.41581283334,45155794.733333334,1318549206.26,80.0,2853.3654386733333,38935.1009829,69.47326790594595,10235.861235271395
103,SSP2,2042,3626.5,3626.5,63085.97649986667,45127901.9,1317734735.46,80.0,2872.359388613333,39135.6709539,69.5567456435859,10254.321865988362
104,SSP2,2043,3627.5,3627.5,64262.384107566664,45093103.233333334,1316718614.4866667,80.0,2890.006993273333,39314.194540933335,69.63293939510233,10270.761742149583
105,SSP2,2044,3628.5,3628.5,65394.535520733334,45050762.1,1315482253.3133333,80.0,2906.3907217033334,39472.963723533336,69.70249199989296,10285.3990760842
106,SSP2,2045,3629.5,3629.5,66483.56267446667,45000247.43333333,1314007225.0133333,80.0,2921.5902170366667,39614.0662238,69.76599091673391,10298.429325221337
107,SSP2,2046,3630.5,3630.5,67546.89461536666,44940967.233333334,1312276243.26,80.0,2935.6820166033335,39739.39535873334,69.82397259369958,10310.027372475888
108,SSP2,2047,3631.5,3631.5,68571.82293633334,44872513.93333333,1310277406.9066665,80.0,2948.73935063,39850.6616423,69.87692657735305,10320.34954207319
109,SSP2,2048,3632.5,3632.5,69560.9755648,44794516.266666666,1307999874.9266667,80.0,2960.8320098366667,39949.40541106667,69.92529935917251,10329.535452550575
110,SSP2,2049,3633.5,3633.5,70517.07786866667,44706610.766666666,1305433034.3733332,80.0,2972.02627203,40037.009885399995,69.96949796185929,10337.709711832338
111,SSP2,2050,3634.5,3634.5,71442.94501386667,44608429.36666667,1302566137.5733333,80.0,2982.3848799300004,40114.71423096667,70.00989327170369,10344.983461443111
112,SSP2,2051,3635.5,3635.5,72411.4249037,44499850.4,1299395631.62,80.0,2991.967057876667,40183.62624686667,70.04682312577643,10351.455778324469
113,SSP2,2052,3636.5,3636.5,73356.08382106667,44381748.43333333,1295947054.2466667,80.0,3000.8285650733333,40244.73457486667,70.08059516453909,10357.214943531611
114,SSP2,2053,3637.5,3637.5,74276.85624699999,44255236.733333334,1292252912.6466668,80.0,3009.0217735333335,40298.92017696667,70.11148946168049,10362.3395874562
115,SSP2,2054,3638.5,3638.5,75173.6767593,44121431.86666667,1288345810.3933334,80.0,3016.5957684833334,40346.9670518,70.139760943711,10366.899721263862
116,SSP2,2055,3639.5,3639.5,76046.46535266667,43981456.0,1284258515.1466668,80.0,3023.5964664133335,40389.572155333335,70.16564161218922,10370.957664042196
117,SSP2,2056,3640.5,3640.5,76938.585638,43836425.93333333,1280023637.3133333,80.0,3030.0667412666667,40427.35449296667,70.18934258150176,10374.56887479842
118,SSP2,2057,3641.5,3641.5,77809.15115283334,43687468.9,1275674091.9266667,80.0,3036.04656345,40460.86340256667,70.21105594493842,10377.782697980821
119,SSP2,2058,3642.5,3642.5,78660.57472399999,43535719.06666667,1271242996.7266667,80.0,3041.57314166,40490.58611803334,70.23095648145944,10380.643030666462
120,SSP2,2059,3643.5,3643.5,79495.25836026667,43382307.8,1266763387.7866666,80.0,3046.6810667366667,40516.9545079,70.24920321508611,10383.188918991307
121,SSP2,2060,3644.5,3644.5,80315.57385783334,43228365.43333333,1262268270.5866666,80.0,3051.40245696,40540.351257,70.26594083829772,10385.455090821064
122,SSP2,2061,3645.5,3645.5,81154.26435756666,43074954.43333333,1257788669.4399998,80.0,3055.76710258,40561.1153246,70.28130101021596,10387.472431088892
123,SSP2,2062,3646.5,3646.5,81982.46038810001,42922861.233333334,1253347547.9933333,80.0,3059.802606463333,40579.54686226666,70.29540353972791,10389.268405671157
124,SSP2,2063,3647.5,3647.5,82802.37710153333,42772797.766666666,1248965694.78,80.0,3063.5345213333335,40595.91161383333,70.30835746305556,10390.867439143036
125,SSP2,2064,3648.5,3648.5,83616.19836033332,42625477.5,1244663942.9866667,80.0,3066.9864824966667,40610.44482166667,70.32026202463938,10392.291251256778
126,SSP2,2065,3649.5,3649.5,84426.0691068,42481618.9,1240463271.8600001,80.0,3070.18033612,40623.35472903333,70.33120756957587,10393.559156519774
127,SSP2,2066,3650.5,3650.5,85236.33791356668,42341811.6,1236380898.6933334,80.0,3073.1362601833334,40634.825646,70.34127635524091,10394.688330818415
128,SSP2,2067,3651.5,3651.5,86045.3025729,42206160.766666666,1232419894.3466668,80.0,3075.87288054,40645.0207216,70.35054328914785,10395.694048637291
129,SSP2,2068,3652.5,3652.5,86854.59710496667,42074661.233333334,1228580108.0466666,80.0,3078.4073822299997,40654.08436573333,70.35907659953574,10396.589894060353
130,SSP2,2069,3653.5,3653.5,87665.75063293333,41947299.2,1224861136.6066666,80.0,3080.7556114733334,40662.144429466665,70.36693844465971,10397.387948410325
131,SSP2,2070,3654.5,3654.5,88480.19441263333,41824066.8,1221262750.5133333,80.0,3082.932174453333,40669.314101033335,70.37418546626465,10398.098957082904
132,SSP2,2071,3655.5,3655.5,89399.65853036667,41704838.4,1217781281.2733333,80.0,3084.950529566667,40675.69361533333,70.38086929226475,10398.732477861075
133,SSP2,2072,3656.5,3656.5,90330.33197216666,41589015.1,1214399240.9533334,80.0,3086.8230719133335,40681.37173423333,70.3870369932239,10399.297012750487
134,SSP2,2073,3657.5,3657.5,91270.65499643332,41475874.7,1211095541.24,80.0,3088.5612155733334,40686.427078500004,70.39273149683694,10399.800125156755
135,SSP2,2074,3658.5,3658.5,92218.89934416667,41364694.36666667,1207849075.5066667,80.0,3090.1754672300003,40690.92930703333,70.39799196424464,10400.248544028012
136,SSP2,2075,3659.5,3659.5,93173.19298926667,41254753.4,1204638799.3266668,80.0,3091.675497296667,40694.940161800005,70.40285413167857,10400.648256409013
137,SSP2,2076,3660.5,3660.5,94145.15138033334,41145251.833333336,1201441353.5533333,80.0,3093.07020293,40698.514345066666,70.40735062062117,10401.004589694452
138,SSP2,2077,3661.5,3661.5,95125.32173586666,41035102.833333336,1198225002.8066666,80.0,3094.3677714399996,40701.700372,70.41151121938093,10401.32228472765
139,SSP2,2078,3662.5,3662.5,96118.11485546666,40923152.93333333,1194956065.6533332,80.0,3095.5757327066667,40704.54124833333,70.41536313872164,10401.605560764057
140,SSP2,2079,3663.5,3663.5,97127.83819736667,40808245.266666666,1191600761.7266667,80.0,3096.7010139100003,40707.0751433,70.41893124394493,10401.858173206241
141,SSP2,2080,3664.5,3664.5,98158.70736526667,40689228.2,1188125463.4466667,80.0,3097.749985953333,40709.335906466666,70.42223826560706,10402.083464916414
142,SSP2,2081,3665.5,3665.5,99058.79973846667,40565549.9,1184514057.1,80.0,3098.728508163333,40711.353585866666,70.42530499085119,10402.284411822884
143,SSP2,2082,3666.5,3666.5,99977.6839182,40439100.46666667,1180821733.7,80.0,3099.6419691766664,40713.154852499996,70.42815043715387,10402.463663457083
144,SSP2,2083,3667.5,3667.5,100912.82344433333,40312378.63333333,1177121456.0666666,80.0,3100.49532514,40714.763404833335,70.43079201011939,10402.623578986757
145,SSP2,2084,3668.5,3668.5,101861.5881493,40187884.8,1173486236.12,80.0,3101.2931343333335,40716.2002804,70.43324564680373,10402.766259247874
146,SSP2,2085,3669.5,3669.5,102821.23526110001,40068123.4,1169989203.2666667,80.0,3102.03958916,40717.4841716,70.43552594591314,10402.893575221542
147,SSP2,2086,3670.5,3670.5,103820.21052843334,39955356.266666666,1166696402.9866667,80.0,3102.738545653333,40718.6317057,70.437646286097,10403.00719335247
148,SSP2,2087,3671.5,3671.5,104826.34746063333,39850862.8,1163645193.8,80.0,3103.3935519533334,40719.657658933334,70.43961893344127,10403.108598061042
149,SSP2,2088,3672.5,3672.5,105839.9987252,39755682.666666664,1160865933.88,80.0,3104.0078714433334,40720.5751648,70.4414551391656,10403.199111761794
150,SSP2,2089,3673.5,3673.5,106861.54914376668,39670849.86666667,1158388816.1333334,80.0,3104.584506886667,40721.395922200005,70.44316522843395,10403.279912666056
151,SSP2,2090,3674.5,3674.5,107891.4272778,39597400.5,1156244094.6266668,80.0,3105.1262219933333,40722.13033443333,70.44475868110271,10403.35205061542
152,SSP2,2091,3675.5,3675.5,108946.9573067,39535980.03333333,1154450616.98,80.0,3105.6355611000004,40722.78766476666,70.44624420515447,10403.416461165218
153,SSP2,2092,3676.5,3676.5,110010.63154366666,39485677.46666667,1152981782.0066667,80.0,3106.1148655266666,40723.37616223333,70.44762980349446,10403.473978112517
154,SSP2,2093,3677.5,3677.5,111083.31935353334,39445187.96666667,1151799488.5533333,80.0,3106.56629153,40723.90317116667,70.44892283472431,10403.52534464159
155,SSP2,2094,3678.5,3678.5,112166.03106043332,39413205.766666666,1150865608.3733332,80.0,3106.991825036667,40724.375247133336,70.45013006844944,10403.571223240335
156,SSP2,2095,3679.5,3679.5,113259.94528663334,39388424.166666664,1150141985.6533332,80.0,3107.393296006667,40724.7982155,70.45125773562488,10403.612204524079
157,SSP2,2096,3680.5,3680.5,114366.98966903334,39369535.13333333,1149590425.8733332,80.0,3107.77239002,40725.1772865,70.45231157439699,10403.648815087929
158,SSP2,2097,3681.5,3681.5,115488.55843746667,39355230.2,1149172721.8866665,80.0,3108.1306610066667,40725.51709633334,70.45329687185557,10403.68152449532
159,SSP2,2098,3682.5,3682.5,116626.53413776666,39344201.6,1148850686.66,80.0,3108.469541353333,40725.821794933334,70.45421850207224,10403.710751498404
160,SSP2,2099,3683.5,3683.5,117783.09734583335,39335137.333333336,1148586010.18,80.0,3108.79035343,40726.0950621,70.45508096076578,10403.736869575318
161,SSP2,2100,3684.5,3684.5,118960.7644726,39326727.3,1148340437.12,80.0,3109.09431584,40726.340208233334,70.45588839690355,10403.760211859802
162,SSP3,2020,6034.5,6034.5,27571.942633266666,43859743.733333334,1440792581.6699998,90.0,2027.9250276966668,24946.164314166665,64.56238434071848,8787.4775232341
163,SSP3,2021,6035.5,6035.5,29325.18053356667,43944223.833333336,1443567752.9833333,90.0,2096.1799496566664,26352.408261066666,65.17693618285271,8991.66294629238
164,SSP3,2022,6036.5,6036.5,31118.63683856667,44010867.03333333,1445756982.0733333,90.0,2163.2946155333334,27740.25459863333,65.75142355738565,9181.581139401284
165,SSP3,2023,6037.5,6037.5,32947.35494156667,44062062.833333336,1447438764.1366665,90.0,2229.0737880666666,29100.361385233336,66.2876319429705,9357.639732738999
166,SSP3,2024,6038.5,6038.5,34806.54360113333,44100163.733333334,1448690378.6066666,90.0,2293.34130144,30424.209823866666,66.78740235982235,9520.353931561036
167,SSP3,2025,6039.5,6039.5,36691.57517546667,44127551.46666667,1449590065.68,90.0,2355.94135803,31704.2939157,67.2526040439345,9670.318836476754
168,SSP3,2026,6040.5,6040.5,38595.84143763334,44146252.7,1450204401.1833334,90.0,2416.7392685933332,32934.2488326,67.6851109871402,9808.185242848305
169,SSP3,2027,6041.5,6041.5,40515.0600062,44156920.53333333,1450554839.5933335,90.0,2475.6216751466663,34108.91863223333,68.08678213623088,9934.638953911342
170,SSP3,2028,6042.5,6042.5,42444.29989836667,44159859.86666667,1450651396.6899998,90.0,2532.4963183033333,35224.36882066667,68.45944498497833,10050.383463366627
171,SSP3,2029,6043.5,6043.5,44378.76131933333,44155379.7,1450504223.24,90.0,2587.291411283333,36277.85236983334,68.80488225814206,10156.125755198007
172,SSP3,2030,6044.5,6044.5,46313.792008766664,44143784.53333333,1450123321.9533334,90.0,2639.9546945633333,37267.7389289,69.12482137068258,10252.564911284982
173,SSP3,2031,6045.5,6045.5,48353.419375866666,44125458.0,1449521295.2666667,90.0,2690.4522421233332,38193.41713456667,69.42092634367172,10340.383194976812
174,SSP3,2032,6046.5,6046.5,50392.0836197,44101079.43333333,1448720459.4266667,90.0,2738.767084766667,39055.1791474,69.69479186688814,10420.239279232163
175,SSP3,2033,6047.5,6047.5,52425.2504625,44071401.733333334,1447745546.9333334,90.0,2784.8977143,39854.095249,69.94793921369234,10492.763302694913
176,SSP3,2034,6048.5,6048.5,54448.546882400005,44037180.0,1446621363.0166667,90.0,2828.856521176667,40591.885212233334,70.18181373403436,10558.553460292385
177,SSP3,2035,6049.5,6049.5,56457.770278866665,43999165.43333333,1445372584.5,90.0,2870.668212833333,41270.7918553,70.39778367445615,10618.173862619127
178,SSP3,2036,6050.5,6050.5,58475.382106699995,43957807.6,1444013979.6033332,90.0,2910.36824801,41893.460894033335,70.59714009825929,10672.153427835528
179,SSP3,2037,6051.5,6051.5,60474.542142733335,43912319.266666666,1442519687.9466667,90.0,2948.0013205433333,42462.830291,70.7810977035313,10720.985599295369
180,SSP3,2038,6052.5,6052.5,62453.401266533336,43861602.833333336,1440853653.1133335,90.0,2983.61991252,42982.03106103333,70.95079636067096,10765.128710467283
181,SSP3,2039,6053.5,6053.5,64410.32278243333,43804557.0,1438979697.4633334,90.0,3017.2829337366666,43454.3008158,71.1073032138685,10805.00684520856
182,SSP3,2040,6054.5,6054.5,66343.88459813333,43740089.766666666,1436861948.8733332,90.0,3049.05445946,43882.9103925,71.25161521231341,10841.011065663855
183,SSP3,2041,6055.5,6055.5,68254.1820781,43667175.53333333,1434466716.2366667,90.0,3079.0025736733337,44271.10337626666,71.38466195649666,10873.500901791072
184,SSP3,2042,6056.5,6056.5,70137.03922786667,43585117.13333333,1431771097.7966666,90.0,3107.1983177533334,44622.0477817,71.50730876273674,10902.806015710234
185,SSP3,2043,6057.5,6057.5,71989.09931463333,43493288.3,1428754520.7266667,90.0,3133.7147489133336,44938.7988479,71.62035986496537,10929.227970786136
186,SSP3,2044,6058.5,6058.5,73807.1985009,43391058.43333333,1425396269.55,90.0,3158.6261048866663,45224.27174793334,71.7245616868961,10953.042049723806
187,SSP3,2045,6059.5,6059.5,75588.3743295,43277805.3,1421675904.1100001,90.0,3182.0070658633335,45481.2227739,71.82060613005072,10974.499078155886
188,SSP3,2046,6060.5,6060.5,77368.69410866666,43153107.766666666,1417579590.1633334,90.0,3203.9321195099997,45712.237736099996,71.90913383384428,10993.82722043895
189,SSP3,2047,6061.5,6061.5,79112.05490556666,43017418.833333336,1413122208.7266667,90.0,3224.4750128066667,45919.72621726667,71.99073737316051,11011.233722867832
190,SSP3,2048,6062.5,6062.5,80819.57666633333,42871383.53333333,1408324949.1966667,90.0,3243.7082878033334,46105.92052373334,72.06596436672288,11026.906586479121
191,SSP3,2049,6063.5,6063.5,82492.5783159,42715654.733333334,1403209258.0533333,90.0,3261.7028983533332,46272.878299899996,72.13532047622259,11041.016157254386
192,SSP3,2050,6064.5,6064.5,84132.57945926666,42550880.06666667,1397796410.2666667,90.0,3278.52789299,46422.487878633336,72.1992722817417,11053.716626043322
193,SSP3,2051,6065.5,6065.5,85848.77617826666,42377607.7,1392104412.97,90.0,3294.250165266667,46556.475557633334,72.25825002363779,11065.147434082633
194,SSP3,2052,6066.5,6066.5,87534.9790223,42195929.1,1386136270.9433334,90.0,3308.9342566533333,46676.414254133335,72.3126502048585,11075.434582745358
195,SSP3,2053,6067.5,6067.5,89188.14398876666,42005829.93333333,1379891513.3899999,90.0,3322.64221507,46783.73297723333,72.36283805074422,11084.691848255212
196,SSP3,2054,6068.5,6068.5,90805.35475056666,41807293.46666667,1373369590.43,90.0,3335.433492206667,46879.7266578,72.40914982585419,11093.021903661453
197,SSP3,2055,6069.5,6069.5,92383.81566733333,41600309.6,1366570170.4466667,90.0,3347.3648822,46965.5661527,72.45189500931039,11100.51735149399
198,SSP3,2056,6070.5,6070.5,93987.69028296667,41384929.63333333,1359494938.4666667,90.0,3358.4904939466664,47042.30807773334,72.49135833167354,11107.261671293116
199,SSP3,2057,6071.5,6071.5,95556.80001873334,41161500.333333336,1352155285.9966667,90.0,3368.861748283334,47110.90434716667,72.52780167751742,11113.33008670564
200,SSP3,2058,6072.5,6072.5,97093.73296146667,40930444.6,1344565105.1666667,90.0,3378.52740197,47172.211280066665,72.56146585871578,11118.790357120448
201,SSP3,2059,6073.5,6073.5,98601.28337133332,40692175.8,1336737975.0733333,90.0,3387.5335895333333,47226.99822453333,72.59257226405151,11123.703498930761
202,SSP3,2060,6074.5,6074.5,100082.42846283334,40447117.3,1328687803.3066666,90.0,3395.9238820600003,47275.955611666664,72.6213243911477,11128.124441498536
203,SSP3,2061,6075.5,6075.5,101591.46389293335,40195775.53333333,1320431226.255,90.0,3403.73935728,47319.70245900001,72.6479092669442,11132.102622791264
204,SSP3,2062,6076.5,6076.5,103080.49292060001,39939052.5,1311997874.66,90.0,3411.0186826466665,47358.793304700004,72.67249876303377,11135.68252948911
205,SSP3,2063,6077.5,6077.5,104550.10929136667,39677918.5,1303419622.82,90.0,3417.79820151,47393.724565833334,72.69525081215735,11138.904186141774
206,SSP3,2064,6078.5,6078.5,106001.00660946667,39413356.233333334,1294728752.2883334,90.0,3424.1120281,47424.94033203334,72.7163105320617,11141.803597706057
207,SSP3,2065,6079.5,6079.5,107433.97370213334,39146344.53333333,1285957417.9316666,90.0,3429.9921457666665,47452.83771693333,72.7358112627644,11144.413149529453
208,SSP3,2066,6080.5,6080.5,108874.2454562,38877878.2,1277138298.9016669,90.0,3435.4685056866665,47477.77162693334,72.75387552306618,11146.761968571982
209,SSP3,2067,6081.5,6081.5,110301.44695920001,38609047.666666664,1268307215.8600001,90.0,3440.5691278833333,47500.059167433334,72.7706158919127,11148.876249385194
210,SSP3,2068,6082.5,6082.5,111718.1253647,38340953.5,1259500322.5216668,90.0,3445.3201991466663,47519.98355616666,72.78613581994804,11150.779548099143
211,SSP3,2069,6083.5,6083.5,113126.82288476666,38074700.833333336,1250753922.335,90.0,3449.74617445,47537.79769233333,72.800530376328,11152.493047409045
212,SSP3,2070,6084.5,6084.5,114530.06694283333,37811383.06666667,1242103933.825,90.0,3453.8698729466664,47553.72734983333,72.81388693558065,11154.035795305967
213,SSP3,2071,6085.5,6085.5,116089.05292989999,37551701.53333333,1233573395.3600001,90.0,3457.7125707166665,47567.9740799,72.82628580901958,11155.424920061807
214,SSP3,2072,6086.5,6086.5,117655.32910233334,37294768.93333333,1225133159.4383333,90.0,3461.2940930433333,47580.7177407,72.83780082493557,11156.675823759237
215,SSP3,2073,6087.5,6087.5,119230.56678696666,37039301.46666667,1216741053.1683335,90.0,3464.63290297,47592.11887616666,72.84849986151953,11157.802356452348
216,SSP3,2074,6088.5,6088.5,120816.42055193333,36784014.733333334,1208354883.9683335,90.0,3467.7461834433334,47602.32074646666,72.85844533620455,11158.816972853736
217,SSP3,2075,6089.5,6089.5,122414.50410873332,36527621.63333333,1199932370.6266668,90.0,3470.6499221100003,47611.451195433336,72.86769465485989,11159.730873268274
218,SSP3,2076,6090.5,6090.5,124076.77197006666,36268219.53333333,1191411011.715,90.0,3473.3589826033335,47619.6243168,72.87630062402718,11160.554130332284
219,SSP3,2077,6091.5,6091.5,125759.062618,36001413.666666664,1182646438.95,90.0,3475.88718297,47626.94193393333,72.88431182915708,11161.295802968916
220,SSP3,2078,6092.5,6092.5,127464.36046026666,35722200.06666667,1173474272.1783333,90.0,3478.247361636667,47633.49490833333,72.89177298158684,11161.964038835064
221,SSP3,2079,6093.5,6093.5,129195.4498907,35425578.333333336,1163730248.2583334,90.0,3480.4514433233335,47639.36436496666,72.89872523679266,11162.566166411749
222,SSP3,2080,6094.5,6094.5,130954.90152213332,35106549.0,1153250134.6516669,90.0,3482.510502023333,47644.62269266667,72.90520648625804,11163.108777777565
223,SSP3,2081,6095.5,6095.5,132527.66059983333,34762134.3,1141936111.7583334,90.0,3484.4348184799996,47649.33452436667,72.91125162511815,11163.59780300262
224,SSP3,2082,6096.5,6096.5,134120.07528883332,34397380.13333333,1129953937.3483334,90.0,3486.2339336399996,47653.5575773,72.91689279757142,11164.038577007877
225,SSP3,2083,6097.5,6097.5,135732.9625804,34019333.63333333,1117535109.9083333,90.0,3487.9167036866666,47657.3433793,72.92215962189272,11164.435899650938
226,SSP3,2084,6098.5,6098.5,137366.781494,33635048.7,1104911349.845,90.0,3489.491342553333,47660.737942466665,72.92707939673586,11164.79408972336
227,SSP3,2085,6099.5,6099.5,139021.5520398,33251569.466666665,1092314057.0466666,90.0,3490.9654728133332,47663.78238333333,72.93167729027842,11165.117033476165
228,SSP3,2086,6100.5,6100.5,140794.23574346668,32875134.666666668,1079948173.7716668,90.0,3492.3461634766663,47666.513418066665,72.93597651363552,11165.408228228154
229,SSP3,2087,6101.5,6101.5,142589.2844343,32508754.0,1067912568.8783333,90.0,3493.6399712933335,47668.963864200006,72.93999847985394,11165.670821555921
230,SSP3,2088,6102.5,6102.5,144403.6100047,32154622.9,1056279362.3016666,90.0,3494.8529776833334,47671.163035,72.94376294968997,11165.907646514048
231,SSP3,2089,6103.5,6103.5,146233.5324238,31814930.633333333,1045120471.2916666,90.0,3495.990821703333,47673.137152999996,72.94728816527622,11166.121253288618
232,SSP3,2090,6104.5,6104.5,148074.74357356664,31491857.666666668,1034507524.3233334,90.0,3497.0587334700003,47674.909647266664,72.95059097269079,11166.3139376464
233,SSP3,2091,6105.5,6105.5,149981.68362623334,31186990.033333335,1024492622.5933334,90.0,3498.0615616066666,47676.5014638,72.95368693435873,11166.487766505215
234,SSP3,2092,6106.5,6106.5,151892.15819486667,30899552.4,1015050296.3533332,90.0,3499.00380424,47677.93134843333,72.95659043213797,11166.644600918053
235,SSP3,2093,6107.5,6107.5,153799.6526943,30628186.333333332,1006135921.0616666,90.0,3499.889631676667,47679.216068433336,72.95931476187121,11166.78611673365
236,SSP3,2094,6108.5,6108.5,155696.64104936665,30371526.133333333,997704633.4833333,90.0,3500.7229111933334,47680.37061273333,72.96187222011994,11166.913823169616
237,SSP3,2095,6109.5,6109.5,157574.50870116666,30128216.366666667,989711907.645,90.0,3501.5072303233333,47681.40840413333,72.9642741837364,11167.029079510092
238,SSP3,2096,6110.5,6110.5,159422.96718163334,29896896.633333333,982113054.4033333,90.0,3502.245915666667,47682.341460966665,72.96653118287459,11167.13311011838
239,SSP3,2097,6111.5,6111.5,161232.3275449,29676211.866666667,974863559.8616666,90.0,3502.9420536633334,47683.180546866664,72.96865296799113,11167.227017935593
240,SSP3,2098,6112.5,6112.5,162990.2927037,29464807.066666666,967918912.0883334,90.0,3503.5985071433333,47683.93528813333,72.97064857133961,11167.311796618887
241,SSP3,2099,6113.5,6113.5,164683.16845946666,29261330.7,961234713.5516666,90.0,3504.21793175,47684.61430823334,72.97252636342047,11167.388341457301
242,SSP3,2100,6114.5,6114.5,166295.78553833335,29064427.566666666,954766445.6,90.0,3504.8027925,47685.22534433333,72.97429410480895,11167.457459189038
243,SSP4,2020,8464.5,8464.5,28321.7145524,43784103.3,1118683839.3616667,70.0,1999.07433238,24333.186744566665,63.56305760458654,8367.976998164047
244,SSP4,2021,8465.5,8465.5,30152.366510633332,43855690.96666667,1120512904.2483335,70.0,2056.3134995533333,25467.839459966668,64.02156900833641,8497.844522395717
245,SSP4,2022,8466.5,8466.5,31996.47333083333,43909725.166666664,1121893478.085,70.0,2111.2465000633333,26549.714607133334,64.4396293576092,8613.282776212327
246,SSP4,2023,8467.5,8467.5,33843.884509999996,43946514.36666667,1122833442.105,70.0,2163.7768576366666,27573.25731406667,64.82028581029245,8715.568747375184
247,SSP4,2024,8468.5,8468.5,35685.4062157,43966341.3,1123340020.2583334,70.0,2213.8396013366664,28534.48779333333,65.16646462567151,8805.9502640728
248,SSP4,2025,8469.5,8469.5,37512.7217649,43969510.266666666,1123420987.355,70.0,2261.3989092633333,29430.962862433335,65.48095204867197,8885.621271530377
249,SSP4,2026,8470.5,8470.5,39315.32706563333,43956604.766666666,1123091251.765,70.0,2306.44533511,30261.66726843333,65.76638170015265,8955.705372168635
250,SSP4,2027,8471.5,8471.5,41088.62752753333,43929356.2,1122395050.93,70.0,2348.9927923299997,31026.853453566666,66.02522732710884,9017.245981715383
251,SSP4,2028,8472.5,8472.5,42826.8436463,43889785.4,1121384017.0266666,70.0,2389.0754490633335,31727.849728966667,66.25979988189363,9071.201598290005
252,SSP4,2029,8473.5,8473.5,44524.7844619,43839915.666666664,1120109845.385,70.0,2426.74465409,32366.85529006667,66.47224802409076,9118.444885508838
253,SSP4,2030,8474.5,8474.5,46177.8300559,43781767.333333336,1118624155.3683333,70.0,2462.065982846667,32946.73719656667,66.6645612633652,9159.764491560823
254,SSP4,2031,8475.5,8475.5,47882.010419000006,43717042.0,1116970423.1616666,70.0,2495.116470486667,33470.84057753333,66.83857508059485,9195.868738441246
255,SSP4,2032,8476.5,8476.5,49540.21569323333,43646160.733333334,1115159406.7583334,70.0,2525.9820710433332,33942.81935876667,66.99597747431169,9227.390505609463
256,SSP4,2033,8477.5,8477.5,51148.7243485,43569229.0,1113193800.9716668,70.0,2554.75536908,34366.49134576666,67.13831647809015,9254.892794678617
257,SSP4,2034,8478.5,8478.5,52704.26993603333,43486346.833333336,1111076161.6083333,70.0,2581.5335472899997,34745.718936766665,67.2670082813149,9278.874595611827
258,SSP4,2035,8479.5,8479.5,54204.02956050001,43397615.13333333,1108809066.645,70.0,2606.4166142500003,35084.31462116667,67.38334566082851,9299.776782239873
259,SSP4,2036,8480.5,8480.5,55648.741058700005,43302963.2,1106390709.735,70.0,2629.50587742,35385.96929173333,67.48850649489171,9317.987848962868
260,SSP4,2037,8481.5,8481.5,57034.9815974,43201623.733333334,1103801486.4266667,70.0,2650.9026492466664,35654.2005715,67.58356218458299,9333.849364902206
261,SSP4,2038,8482.5,8482.5,58362.424621733335,43092656.833333336,1101017382.11,70.0,2670.7071691333335,35892.318122133336,67.66948585226739,9347.661070096194
262,SSP4,2039,8483.5,8483.5,59631.04178353333,42975121.53333333,1098014355.2466667,70.0,2689.0177196933337,36103.402857466666,67.74716022318265,9359.685573813402
263,SSP4,2040,8484.5,8484.5,60841.08255413333,42848076.86666667,1094768363.9566667,70.0,2705.92991888,36290.297212000005,67.81738512561114,9370.152640476
264,SSP4,2041,8485.5,8485.5,61980.112961499995,42710694.53333333,1091258245.3733335,70.0,2721.536167686667,36455.60389696667,67.88088456855536,9379.263066362151
265,SSP4,2042,8486.5,8486.5,63059.9714258,42562602.6,1087474496.4733334,70.0,2735.9252331033335,36601.690943433336,67.93831337425793,9387.192162076635
266,SSP4,2043,8487.5,8487.5,64080.237934699995,42403541.766666666,1083410492.1,70.0,2749.1819496466665,36730.70119883333,67.99026335714316,9394.092863242462
267,SSP4,2044,8488.5,8488.5,65040.75148163333,42233246.5,1079059448.0783334,70.0,2761.3870212633333,36844.5648178,68.0372690515498,9400.098496147244
268,SSP4,2045,8489.5,8489.5,65941.5916478,42051449.766666666,1074414541.5033333,70.0,2772.616908273333,36945.01354076667,68.07981299861139,9405.32522708085
269,SSP4,2046,8490.5,8490.5,66798.9386098,41857987.0,1069471567.8616666,70.0,2782.9437861833335,37033.5958854,68.11833060836815,9409.874224512843
270,SSP4,2047,8491.5,8491.5,67600.32402849999,41653033.06666667,1064234994.92,70.0,2792.43556183,37111.6925917,68.15321461712198,9413.833562595
271,SSP4,2048,8492.5,8492.5,68348.23080543333,41436868.96666667,1058712002.1066667,70.0,2801.1559378666666,37180.53179463334,68.18481916255624,9417.279893116536
272,SSP4,2049,8493.5,8493.5,69045.26456416667,41209760.93333333,1052909391.8816667,70.0,2809.1645145933335,37241.2036443,68.21346350055396,9420.27991126521
273,SSP4,2050,8494.5,8494.5,69694.144082,40971984.3,1046834198.85,70.0,2816.5169200566665,37294.674112,68.23943538821476,9422.891638554436
274,SSP4,2051,8495.5,8495.5,70343.05270523332,40723944.56666667,1040496783.6966667,70.0,2823.264963243333,37341.797866,68.26299415750844,9425.165544204328
275,SSP4,2052,8496.5,8496.5,70949.73354913334,40466631.53333333,1033922435.735,70.0,2829.4568008566666,37383.330162566665,68.2843735034744,9427.145524207404
276,SSP4,2053,8497.5,8497.5,71514.43191796666,40201166.06666667,1027139793.0166667,70.0,2835.137116406667,37419.9377163,68.30378401001802,9428.869755330294
277,SSP4,2054,8498.5,8498.5,72037.43422853334,39928669.13333333,1020177496.3766667,70.0,2840.3473043766667,37452.2085512,68.32141543527167,9430.371439438928
278,SSP4,2055,8499.5,8499.5,72519.05242036666,39650268.46666667,1013064359.3566667,70.0,2845.1256568366666,37480.66094926666,68.33743877726103,9431.679451808497
279,SSP4,2056,8500.5,8500.5,72977.63164716667,39367017.03333333,1005827285.185,70.0,2849.5075491133334,37505.751440433334,68.35200813931189,9432.81890550013
280,SSP4,2057,8501.5,8501.5,73398.152764,39079678.6,998485788.2983334,70.0,2853.5256244233333,37527.881974966665,68.36526241329324,9433.811642455323
281,SSP4,2058,8502.5,8502.5,73783.71248186666,38788954.96666667,991057799.4566667,70.0,2857.2099707366665,37547.40634106667,68.3773267974581,9434.67666067271
282,SSP4,2059,8503.5,8503.5,74137.43339153333,38495542.233333334,983561104.1583333,70.0,2860.588296733333,37564.635834466666,68.38831416433804,9435.430485682362
283,SSP4,2060,8504.5,8504.5,74462.44488953333,38200144.9,976013702.205,70.0,2863.68609522,37579.84431626667,68.39832629288972,9436.08749351103
284,SSP4,2061,8505.5,8505.5,74766.98656493334,37903437.766666666,968432835.0166667,70.0,2866.5268044333334,37593.27269123333,68.40745497789428,9436.660191427263
285,SSP4,2062,8506.5,8506.5,75046.66195523334,37606044.13333333,960834427.6566666,70.0,2869.13195637,37605.132846266664,68.41578302848121,9437.159461957335
286,SSP4,2063,8507.5,8507.5,75302.92725986666,37308560.4,953233718.2566667,70.0,2871.52132024,37615.61117336667,68.42338516659076,9437.594774961013
287,SSP4,2064,8508.5,8508.5,75537.20936303333,37011594.166666664,945646231.0683333,70.0,2873.71303644,37624.87160963333,68.43032883520509,9437.974371940198
288,SSP4,2065,8509.5,8509.5,75750.8998841,36715744.233333334,938087265.2166667,70.0,2875.7237432466663,37633.05838466667,68.43667492526883,9438.305426213938
289,SSP4,2066,8510.5,8510.5,75936.84323423333,36421529.1,930570068.495,70.0,2877.568693213333,37640.298385233335,68.44247842938024,9438.59418212165
290,SSP4,2067,8511.5,8511.5,76104.81267246667,36129153.63333333,923099875.3466667,70.0,2879.26186344,37646.70326463333,68.44778902956486,9438.84607600446
291,SSP4,2068,8512.5,8512.5,76256.98728006666,35838741.166666664,915679836.8216667,70.0,2880.8160570066666,37652.37129516667,68.45265162573955,9439.065841355401
292,SSP4,2069,8513.5,8513.5,76395.44700963332,35550416.833333336,908313150.1283333,70.0,2882.2430003766667,37657.38897693333,68.45710681083128,9439.257600216208
293,SSP4,2070,8514.5,8514.5,76522.17461436667,35264305.6,901003008.0966667,70.0,2883.553428073333,37661.83247873333,68.4611912979312,9439.424942626041
294,SSP4,2071,8515.5,8515.5,76712.9575016,34980427.53333333,893749923.5466667,70.0,2884.757166993333,37665.76887863334,68.46493830433211,9439.570995690368
295,SSP4,2072,8516.5,8516.5,76902.33933136666,34698351.7,886542885.9416667,70.0,2885.863208696667,37669.2572736,68.46837789681656,9439.698483632183
296,SSP4,2073,8517.5,8517.5,77091.80341943333,34417545.666666664,879368291.8116666,70.0,2886.8797816733336,37672.3497336,68.4715373021254,9439.809780008529
297,SSP4,2074,8518.5,8518.5,77282.8053338,34137467.8,872212302.2783333,70.0,2887.814413413333,37675.092154766666,68.47444118614308,9439.906953119758
298,SSP4,2075,8519.5,8519.5,77476.76259986666,33857576.766666666,865061086.4116666,70.0,2888.673990303333,37677.525020366666,68.47711190497941,9439.99180550364
299,SSP4,2076,8520.5,8520.5,77664.37612716667,33577251.13333333,857898766.5016667,70.0,2889.4648112900004,37679.684008,68.47956973080544,9440.065908289125
300,SSP4,2077,8521.5,8521.5,77856.2893324,33295537.933333334,850700994.1883334,70.0,2890.1926368566665,37681.6006217,68.4818330550123,9440.130631082644
301,SSP4,2078,8522.5,8522.5,78053.17072013333,33011399.733333334,843441263.2133334,70.0,2890.8627367266668,37683.30265873333,68.48391857099999,9440.187167971226
302,SSP4,2079,8523.5,8523.5,78255.62866226667,32723804.4,836093202.465,70.0,2891.479930053333,37684.814652466666,68.4858414386686,9440.236560150019
303,SSP4,2080,8524.5,8524.5,78464.2070948,32431716.266666666,828630350.6666666,70.0,2892.0486244066665,37686.15828043334,68.48761543247309,9440.279715615023
304,SSP4,2081,8525.5,8525.5,78495.07532896666,32134687.2,821041257.9866666,70.0,2892.57285145,37687.35269066667,68.4892530747121,9440.317426303978
305,SSP4,2082,8526.5,8526.5,78527.45794256666,31834587.966666665,813373722.5833334,70.0,2893.0562983266664,37688.41480713333,68.49076575555145,9440.350383018123
306,SSP4,2083,8527.5,8527.5,78563.35891493334,31533863.833333332,805690220.9933333,70.0,2893.5023374966668,37689.359594,68.49216384112839,9440.379188413848
307,SSP4,2084,8528.5,8528.5,78604.79982599999,31234970.4,798053493.7716668,70.0,2893.9140547066663,37690.200286700005,68.49345677094584,9440.404368315447
308,SSP4,2085,8529.5,8529.5,78653.83374726666,30940358.766666666,790526166.5683333,70.0,2894.2942723200003,37690.948586633334,68.49465314564117,9440.426381567266
309,SSP4,2086,8530.5,8530.5,78691.60616469999,30652253.233333334,783165070.135,70.0,2894.6455727933335,37691.614861099995,68.49576080610377,9440.44562861498
310,SSP4,2087,8531.5,8531.5,78736.95035953334,30371949.533333335,776003310.61,70.0,2894.970319063333,37692.20828586667,68.49678690481528,9440.462458980928
311,SSP4,2088,8532.5,8532.5,78789.2860033,30100514.066666666,769068134.4666667,70.0,2895.2706740133335,37692.73698813333,68.4977379701972,9440.477177776922
312,SSP4,2089,8533.5,8533.5,78848.01102686668,29839009.8,762386700.3716667,70.0,2895.5486164500003,37693.2081714,68.49861996467044,9440.490051379216
313,SSP4,2090,8534.5,8534.5,78912.52890463333,29588504.166666668,755986281.485,70.0,2895.8059585966666,37693.62821083333,68.49943833705873,9440.501312374052
314,SSP4,2091,8535.5,8535.5,78968.48432506667,29349677.766666666,749884267.0033333,70.0,2896.0443590466666,37694.002772700005,68.500198069904,9440.511163868136
315,SSP4,2092,8536.5,8536.5,79027.76474456667,29121686.233333334,744059083.2783333,70.0,2896.2653370466664,37694.33687670001,68.50090372220302,9440.519783246047
316,SSP4,2093,8537.5,8537.5,79090.75128546666,28903305.566666666,738479457.2166667,70.0,2896.4702835900002,37694.6349701,68.50155946802322,9440.527325445995
317,SSP4,2094,8538.5,8538.5,79157.88994903333,28693305.8,733113963.2266667,70.0,2896.6604735899996,37694.901012266666,68.50216913140875,9440.533925816013
318,SSP4,2095,8539.5,8539.5,79229.71311996666,28490461.366666667,727931287.9699999,70.0,2896.8370744100002,37695.1385119,68.50273621794584,9440.539702604648
319,SSP4,2096,8540.5,8540.5,79286.38898483333,28293543.166666668,722900027.925,70.0,2897.001156513333,37695.350590333335,68.50326394331904,9440.544759133209
320,SSP4,2097,8541.5,8541.5,79348.14119699999,28101323.0,717988802.7033333,70.0,2897.15370059,37695.540016533334,68.50375525915643,9440.549185690472
321,SSP4,2098,8542.5,8542.5,79415.86263543334,27912568.533333335,713166126.0483334,70.0,2897.2956065466665,37695.709246566665,68.50421287643161,9440.5530611856
322,SSP4,2099,8543.5,8543.5,79490.63310826666,27726047.9,708400523.89,70.0,2897.42769946,37695.86047693333,68.50463928666268,9440.556454590196
323,SSP4,2100,8544.5,8544.5,79573.75014143334,27540532.6,703660607.9783332,70.0,2897.55073566,37695.995654,68.50503678112516,9440.559426196649
324,SSP5,2020,10894.5,10894.5,27592.3654928,44739698.233333334,1632998985.6666667,100.0,2040.45726478,25154.406471233335,65.11839026659547,8961.107631241483
325,SSP5,2021,10895.5,10895.5,29241.174266233334,44990920.86666667,1642168611.8166666,100.0,2114.5965480366667,26666.243099366668,65.8303790012334,9200.810491917655
326,SSP5,2022,10896.5,10896.5,30876.585781533333,45206598.6,1650040849.05,100.0,2188.42106016,28178.052299166666,66.50498968711815,9427.609898314486
327,SSP5,2023,10897.5,10897.5,32489.01120903333,45389378.3,1656712308.1333334,100.0,2261.714722503333,29679.9963138,67.14321934867931,9641.501216597362
328,SSP5,2024,10898.5,10898.5,34070.11148873334,45541923.53333333,1662280209.1166666,100.0,2334.2696074433334,31162.580391233332,67.7461770742234,9842.61109184875
329,SSP5,2025,10899.5,10899.5,35612.69816193333,45666877.93333333,1666841044.6833334,100.0,2405.8883431733334,32616.895640533334,68.31506103376184,10031.176167049383
330,SSP5,2026,10900.5,10900.5,37108.244794399994,45767507.1,1670514009.2333333,100.0,2476.386187236667,34034.81978426667,68.85113742426286,10207.523134825375
331,SSP5,2027,10901.5,10901.5,38553.2640856,45849512.333333336,1673507200.35,100.0,2545.5927320833334,35409.1686163,69.35572142057768,10372.05046574361
332,SSP5,2028,10902.5,10902.5,39942.866067166666,45919195.96666667,1676050653.0,100.0,2613.3532222599997,36733.79646466667,69.83016014463519,10525.211980406444
333,SSP5,2029,10903.5,10903.5,41272.94393513333,45982865.56666667,1678374593.2833333,100.0,2679.5294818033335,38003.648202699995,70.27581761558393,10667.502309774723
334,SSP5,2030,10904.5,10904.5,42540.12549656667,46046824.53333333,1680709095.65,100.0,2744.00046337,39214.7682967,70.69406160671,10799.444206807239
335,SSP5,2031,10905.5,10905.5,43884.686606999996,46115622.43333333,1683220219.0,100.0,2806.6624442800003,40364.27384733334,71.08625230874596,10921.5776212628
336,SSP5,2032,10906.5,10906.5,45170.80046723333,46186825.9,1685819145.5333333,100.0,2867.4289019133334,41450.29888723334,71.45373268150456,11034.450419126062
337,SSP5,2033,10907.5,10907.5,46396.7702165,46256250.3,1688353136.1,100.0,2926.23011329,42471.91704073334,71.7978203648727,11138.610611735949
338,SSP5,2034,10908.5,10908.5,47561.44058923333,46319707.666666664,1690669329.9833333,100.0,2983.0125175133335,43429.0488788,72.11980101464331,11234.599952557659
339,SSP5,2035,10909.5,10909.5,48664.158366066666,46373020.766666666,1692615258.1333334,100.0,3037.737892003333,44322.35972886667,72.42092292727625,11322.9487584925
340,SSP5,2036,10910.5,10910.5,49690.705538933325,46413347.8,1694087194.85,100.0,3090.3823839633333,45153.152820066665,72.70239281950954,11404.171815628837
341,SSP5,2037,10911.5,10911.5,50656.25813756666,46443155.46666667,1695175174.7,100.0,3140.935435043333,45923.261952333334,72.96537263301113,11478.765235089406
342,SSP5,2038,10912.5,10912.5,51562.60559796667,46466253.46666667,1696018251.7833333,100.0,3189.3986451200003,46634.947208733334,73.21097724033042,11547.204132250306
343,SSP5,2039,10913.5,10913.5,52411.93553723334,46486445.2,1696755249.9833333,100.0,3235.7845965200004,47290.79649756666,73.44027293575147,11609.94101147738
344,SSP5,2040,10914.5,10914.5,53206.795402133335,46507529.43333333,1697524824.45,100.0,3280.115675883333,47893.63497779999,73.65427660283252,11667.404748176665
345,SSP5,2041,10915.5,10915.5,53918.996995400004,46532296.766666666,1698428832.1166666,100.0,3322.422910306667,48446.443857,73.8539554590851,11720.000070010374
346,SSP5,2042,10916.5,10916.5,54579.60427253333,46559495.9,1699421600.5,100.0,3362.744838806667,48952.289365133336,74.04022728711055,11768.10744927682
347,SSP5,2043,10917.5,10917.5,55190.33350956666,46586870.8,1700420784.3666666,100.0,3401.1264310833335,49414.26213083333,74.2139610703416,11812.08332843519
348,SSP5,2044,10918.5,10918.5,55753.083757433335,46612166.833333336,1701344089.6666667,100.0,3437.6180679866666,49835.426849233336,74.37597796015172,11852.260610368043
349,SSP5,2045,10919.5,10919.5,56269.9158532,46633126.833333336,1702109129.5833333,100.0,3472.27458436,50218.78164876667,74.52705250935655,11888.9493540578
350,SSP5,2046,10920.5,10920.5,56750.400672966665,46647757.0,1702643130.6833334,100.0,3505.1543867366663,50567.2263926,74.66791411494131,11922.437624795544
351,SSP5,2047,10921.5,10921.5,57192.0851213,46655089.1,1702910752.4,100.0,3536.3186423399998,50883.5389711,74.799248620137,11952.992455769492
352,SSP5,2048,10922.5,10922.5,57599.23394043333,46654409.166666664,1702885934.7333333,100.0,3565.8305425533335,51170.3585221,74.92170003269663,11980.86088486011
353,SSP5,2049,10923.5,10923.5,57976.121567899994,46645005.93333333,1702542716.7333333,100.0,3593.75464049,51430.17455813334,75.03587232236826,12006.271036692528
354,SSP5,2050,10924.5,10924.5,58327.01981616667,46626162.6,1701854935.05,100.0,3620.1562579133333,51665.32105943333,75.14233126612802,12029.43322548137
355,SSP5,2051,10925.5,10925.5,58704.829614400005,46597621.63333333,1700813189.8,100.0,3645.10096266,51877.974458900004,75.24160631472928,12050.541058982772
356,SSP5,2052,10926.5,10926.5,59066.148209633335,46560959.86666667,1699475035.25,100.0,3668.6541124533333,52070.15488756667,75.33419245857091,12069.772527989355
357,SSP5,2053,10927.5,10927.5,59412.9246571,46518211.2,1697914708.9333334,100.0,3690.8804551433336,52243.72974843333,75.4205520748162,12087.29106932109
358,SSP5,2054,10928.5,10928.5,59747.04226083333,46471409.4,1696206443.3333333,100.0,3711.8437919933335,52400.41914863334,75.5011167411374,12103.246593235457
359,SSP5,2055,10929.5,10929.5,60070.29086376667,46422589.86666667,1694424530.3166666,100.0,3731.6066884966663,52541.80259753333,75.57628900446004,12117.776468664251
360,SSP5,2056,10930.5,10930.5,60420.7912405,46373711.266666666,1692640461.4666667,100.0,3750.2302380066667,52669.32652540001,75.6464440956713,12131.006461738696
361,SSP5,2057,10931.5,10931.5,60762.75561083333,46326444.43333333,1690915222.05,100.0,3767.77386394,52784.312342766665,75.71193158347995,12143.051624744972
362,SSP5,2058,10932.5,10932.5,61099.92981806667,46282387.233333334,1689307134.1,100.0,3784.29516856,52887.96472716667,75.77307696250617,12154.017134009833
363,SSP5,2059,10933.5,10933.5,61435.95631393333,46243143.4,1687874734.35,100.0,3799.8498078666667,52981.37987773333,75.83018317227798,12163.99907629772
364,SSP5,2060,10934.5,10934.5,61774.35692706667,46210305.56666667,1686676153.35,100.0,3814.49140803,53065.553700066666,75.8835320451474,12173.085184148675
365,SSP5,2061,10935.5,10935.5,62142.25761656666,46185270.7,1685762380.6833334,100.0,3828.2715033,53141.38968303333,75.93338568224904,12181.355521238358
366,SSP5,2062,10936.5,10936.5,62513.84375196667,46168619.766666666,1685154621.6333334,100.0,3841.23949752,53209.70647083334,75.97998775753285,12188.883119329923
367,SSP5,2063,10937.5,10937.5,62890.0487058,46160722.766666666,1684866381.2166667,100.0,3853.44265024,53271.2449837,76.02356475063974,12195.73456874152
368,SSP5,2064,10938.5,10938.5,63271.6118651,46161958.9,1684911499.95,100.0,3864.9260799766666,53326.67520563333,76.06432710997696,12201.97056449736
369,SSP5,2065,10939.5,10939.5,63659.07109596666,46172708.8,1685303871.3333333,100.0,3875.73278063,53376.602442999996,76.10247034781038,12207.646410485246
370,SSP5,2066,10940.5,10940.5,64057.26270093334,46193141.6,1686049668.55,100.0,3885.903653573333,53421.57315116667,76.13817606954356,12212.812484027703
371,SSP5,2067,10941.5,10941.5,64461.252371400005,46222608.86666667,1687125223.8,100.0,3895.4775467933337,53462.0803863,76.1716129396134,12217.51466330181
372,SSP5,2068,10942.5,10942.5,64872.62009306667,46260254.2,1688499278.4666667,100.0,3904.4913087233335,53498.56874519999,76.20293758661666,12221.794720027321
373,SSP5,2069,10943.5,10943.5,65292.75488193333,46305221.766666666,1690140594.6,100.0,3912.979841096667,53531.43895686667,76.23229545040108,12225.690679793915
374,SSP5,2070,10944.5,10944.5,65722.86023153334,46356658.766666666,1692018045.1833334,100.0,3920.976164333333,53561.052061266666,76.25982157392129,12229.237152324977
375,SSP5,2071,10945.5,10945.5,66237.57799916666,46413804.766666666,1694103874.0833333,100.0,3928.51148377,53587.7332217,76.28564134268406,12232.46563388412
376,SSP5,2072,10946.5,10946.5,66769.95586813333,46476273.43333333,1696383980.4666667,100.0,3935.6152568266666,53611.775208666666,76.30987117459547,12235.40478392731
377,SSP5,2073,10947.5,10947.5,67318.96916456666,46543772.5,1698847696.4,100.0,3942.315267823333,53633.4415598,76.33261916298333,12238.080677992404
378,SSP5,2074,10948.5,10948.5,67883.39907946666,46616002.6,1701484095.0333333,100.0,3948.637696813333,53652.96946763333,76.35398567550685,12240.517038702801
379,SSP5,2075,10949.5,10949.5,68461.85238316667,46692666.46666667,1704282326.1666667,100.0,3954.6071942566664,53670.572366333334,76.37406391158736,12242.735446645403
380,SSP5,2076,10950.5,10950.5,69065.53547353334,46773642.733333334,1707237959.95,100.0,3960.24695363,53686.4422742,76.3929404209029,12244.755532767418
381,SSP5,2077,10951.5,10951.5,69680.9251162,46859505.96666667,1710371967.95,100.0,3965.5787798133333,53700.75196136667,76.41069558538943,12246.59515382328
382,SSP5,2078,10952.5,10952.5,70309.00599506666,46951012.96666667,1713711973.45,100.0,3970.6231633933335,53713.6568502,76.42740406708516,12248.270552293287
383,SSP5,2079,10953.5,10953.5,70950.69178566667,47048921.63333333,1717285639.75,100.0,3975.399345136667,53725.29673523333,76.44313522404454,12249.79650209043
384,SSP5,2080,10954.5,10954.5,71606.8480499,47153987.2,1721120532.9333334,100.0,3979.925385246667,53735.79740046666,76.45795349643701,12251.186441271642
385,SSP5,2081,10955.5,10955.5,72186.33155403333,47266787.03333333,1725237726.8833334,100.0,3984.21822565,53745.27197906667,76.4719187648328,12252.452592875003
386,SSP5,2082,10956.5,10956.5,72780.00152046667,47387168.43333333,1729631647.9833333,100.0,3988.2937543733333,53753.82224733334,76.48508668256855,12253.606074915204
387,SSP5,2083,10957.5,10957.5,73386.6087576,47514805.46666667,1734290399.7,100.0,3992.166864086667,53761.539774833334,76.49750898397518,12254.657000485986
388,SSP5,2084,10958.5,10958.5,74004.99045073333,47649367.06666667,1739201897.9666667,100.0,3995.85150765,53768.50695743333,76.50923377014614,12255.614568840245
389,SSP5,2085,10959.5,10959.5,74634.09862543334,47790531.5,1744354399.9333334,100.0,3999.3607571300004,53774.79790526666,76.52030577382024,12256.48714824596
390,SSP5,2086,10960.5,10960.5,75290.59294636667,47937974.43333333,1749736066.9333334,100.0,4002.7068526433336,53780.47934393333,76.53076660485607,12257.282351348713
391,SSP5,2087,10961.5,10961.5,75953.7086306,48091383.0,1755335479.6333334,100.0,4005.90125206,53785.6112893,76.5406549776793,12258.007103709331
392,SSP5,2088,10962.5,10962.5,76623.7081229,48250434.56666667,1761140861.85,100.0,4008.95468137,53790.247790166664,76.55000692199536,12258.66770612766
393,SSP5,2089,10963.5,10963.5,77301.1856897,48414816.733333334,1767140810.85,100.0,4011.877176486667,53794.437484,76.55885597797312,12259.269891310441
394,SSP5,2090,10964.5,10964.5,77987.12965203334,48584217.8,1773323949.8166666,100.0,4014.6781277166665,53798.22416969999,76.56723337702556,12259.818875392613
395,SSP5,2091,10965.5,10965.5,78700.55405956667,48758196.766666666,1779674182.1,100.0,4017.3663184166667,53801.64726893333,76.57516820923507,12260.319404776521
396,SSP5,2092,10966.5,10966.5,79423.30553233334,48935822.8,1786157532.3333333,100.0,4019.949964573333,53804.74231186667,76.58268757840041,12260.775798712462
397,SSP5,2093,10967.5,10967.5,80157.1832369,49116040.733333334,1792735486.8833334,100.0,4022.436750606667,53807.5412796,76.58981674561291,12261.191988006456
398,SSP5,2094,10968.5,10968.5,80904.65615113334,49297786.666666664,1799369213.5,100.0,4024.8338609499997,53810.0729922,76.59657926220684,12261.571550206563
399,SSP5,2095,10969.5,10969.5,81668.94850576668,49479999.06666667,1806019966.0333333,100.0,4027.1480155333334,53812.363416366665,76.60299709286808,12261.9177415878
400,SSP5,2096,10970.5,10970.5,82470.4058145,49661616.2,1812648991.4666667,100.0,4029.38549681,53814.4359519,76.60909072962964,12262.233526226733
401,SSP5,2097,10971.5,10971.5,83298.70113533334,49841569.06666667,1819217271.1,100.0,4031.552179906667,53816.31168486667,76.61487929743018,12262.521602430761
402,SSP5,2098,10972.5,10972.5,84159.91667173333,50018790.63333333,1825685858.2666667,100.0,4033.6535568733334,53818.00965003333,76.62038065186252,12262.78442676308
403,SSP5,2099,10973.5,10973.5,85061.27895346667,50192214.13333333,1832015815.9666667,100.0,4035.69476546,53819.54696866667,76.62561146969391,12263.024235882493
404,SSP5,2100,10974.5,10974.5,86011.2653487,50360766.36666667,1838167972.5833333,100.0,4037.6806076133334,53820.93913203334,76.63058733269659,12263.24306639734
