,SSP,YEAR,GDP,POP,CCF,人均CCF,BA,LDP,UR,FCE_P,FCE,SLUDGE_PRED
0,SSP1,2020,851268.2752820001,1315535753,28810232991.7,1800,59072.9506572,723059.902044,1893.4716960400006,247298.33113399998,70318.96786749999,15508259.633900002
1,SSP1,2021,906581.9183879999,1317990331,28863988249.20001,1800,60482.20734840001,754289.273922,1905.3443461799995,250636.84354600002,71932.38767329999,15947810.612150002
2,SSP1,2022,962650.964865,1319899007,28905788253.600002,1800,61799.27284979999,783671.98946,1916.0377713300004,253563.29589900002,73371.8199534,16399886.880700001
3,SSP1,2023,1019254.1217980001,1321331814,28937166727.300003,1800,63025.17539419999,811094.569996,1925.65664,256120.920574,74650.6291835,16721324.00415
4,SSP1,2024,1076186.6353510001,1322357625,28959631988.099995,1800,64161.94237629998,836493.7916970003,1934.2991842600002,258350.50908899997,75782.85692349999,17015932.2479
5,SSP1,2025,1133259.341745,1323046195,28974711670.8,1800,65212.41943859999,859852.7064499999,1942.0569306999998,260289.91003200007,76782.875591,17214140.51735
6,SSP1,2026,1190266.194953,1323457463,28983718439.5,1800,66180.0945702,881194.907602,1949.01463166,261973.77390700005,77664.46215780001,17473710.50975
7,SSP1,2027,1247010.9612909998,1323614171,28987150343.399998,1800,67068.9337664,900577.750253,1955.2503499099996,263433.48134999996,78438.90088819999,17598770.31575
8,SSP1,2028,1303301.6615519999,1323529302,28985291715.399998,1800,67883.2326173,918085.192653,1960.8356568800004,264697.200732,79116.37151780001,17820676.071
9,SSP1,2029,1358957.9871069998,1323216048,28978431451.099995,1800,68627.4862857,933820.8033630002,1965.83591201,265790.033175,79706.43323400001,18025926.375199996
10,SSP1,2030,1413810.8831440005,1322687571,28966857805.800003,1800,69306.2788862,947901.333064,1970.3105961400004,266734.21172099997,80217.9720468,18208477.772250004
11,SSP1,2031,1470926.942331,1321958471,28950890514.500004,1800,69924.191969,960451.0956900001,1974.3136783300004,267549.330372,80659.17408549998,18339540.639
12,SSP1,2032,1527186.1343380003,1321049249,28930978553.3,1800,70485.73104140001,971597.278763,1977.89399911,268252.585068,81037.5081125,18564395.880400002
13,SSP1,2033,1582471.1056569999,1319981803,28907601485.300003,1800,70995.26849110003,981466.1962939999,1981.09565774,268859.01457099995,81359.77705599998,18574901.748450004
14,SSP1,2034,1636674.9065410004,1318778141,28881241289.100002,1800,71457.00094729998,990180.4345640002,1983.9583943300001,269381.73240700003,81632.18175109998,18734571.990749996
15,SSP1,2035,1689701.0696170002,1317460202,28852378423.799995,1800,71874.919157,997856.7933540001,1986.51795936,269832.1455,81860.34794980002,18823409.438849997
16,SSP1,2036,1742027.516134,1316040813,28821293806.499996,1800,72252.78822129998,1004604.9053580002,1988.8064666999999,270220.155884,82048.973431,18904385.601599995
17,SSP1,2037,1793049.155287,1314496586,28787475234.50001,1800,72594.13647710001,1010526.4136270001,1990.8527267900006,270554.344527,82200.63551800002,19054783.006500002
18,SSP1,2038,1842699.610251,1312794951,28750209427.2,1800,72902.2512267,1015714.5896920001,1992.6825574900001,270842.13690200006,82317.04940229999,19206823.666450005
19,SSP1,2039,1890919.7577169999,1310903200,28708780081.599995,1800,73180.17984930001,1020254.287266,1994.3190734400005,271089.95112700004,82399.52204420001,19401237.99385
20,SSP1,2040,1937657.16384,1308788920,28662477346.6,1800,73430.7350287,1024222.1418790001,1995.7829520400003,271303.32897699997,82449.0192749,19550849.243699998
21,SSP1,2041,1982677.3510729999,1306421727,28610635823.099995,1800,73656.5030085,1027686.941843,1997.09267795,271487.051749,82466.22768770001,19595943.324850004
22,SSP1,2042,2026121.3742779996,1303780483,28552792578.2,1800,73859.8539456,1030710.108901,1998.2647658100007,271645.241914,82451.77815639999,19648927.86855
23,SSP1,2043,2067960.0575599999,1300846581,28488540125.899998,1800,74042.95373029998,1033346.2447,1999.31396336,271781.45195,82406.11966819999,19729584.918300003
24,SSP1,2044,2108173.285229,1297600822,28417458003.199997,1800,74207.7765685,1035643.7039200002,2000.2534350600004,271898.741817,82329.4577069,19869759.8213
25,SSP1,2045,2146749.8352280003,1294024611,28339138981.4,1800,74356.1179691,1037645.1720669997,2001.0949286099992,271999.74644600006,82221.83516200003,19947885.063199997
26,SSP1,2046,2184519.001739,1290105211,28253304120.6,1800,74489.6077676,1039388.2270290003,2001.84892439,272086.73396900005,82083.56102779998,19988301.7079
27,SSP1,2047,2220720.3967780005,1285856080,28160248153.299995,1800,74609.7229197,1040905.8736689998,2002.52477091,272161.65662,81916.65176780002,20097525.027650006
28,SSP1,2048,2255394.4788170005,1281296439,28060392014.100006,1800,74717.7998118,1042227.0433720002,2003.1308056899998,272226.1943839999,81723.4341807,20130030.32275
29,SSP1,2049,2288585.496964,1276445691,27954160634.800003,1800,74815.0461223,1043377.0553390001,2003.6744639299995,272281.792841,81506.13715489999,20193890.011949997
30,SSP1,2050,2320341.6508640004,1271323152,27841977028.899998,1800,74902.55195190001,1044378.0355670004,2004.1623763000002,272329.695804,81266.8934832,20206603.939149998
31,SSP1,2051,2353213.99561,1265945036,27724196290.600002,1800,74981.30030920001,1045249.2978979998,2004.6004556700002,272370.973483,81007.424328,20232423.06515
32,SSP1,2052,2384729.156127,1260314040,27600877475.800003,1800,75052.17687070002,1046007.6848310002,2004.9939752300004,272406.546701,80728.00066529999,20255188.555499997
33,SSP1,2053,2414809.755507,1254429632,27472008939.899994,1800,75115.9790386,1046667.8719000001,2005.3476380399998,272437.207789,80428.49399769999,20289671.2091
34,SSP1,2054,2443381.589904,1248291130,27337575749.6,1800,75173.4242626,1047242.637943,2005.66563923,272463.638517,80108.7153332,20298261.908600003
35,SSP1,2055,2470373.71981,1241897970,27197565543.000004,1800,75225.15772899998,1047743.1046109999,2005.9517212300007,272486.425615,79768.4326686,20403796.765700005
36,SSP1,2056,2496993.1387920007,1235251666,27052011484.800003,1800,75271.7593437,1048178.9471590003,2006.20922326,272506.074058,79407.6383305,20431504.245850004
37,SSP1,2057,2522112.830576,1228362374,26901135992.2,1800,75313.75014719999,1048558.5799149999,2006.44112546,272523.018467,79027.365257,20496652.0165
38,SSP1,2058,2545850.2431369997,1221242686,26745214824.099995,1800,75351.59814500001,1048889.3185090001,2006.65008792,272537.632968,78628.89932920001,20514597.710000005
39,SSP1,2059,2568324.7148509994,1213904616,26584511091.1,1800,75385.72358660001,1049177.5226260002,2006.8384856699997,272550.239672,78213.46833300003,20527966.064050004
40,SSP1,2060,2589656.766402,1206360715,26419299658.500008,1800,75416.50376110003,1049428.720261,2007.00843995,272561.11588299996,77782.30763219998,20560004.704649996
41,SSP1,2061,2610960.987311,1198626183,26249913409.1,1800,75444.27731969999,1049647.716083,2007.1618455799996,272570.500433,77336.70672539997,20606079.56345
42,SSP1,2062,2631303.1989770005,1190727853,26076939982.600006,1800,75469.3482401,1049838.6864550002,2007.30039587,272578.599011,76878.29776559999,20612746.210750002
43,SSP1,2063,2650734.692461,1182695394,25901029128.8,1800,75491.98929490002,1050005.261095,2007.42560444,272585.5887779999,76408.77018220001,20638221.472300004
44,SSP1,2064,2669308.72878,1174558543,25722832090.899994,1800,75512.4452954,1050150.595428,2007.53882475,272591.622388,75929.7875414,20669131.940500002
45,SSP1,2065,2687079.588748,1166347030,25542999956.2,1800,75530.93593980002,1050277.4326519999,2007.6412674300002,272596.831278,75442.98846190001,20874442.0208
46,SSP1,2066,2704534.68247,1158090983,25362192528.7,1800,75547.6583756,1050388.157998,2007.7340158999996,272601.328807,74950.21108889999,21051000.011199996
47,SSP1,2067,2721215.550948,1149823308,25181130446.6,1800,75562.78955890001,1050484.845396,2007.8180400600002,272605.21261399996,74454.2379714,21141032.019500002
48,SSP1,2068,2737097.0675560003,1141577310,25000543089.0,1800,75576.48829670002,1050569.299113,2007.8942084099997,272608.5669319999,73958.07043440001,21244644.952900004
49,SSP1,2069,2752154.8029969996,1133386376,24821161633.999996,1800,75588.8971537,1050643.0883800003,2007.9632990199998,272611.464286,73464.71246929998,21253781.627599996
50,SSP1,2070,2766364.273591,1125283798,24643715177.700005,1800,75600.144119,1050707.578775,2008.0260094,272613.96725299995,72977.15545050001,21302362.21155
51,SSP1,2071,2782968.9867689996,1117290922,24468671193.09999,1800,75610.34410520001,1050763.958778,2008.0829649799996,272616.129796,72497.381701,21377095.942449998
52,SSP1,2072,2799019.1160829994,1109381058,24295445170.600002,1800,75619.60031000001,1050813.2628539999,2008.1347267899998,272617.998457,72023.3000034,21462352.07495
53,SSP1,2073,2814619.477153999,1101515707,24123193982.699997,1800,75628.00542710001,1050856.392024,2008.1817985100004,272619.61338299996,71551.8012876,21720834.2732
54,SSP1,2074,2829875.2384659997,1093656234,23951071525.999996,1800,75635.6427316,1050894.130863,2008.2246323200002,272621.00920299994,71079.76129020001,21797454.456549995
55,SSP1,2075,2844891.975984,1085764008,23778231773.39999,1800,75642.587052,1050927.162828,2008.2636345299998,272622.215782,70604.04098049998,21921848.473949995
56,SSP1,2076,2860236.185898001,1077781779,23603420958.999996,1800,75648.90565120002,1050956.083641,2008.29917032,272623.25891499995,70120.2665235,21917275.8555
57,SSP1,2077,2875468.924505999,1069578421,23423767419.8,1800,75654.65898800001,1050981.412475,2008.33156819,272624.160838,69619.16607139999,21899209.7367
58,SSP1,2078,2890590.322063,1061004424,23235996885.199993,1800,75659.90144389997,1051003.60208,2008.36112371,272624.94075800007,69090.25388689998,21957630.33374999
59,SSP1,2079,2905596.820977,1051910184,23036833030.0,1800,75664.68193040001,1051023.047173,2008.3881029699999,272625.61528,68523.02898609999,22188358.382849995
60,SSP1,2080,2920480.9813280003,1042146258,22823003050.499996,1800,75669.04446739997,1051040.0922470002,2008.41274565,272626.19873799995,67906.9916456,22219927.539149996
61,SSP1,2081,2930403.6224799994,1031623008,22592543875.199997,1800,75673.02866259999,1051055.0380579997,2008.43526791,272626.703415,67235.8465699,22299949.292499997
62,SSP1,2082,2940022.095227,1020490646,22348745148.000004,1800,75676.67019079998,1051068.146748,2008.4558645200002,272627.140071,66520.19591170002,22313013.569250003
63,SSP1,2083,2949378.7582819997,1008959214,22096206786.5,1800,75680.00117989999,1051079.6476719999,2008.4747114099998,272627.5178739999,65774.8693828,22341544.533799995
64,SSP1,2084,2958510.6236189995,997238997,21839534034.5,1800,75683.05058640002,1051089.7409170002,2008.4919673099998,272627.844806,65014.72119130001,22430195.7069
65,SSP1,2085,2967448.9738729997,985540335,21583333335.2,1800,75685.84449660001,1051098.6011190002,2008.5077756899998,272628.12777600007,64254.635783499994,22454925.617699996
66,SSP1,2086,2977087.4565670006,974049820,21331691058.600006,1800,75688.4064524,1051106.381228,2008.5222661400005,272628.37268800003,63507.96040790001,22476971.804599997
67,SSP1,2087,2986537.8160789995,962859214,21086616786.0,1800,75690.75767710002,1051113.214872,2008.5355560899998,272628.584696,62781.83858240001,22609734.765699998
68,SSP1,2088,2995751.660216,952036661,20849602876.1,1800,75692.91733390001,1051119.2187949999,2008.5477516299998,272628.7682340001,62081.88905825002,22708019.774549995
69,SSP1,2089,3004671.506192,941649937,20622133621.0,1800,75694.9027141,1051124.4953599998,2008.5589489599997,272628.92718799994,61413.73225102,22794112.964049995
70,SSP1,2090,3013230.3602609993,931767064,20405698702.799995,1800,75696.72944980001,1051129.1336939998,2008.5692351799999,272629.0647909999,60783.02446302001,22871274.753749996
71,SSP1,2091,3021983.0319520007,922437412,20201379323.800003,1800,75698.41166890001,1051133.2123069998,2008.57868938,272629.1839780001,60193.86832625,22881021.34265
72,SSP1,2092,3030212.759216,913637401,20008659082.4,1800,75699.9621326,1051136.799729,2008.5873832099999,272629.2872159999,59644.16089507001,22949035.024800003
73,SSP1,2093,3037813.4784949995,905324987,19826617215.699997,1800,75701.3924004,1051139.955714,2008.59538176,272629.37665500003,59130.21163882001,22964807.942049995
74,SSP1,2094,3044665.7749199998,897458204,19654334666.200005,1800,75702.7129287,1051142.733119,2008.6027442799998,272629.4541089999,58648.30315578998,22974057.344949998
75,SSP1,2095,3050636.2081819996,889995062,19490891858.9,1800,75703.93318500002,1051145.177929,2008.60952443,272629.521234,58194.69165285,22982541.64345
76,SSP1,2096,3054946.3568910006,882893551,19335368767.100002,1800,75705.06175690002,1051147.3304029999,2008.6157712200002,272629.579403,57765.610880500004,22982726.954049993
77,SSP1,2097,3058064.055982999,876111675,19186845683.0,1800,75706.1064126,1051149.2259930002,2008.62152915,272629.62981899997,57357.27351637,22982084.249349996
78,SSP1,2098,3059811.023938001,869607325,19044400418.1,1800,75707.0742225,1051150.8960680002,2008.6268387900004,272629.67351099994,56965.874218749996,23030062.990849998
79,SSP1,2099,3059993.299428,863338579,18907114879.699997,1800,75707.9715888,1051152.367429,2008.6317371399998,272629.71140000003,56587.598119509996,23030673.146350004
80,SSP1,2100,3058401.0431230008,857263400,18774068461.100002,1800,75708.80434009999,1051153.6642669998,2008.6362578899998,272629.744228,56218.620306820005,22994533.463150002
81,SSP2,2020,835685.1671030002,1329727738,33974543707.950005,2100,59972.2299714,729995.6023369998,1906.8917281299998,251039.309941,72661.68093820002,14706527.446799997
82,SSP2,2021,888914.2201350002,1335007176,34109433347.599995,2100,61689.404986600006,764035.183799,1920.6470702799995,254935.33567799997,74706.87128510002,15265085.220400002
83,SSP2,2022,942620.973043,1339511295,34224513587.699997,2100,63337.3950019,796491.4382139998,1933.1888807299995,258398.48328199997,76566.16847460001,15853123.045699997
84,SSP2,2023,996501.8336159999,1343305519,34321456011.35,2100,64913.305729100015,827197.7194220001,1944.6085743099995,261467.062421,78248.02193280001,16343642.4188
85,SSP2,2024,1050282.3195910002,1346455093,34401927626.600006,2100,66415.1880401,856034.6338000001,1954.99393876,264178.507922,79762.45952140001,16743501.460150002
86,SSP2,2025,1103714.9876090002,1349025292,34467596210.600006,2100,67841.9672779,882928.8858729999,1964.4285614499997,266568.63816299994,81120.62370990001,17102910.55325
87,SSP2,2026,1156497.7051160003,1351081541,34520133372.700005,2100,69193.36005330001,907850.018053,1972.9914510100002,268671.161173,82334.35996500003,17732097.7269
88,SSP2,2027,1208517.8192099999,1352689613,34561219611.95,2100,70469.78376989998,930805.603607,1980.7568197999997,270517.37944399996,83415.88933319999,17975390.756599996
89,SSP2,2028,1259630.0517090003,1353915348,34592537140.899994,2100,71672.26347189999,951835.4918689999,1987.79399646,272136.04794899997,84377.5386724,18168061.844349995
90,SSP2,2029,1309706.537024,1354824458,34615764901.350006,2100,72802.3396227,971005.658702,1994.1674407199998,273553.346569,85231.54014249997,18308256.69905
91,SSP2,2030,1358636.3497100002,1355482777,34632584953.05,2100,73861.9794854,988402.115897,1999.9368378800002,274792.934757,85989.8912795,18568977.335100006
92,SSP2,2031,1410074.064655,1355949843,34644518488.25,2100,74853.49411459999,1004125.217326,2005.1572523999994,275876.06213700003,86663.8296535,18703571.2931
93,SSP2,2032,1460444.8370230002,1356259646,34652433955.55,2100,75779.4621313,1018284.5807629998,2009.8793242299996,276821.71517800004,87262.495956,19136188.09945
94,SSP2,2033,1509655.4612910002,1356440073,34657043866.5,2100,76642.66107239999,1030994.740373,2014.1494943500004,277646.783845,87794.11794609998,19209330.549749997
95,SSP2,2034,1557625.728905,1356518939,34659058892.1,2100,77446.00641869998,1042371.5681029998,2018.0102484300003,278366.23786999995,88266.40206150002,19449007.20015
96,SSP2,2035,1604287.9185469998,1356524022,34659188762.40001,2100,78192.49842749999,1052529.438635,2021.50036981,278993.303479,88686.5445588,19599201.119850002
97,SSP2,2036,1649766.553404,1356474285,34657917981.049995,2100,78885.17632260002,1061579.0787520001,2024.6551948599997,279539.635461,89060.69984289998,19738768.844999995
98,SSP2,2037,1693870.6922960004,1356353829,34654840330.15,2100,79527.0794774,1069626.017145,2027.50686554,280015.48095,89392.3573148,19846243.8614
99,SSP2,2038,1736593.752069,1356138213,34649331343.95,2100,80121.21507399998,1076769.543664,2030.0845755599998,280429.83210799994,89683.99260369998,19971543.681700002
100,SSP2,2039,1777937.6143399996,1355802508,34640754079.799995,2100,80670.5315908,1083102.085724,2032.4148066899998,280790.567208,89937.62415280001,20126261.43005
101,SSP2,2040,1817911.7303929992,1355322319,34628485251.0,2100,81177.8975664,1088708.9163600004,2034.5215537800002,281104.57922,90154.90362440003,20300150.64345
102,SSP2,2041,1855932.4743849996,1354673842,34611916664.25,2100,81646.0850306,1093668.116909,2036.4265370900002,281377.891977,90337.1640683,20385196.491150003
103,SSP2,2042,1892579.294996,1353837057,34590536807.049995,2100,82077.7569931,1098050.7283029999,2038.1494012100002,281615.76486800006,90485.63263709997,20437721.654500004
104,SSP2,2043,1927871.5232270001,1352793097,34563863627.700005,2100,82475.4584894,1101921.035965,2039.7079006999998,281822.785886,90601.31783370003,20718590.3359
105,SSP2,2044,1961836.065622,1351522863,34531409148.2,2100,82841.61063790001,1105336.944534,2041.1180715300006,282002.95489399997,90684.9585123,20732676.968799997
106,SSP2,2045,1994506.8802340007,1350007423,34492689660.549995,2100,83178.50724820001,1108350.4062230003,2042.3943899700002,282159.756834,90737.07694289999,20793432.223750003
107,SSP2,2046,2026406.8384610005,1348229017,34447251384.99999,2100,83488.31358549999,1111007.876562,2043.54991825,282296.22672800004,90758.05726049999,21009037.253350005
108,SSP2,2047,2057154.6880900003,1346175418,34394781931.700005,2100,83773.0668549,1113350.777751,2044.5964385,282415.006871,90748.41421300003,21074883.040650003
109,SSP2,2048,2086829.2669440003,1343835488,34334996718.950005,2100,84034.678136,1115415.9538390003,2045.5445748599998,282518.39678199997,90708.56887199999,21112438.624849997
110,SSP2,2049,2115512.33606,1341198323,34267617152.05,2100,84274.9354378,1117236.109329,2046.4039050000001,282608.397334,90638.81652610002,21208020.9814
111,SSP2,2050,2143288.350416,1338252881,34192361110.199997,2100,84495.50760169998,1118840.2233600004,2047.1830616700004,282686.7491580001,90539.3225263,21251658.815550003
112,SSP2,2051,2172342.747111,1334995512,34109135331.500004,2100,84697.9488973,1120253.93598,2047.8898247199998,282754.966337,90410.6081193,21329524.5591
113,SSP2,2052,2200682.5146319997,1331452453,34018610176.8,2100,84883.70402570003,1121499.904877,2048.53120509,282814.36571800004,90254.97589199997,21347396.12745
114,SSP2,2053,2228305.6874100002,1327657102,33921638954.499996,2100,85054.11349219999,1122598.1314890003,2049.11352032,282866.09264099994,90075.09886039999,21328177.346749995
115,SSP2,2054,2255210.302779,1323642956,33819077528.599995,2100,85210.4191313,1123566.256536,2049.64246307,282911.14316800004,89873.58434130001,21379990.708550002
116,SSP2,2055,2281393.96058,1319443680,33711786024.050003,2100,85353.7697051,1124419.8284780001,2050.12316333,282950.38354699995,89652.97602110001,21382019.81595
117,SSP2,2056,2308157.5691400003,1315092778,33600620478.4,2100,85485.22647339999,1125172.5432129998,2050.5602441500005,282984.567149,89415.81553400001,21381914.435349997
118,SSP2,2057,2334274.5345850005,1310624067,33486444913.6,2100,85605.7687327,1125836.459249,2050.9578724,283014.34926499997,89164.84430469997,21439156.510050002
119,SSP2,2058,2359817.2417199994,1306071572,33370128665.350002,2100,85716.29912209998,1126422.1902319998,2051.3198039299996,283040.2998070001,88902.8268448,21474373.512050007
120,SSP2,2059,2384857.7508079996,1301469234,33252538928.35,2100,85817.64890199999,1126939.075034,2051.64942491,283062.914581,88632.47924950001,21475942.733450003
121,SSP2,2060,2409467.215735,1296850963,33134542105.349995,2100,85910.58285659998,1127395.329488,2051.9497887999996,283082.6248010001,88356.47788380002,21556690.801999997
122,SSP2,2061,2434627.9307269994,1292248633,33016952572.200005,2100,85995.804133,1127798.1807370002,2052.2236493600003,283099.80572799995,88077.19106879998,21616766.201950002
123,SSP2,2062,2459473.811643,1287685837,32900373134.999996,2100,86073.95869110001,1128153.985388,2052.47349084,283114.783849,87795.84470650001,21649745.402399994
124,SSP2,2063,2484071.3130460004,1283183933,32785349488.45,2100,86145.6396072,1128468.335201,2052.70155501,283127.84325900004,87513.33781020001,21663882.694549996
125,SSP2,2064,2508485.9508100003,1278764325,32672428504.199997,2100,86211.3910932,1128746.1482890001,2052.9098650799997,283139.231135,87230.53679010001,21675283.61885
126,SSP2,2065,2532782.0732040005,1274448567,32562160886.95,2100,86271.71229740001,1128991.75154,2053.1002477399998,283149.16279300005,86948.27084720001,21709483.192850005
127,SSP2,2066,2557090.137407,1270254348,32454998593.550007,2100,86327.0607964,1129208.9515570004,2053.27435285,283157.82547499996,86667.48472809998,21845338.149750005
128,SSP2,2067,2581359.0771870003,1266184823,32351022229.399998,2100,86377.85590319999,1129401.097939,2053.43367088,283165.38227600005,86389.7352656,21887250.414649993
129,SSP2,2068,2605637.913148999,1262239837,32250227837.499996,2100,86424.48171020001,1129571.138855,2053.57954877,283171.975248,86116.76881290002,21946807.899249997
130,SSP2,2069,2629972.518988,1258418976,32152604838.199997,2100,86467.2900113,1129721.6693079998,2053.71320432,283177.727999,85850.333235,22066093.385549992
131,SSP2,2070,2654405.8323790007,1254722004,32058147203.149994,2100,86506.60284220002,1129854.9743620001,2053.8357389199996,283182.74828400003,85592.20996189998,22120421.9855
132,SSP2,2071,2681989.7559109996,1251145152,31966758634.449997,2100,86542.7150098,1129973.0663590003,2053.94814913,283187.12987700006,85343.5033622,22160410.297099996
133,SSP2,2072,2709909.9591649994,1247670453,31877980073.350006,2100,86575.8962609,1130077.7182080003,2054.0513369,283190.954498,85102.52355990002,22222301.326099996
134,SSP2,2073,2738119.6498930003,1244276241,31791257958.050003,2100,86606.3934502,1130170.4920080001,2054.14611907,283194.293407,84866.84660360003,22303016.4332
135,SSP2,2074,2766566.980325,1240940831,31706038232.500004,2100,86634.43240239998,1130252.764643,2054.23323561,283197.208588,84634.0242245,22312369.513499994
136,SSP2,2075,2795195.789678,1237642602,31621768482.100002,2100,86660.21970909998,1130325.7506109998,2054.31335714,283199.75417100004,84401.57866389999,22325684.649800003
137,SSP2,2076,2824354.541409999,1234357555,31537835531.200005,2100,86683.94433869999,1130390.5202399998,2054.38709191,283201.977254,84167.0134348,22387184.82265
138,SSP2,2077,2853759.652076,1231053085,31453406323.95001,2100,86705.7791057,1130448.0186510002,2054.4549916299998,283203.91894500004,83927.8553971,22413987.999299996
139,SSP2,2078,2883543.4456639998,1227694588,31367596724.049995,2100,86725.8821018,1130499.0797619997,2054.5175571100003,283205.61502699996,83681.64628540001,22592731.464149997
140,SSP2,2079,2913835.1459210003,1224247358,31279519998.399998,2100,86744.39790160001,1130544.439574,2054.57524318,283207.09679700003,83425.904481,22652805.51625
141,SSP2,2080,2944761.220958,1220676846,31188293416.949997,2100,86761.45873220003,1130584.7484129998,2054.6284629700003,283208.39146599994,83158.13897229999,22712679.321950004
142,SSP2,2081,2971763.992154001,1216966497,31093493997.8,2100,86777.18554350002,1130620.58072,2054.67759223,283209.52278899995,82877.2308607,22862673.24125
143,SSP2,2082,2999330.5175459995,1213173014,30996570507.9,2100,86791.6889498,1130652.444214,2054.7229726700007,283210.511501,82587.710258,22869848.959250003
144,SSP2,2083,3027384.70333,1209371359,30899438221.900005,2100,86805.07012490001,1130680.7878200002,2054.7649152000004,283211.375652,82295.53052359997,22839902.18254999
145,SSP2,2084,3055847.644478999,1205636544,30804013698.849995,2100,86817.4216412,1130706.008601,2054.80370314,283212.131052,82006.68626499998,23114036.831249993
146,SSP2,2085,3084637.057833,1202043702,30712216587.399998,2100,86828.82816959999,1130728.457599,2054.8395943599994,283212.79145599995,81727.2072195,23134953.353949998
147,SSP2,2086,3114606.3158529997,1198660688,30625780580.15,2100,86839.36718380002,1130748.445833,2054.87282418,283213.36886499997,81462.58087179996,23130520.089899994
148,SSP2,2087,3144790.423818999,1195525884,30545686334.649994,2100,86849.10957189999,1130766.2485759999,2054.9036071600003,283213.873775,81215.99221879999,23141263.65905001
149,SSP2,2088,3175199.9617560003,1192670480,30472730765.35,2100,86858.12022039997,1130782.109644,2054.93213912,283214.315329,80990.06977269998,23047427.561950002
150,SSP2,2089,3205846.4743130007,1190125496,30407706424.3,2100,86866.45849349999,1130796.245142,2054.9585989400002,283214.7015449999,80787.44553780001,23061832.4309
151,SSP2,2090,3236742.8183339997,1187922015,30351407483.600002,2100,86874.17875790002,1130808.8463249998,2054.9831501,283215.03938,80610.7732295,23031277.048800003
152,SSP2,2091,3268408.7192010004,1186079401,30304328696.399998,2100,86881.33077140001,1130820.083181,2055.00594209,283215.334919,80461.74941199999,23043374.771250002
153,SSP2,2092,3300318.94631,1184570324,30265771778.600002,2100,86887.96011139998,1130830.1063009996,2055.02711168,283215.59350200003,80338.23036289998,22998973.378399994
154,SSP2,2093,3332499.5806060005,1183355639,30234736576.400005,2100,86894.10850769999,1130839.049103,2055.04678402,283215.8197640001,80237.09150289999,22993475.05979999
155,SSP2,2094,3364980.931813001,1182396173,30210222222.300003,2100,86899.8142077,1130847.0303680003,2055.0650739499997,283216.017771,80155.18224649999,23008084.739099994
156,SSP2,2095,3397798.3585990006,1181652725,30191227124.849995,2100,86905.11223230002,1130854.155357,2055.0820865499995,283216.191085,80089.34086000003,23021453.614450008
157,SSP2,2096,3431009.6900710003,1181086054,30176748680.849995,2100,86910.0346954,1130860.5177100003,2055.0979183,283216.34278799995,80036.38515540001,23029643.365199998
158,SSP2,2097,3464656.753124,1180656906,30165783948.749996,2100,86914.6110177,1130866.200496,2055.11265775,283216.475558,79993.12389170002,23062115.077900004
159,SSP2,2098,3498796.0241329996,1180326048,30157330528.55,2100,86918.86819639998,1130871.2773969998,2055.1263862700002,283216.591852,79956.3491739,23060690.6479
160,SSP2,2099,3533492.9203749998,1180054120,30150382766.350002,2100,86922.8309838,1130875.814308,2055.13917859,283216.69364,79922.8375384,23083777.853199996
161,SSP2,2100,3568822.9341779994,1179801819,30143936474.7,2100,86926.5220698,1130879.86962,2055.1511034299997,283216.78278199997,79889.3621502,23144760.231699996
162,SSP3,2020,827158.2789980001,1315792312,43223777450.1,2700,60837.75083090001,748384.9294250001,1936.8715302100002,263624.325709,76941.47592620002,14356050.711749999
163,SSP3,2021,879755.4160070003,1318326715,43307032589.5,2700,62885.3984897,790572.2478319999,1955.30808547,269749.888389,79794.39255319998,15050500.59685
164,SSP3,2022,933559.1051570002,1320326011,43372709462.20001,2700,64898.838466,832207.637959,1972.54270671,275447.434181,82496.7728817,15651636.295899998
165,SSP3,2023,988420.648247,1321861885,43423162924.1,2700,66872.213642,873010.841557,1988.62895832,280729.191975,85047.33592429999,16251445.9507
166,SSP3,2024,1044196.3080340001,1323004912,43460711358.200005,2700,68800.23904319998,912726.2947160002,2003.6220708100002,285610.617923,87447.47478770002,16659056.27385
167,SSP3,2025,1100747.2552639998,1323826544,43487701970.4,2700,70678.24074090002,951128.8174709999,2017.5781213100008,290109.56508500007,89701.0506657,17280521.112099998
168,SSP3,2026,1157875.2431289998,1324387581,43506132035.5,2700,72502.17805779999,988027.464978,2030.5533296299996,294245.55728699995,91812.96502999998,17919949.7525
169,SSP3,2027,1215451.800186,1324707616,43516645187.8,2700,74268.65025440001,1023267.558967,2042.6034640700002,298039.168614,93785.52778980002,18206990.425950002
170,SSP3,2028,1273328.996951,1324795796,43519541900.700005,2700,75974.8895491,1056731.0646200003,2053.78334954,301511.503914,95621.10560980003,18428044.7224
171,SSP3,2029,1331362.83958,1324661391,43515126697.200005,2700,77618.74233849999,1088335.571095,2064.14646775,304683.77267200005,97322.92830460002,18845436.104749996
172,SSP3,2030,1389413.7602630001,1324313536,43503699658.59999,2700,79198.64083690003,1118032.1678670002,2073.74464113,307576.94734099996,98894.86831550002,19269512.349299997
173,SSP3,2031,1450602.581276,1323763740,43485638857.99999,2700,80713.5672637,1145802.5140370002,2082.6277903,310211.495854,100341.6546589,19598338.2538
174,SSP3,2032,1511762.5085910005,1323032383,43461613782.799995,2700,82163.01254300002,1171655.3744219996,2090.8437560300003,312607.178395,101669.83720019998,19927523.928549998
175,SSP3,2033,1572757.5138750004,1322142052,43432366408.0,2700,83546.931429,1195622.8574700002,2098.43817639,314782.89908999996,102886.58080180002,20331169.210349996
176,SSP3,2034,1633456.4064719998,1321115400,43398640890.5,2700,84865.6956353,1217756.556367,2105.45441201,316756.60381400003,103999.17878779997,20719396.612150002
177,SSP3,2035,1693733.1083660002,1319974963,43361177534.99999,2700,86120.04638500001,1238123.755659,2111.93351023,318545.21586999996,105014.9422359,21131421.333249997
178,SSP3,2036,1754261.4632010001,1318734228,43320419388.1,2700,87311.0474403,1256803.826821,2117.91420296,320164.602852,105940.51657179999,21282367.821299996
179,SSP3,2037,1814236.2642820003,1317369578,43275590638.4,2700,88440.03961629997,1273884.90873,2123.43293113,321629.567969,106779.8972281,21486851.928650003
180,SSP3,2038,1873602.0379960001,1315848085,43225609593.399994,2700,89508.59737559999,1289460.9318310001,2128.52389082,322953.8613039999,107536.18681650002,21715050.97345
181,SSP3,2039,1932309.6834729994,1314136710,43169390923.90001,2700,90518.4880121,1303629.0244739999,2133.21909641,324150.205351,108212.1938768,22045447.700599995
182,SSP3,2040,1990316.537944,1312202693,43105858466.2,2700,91471.6337838,1316487.3117749996,2137.5484563699997,325230.331969,108810.43376889995,22229133.729699995
183,SSP3,2041,2047625.4623429996,1310015266,43034001487.100006,2700,92370.0772102,1328133.1012879997,2141.5398587,326205.027068,109333.19752940001,22390844.65155
184,SSP3,2042,2104111.1768360008,1307553514,42953132933.9,2700,93215.94953260002,1338661.4334509997,2145.21926288,327084.18047,109782.9312183,22477255.90895
185,SSP3,2043,2159672.979439,1304798649,42862635621.80001,2700,94011.44246740003,1348163.9654369997,2148.61079596,327876.8391309999,110161.87877589995,22562430.169150002
186,SSP3,2044,2214215.9550269996,1301731753,42761888086.5,2700,94758.7831466,1356728.1524380003,2151.7368506099997,328591.2615069999,110471.9970816,22720160.727500003
187,SSP3,2045,2267651.2298850003,1298334159,42650277123.299995,2700,95460.2119759,1364436.683217,2154.6181839299998,329234.97234899993,110714.98541850001,22815367.45395
188,SSP3,2046,2321060.8232599995,1294593233,42527387704.90001,2700,96117.9635853,1371367.132083,2157.27401501,329814.81661700003,110892.86973530002,22922109.38145
189,SSP3,2047,2373361.647167,1290522565,42393666261.8,2700,96734.2503842,1377591.786518,2159.722121189999,330337.01167200005,111009.8987221,23039320.401649997
190,SSP3,2048,2424587.2999899997,1286141506,42249748475.90001,2700,97311.24863409999,1383177.6157119998,2161.978931,330807.1976,111070.70804900002,23065450.4054
191,SSP3,2049,2474777.3494769996,1281469642,42096277741.6,2700,97851.08695060002,1388186.3489969997,2164.05961428,331230.48471,111079.76463200002,23123233.78525
192,SSP3,2050,2523977.3837780003,1276526402,41933892307.99999,2700,98355.83678969998,1392674.6363590003,2165.97816847,331611.4987710001,111041.35345930004,23269680.904750004
193,SSP3,2051,2575463.285348,1271328231,41763132389.1,2700,98827.50495800002,1396694.2667290003,2167.7475007,331954.423023,110959.17520600001,23288311.744049996
194,SSP3,2052,2626049.3706690003,1265877873,41584088128.299995,2700,99268.02769959999,1400292.427624,2169.3795061499995,332263.03748600004,110834.98424469997,23289631.9584
195,SSP3,2053,2675644.319663,1260174898,41396745401.700005,2700,99679.2664521,1403511.9893170004,2170.8851415299996,332540.755456,110669.94326249999,23311776.27895
196,SSP3,2054,2724160.6425169995,1254218804,41201087712.90001,2700,100063.00476620001,1406391.799734,2172.27449479,332790.657113,110465.08522709999,23472991.622399997
197,SSP3,2055,2771514.4700200004,1248009288,40997105113.399994,2700,100420.946466,1408966.984581,2173.55685026,333015.52055599994,110221.3147084,23542142.6218
198,SSP3,2056,2819630.708489001,1241547889,40784848154.0,2700,100754.71481840003,1411269.2423319994,2174.7407499600004,333217.85014999995,109939.74510740003,23621286.319849998
199,SSP3,2057,2866704.000562001,1234845010,40564658579.9,2700,101065.85244849998,1413327.1304150005,2175.8340503599998,333399.90260300005,109622.732226,23751770.00215
200,SSP3,2058,2912811.9888439993,1227913338,40336953155.0,2700,101355.82205909998,1415166.3384019996,2176.8439757500005,333563.71071200003,109272.87617799999,23863848.307450004
201,SSP3,2059,2958038.5011400003,1220765274,40102139252.2,2700,101626.007686,1416809.9467360007,2177.77716794,333711.1049469999,108892.67735409999,24031296.955500003
202,SSP3,2060,3002472.8538849996,1213413519,39860634099.200005,2700,101877.71646180002,1418278.6683500004,2178.63973177,333843.7332569999,108484.57950979998,24190318.246900003
203,SSP3,2061,3047743.9167880006,1205873266,39612936787.65001,2700,102112.1807184,1419591.0737699997,2179.43727801,333963.078709,108051.02051699998,24213965.983200002
204,SSP3,2062,3092414.787618,1198171575,39359936239.799995,2700,102330.56047940001,1420763.7991409998,2180.17496285,334070.475897,107594.7458191,24248766.33735
205,SSP3,2063,3136503.278740999,1190337555,39102588684.59999,2700,102533.94604529996,1421811.7369749998,2180.85752435,334167.12560300005,107118.44399089998,24402600.270450003
206,SSP3,2064,3180030.198284,1182400687,38841862568.649994,2700,102723.36084300003,1422748.2099609994,2181.48931596,334254.107938,106624.72812409999,24446758.163000003
207,SSP3,2065,3223019.211064,1174390336,38578722537.95,2700,102899.764373,1423585.131508,2182.0743378600005,334332.394491,106116.11315249997,24614506.6051
208,SSP3,2066,3266227.363686,1166336346,38314148967.049995,2700,103064.0551706,1424333.1488080001,2182.61626568,334402.85904400004,105595.33260000001,24781161.164999995
209,SSP3,2067,3309043.4087760006,1158271430,38049216475.8,2700,103217.0738365,1425001.775023,2183.1184767600002,334466.28748099995,105066.35310179999,24941589.606399998
210,SSP3,2068,3351543.7609410007,1150228605,37785009675.65,2700,103359.60597440001,1425599.5066849997,2183.5840746,334523.38644300005,104533.37262109999,24934526.847999997
211,SSP3,2069,3393804.686543,1142241025,37522617670.05,2700,103492.38523350001,1426133.9307700002,2184.01591131,334574.7914279999,104000.53484090001,25069066.699599996
212,SSP3,2070,3435902.0082850005,1134341492,37263118014.75,2700,103616.0961884,1426611.8204949999,2184.4166080800005,334621.073873,103471.8975584,25185039.180550005
213,SSP3,2071,3482671.5878970004,1126551046,37007201860.799995,2700,103731.3771215,1427039.222397,2184.78857423,334662.747592,102950.18096019998,25223074.67745
214,SSP3,2072,3529659.8730700007,1118843068,36753994783.15,2700,103838.8227913,1427421.532221,2185.1340247699995,334700.274721,102432.86199499998,25315437.62560001
215,SSP3,2073,3576917.0036089993,1111179044,36502231595.049995,2700,103938.98708909999,1427763.5662849997,2185.45499585,334734.0706919999,101916.0980283,25368222.705200005
216,SSP3,2074,3624492.616558,1103520442,36250646519.049995,2700,104032.38550330001,1428069.6223939997,2185.75336006,334764.509163,101396.00408969997,25630088.577899992
217,SSP3,2075,3672435.1232620003,1095828649,35997971118.799995,2700,104119.49766330002,1428343.535863,2186.0308396399996,334791.92619300005,100868.67756309999,25639078.92099999
218,SSP3,2076,3722303.1591020003,1088046586,35742330351.450005,2700,104200.76947810003,1428588.7295040002,2186.2890187299995,334816.6239049999,100328.4582846,25719851.404749997
219,SSP3,2077,3772771.87854,1080042410,35479393168.5,2700,104276.61548910002,1428808.2580180003,2186.52935489,334838.87407699996,99762.70005070002,25722575.5536
220,SSP3,2078,3823930.8138080006,1071666002,35204228165.350006,2700,104347.4208491,1429004.8472500003,2186.75318945,334858.9211790001,99157.05941669998,25767628.97574999
221,SSP3,2079,3875863.496721,1062767350,34911907447.75,2700,104413.5432997,1429180.9309490002,2186.96175712,334876.98496499995,98497.23361610001,25827785.9239
222,SSP3,2080,3928647.0456640003,1053196470,34597504039.55,2700,104475.31506069998,1429338.6807799998,2187.1561945799995,334893.26333999995,97768.9631831,25901578.67680001
223,SSP3,2081,3975829.8179950006,1042864029,34258083352.75,2700,104533.04455440001,1429480.035731,2187.33754876,334907.9340820001,96963.8849803,26000831.626500003
224,SSP3,2082,4023602.2586649996,1031921404,33898618120.45,2700,104587.01800920001,1429606.727319,2187.50678394,334921.1573079999,96096.97870819998,26093876.277299996
225,SSP3,2083,4071988.8774119997,1020580009,33526053297.250008,2700,104637.5011106,1429720.3013790005,2187.6647886499995,334933.0769910001,95189.01769789998,26167479.66165
226,SSP3,2084,4121003.4448199994,1009051461,33147340495.350002,2700,104684.74027659999,1429822.1382740003,2187.8123819299994,334943.82269700005,94260.74769459998,26257371.93215
227,SSP3,2085,4170646.5611940003,997547084,32769421711.4,2700,104728.96418440004,1429913.4714999995,2187.95031868,334953.51100999996,93332.86239189998,26272627.9657
228,SSP3,2086,4223827.072303999,986254040,32398445213.149998,2700,104770.38490430002,1429995.402542,2188.07929544,334962.24685899983,92423.63721059999,26302634.8598
229,SSP3,2087,4277678.533029,975262620,32037377066.35,2700,104809.1991388,1430068.915926,2188.19995442,334970.12465099996,91541.84237320001,26402613.990299996
230,SSP3,2088,4332108.300140999,964638687,31688380869.050003,2700,104845.58933050002,1430134.89105,2188.3128884700004,334977.2294040001,90693.81898589997,26473669.77725001
231,SSP3,2089,4387005.972714001,954447919,31353614138.75,2700,104879.72465109998,1430194.1145899997,2188.41864495,334983.63759699994,89885.85545389999,26519137.446749996
232,SSP3,2090,4442242.3072069995,944755730,31035225729.700005,2700,104911.76200409999,1430247.289418,2188.5177291900004,334989.418127,89124.17640559998,26515130.973699998
233,SSP3,2091,4499450.508787,935609701,30734778677.8,2700,104941.8468482,1430295.0439139998,2188.61060802,334994.633003,88413.23715170003,26557871.252299998
234,SSP3,2092,4556764.745846,926986572,30451508890.600006,2700,104970.11412720002,1430337.9404530001,2188.6977129499996,334999.338026,87750.5980363,26577103.84205
235,SSP3,2093,4613989.580829,918845590,30184077631.850002,2700,104996.68895029998,1430376.4820529998,2188.7794428300003,335003.58349200006,87132.1159084,26575778.7793
236,SSP3,2094,4670899.231481,911145784,29931139004.500004,2700,105021.6873358,1430411.1183820001,2188.85616657,335007.414686,86553.6055281,26563785.980699997
237,SSP3,2095,4727235.261035,903846491,29691357229.349995,2700,105045.21690970002,1430442.2521239999,2188.9282255000003,335010.87238500005,86010.9073456,26550106.5082
238,SSP3,2096,4782689.0154490005,896906899,29463391632.099995,2700,105067.37747,1430470.2438290005,2188.99593547,335013.99327499996,85499.82974639999,26557777.596650004
239,SSP3,2097,4836969.826346999,890286356,29245906795.85,2700,105088.26160990002,1430495.4164060003,2189.0595890299996,335016.81053799996,85016.20122670001,26587692.0627
240,SSP3,2098,4889708.781111001,883944212,29037567362.649994,2700,105107.95521429996,1430518.0586439995,2189.1194571399997,335019.35389100004,84555.8455666,26601976.791150004
241,SSP3,2099,4940495.053784002,877839921,28837041406.54999,2700,105126.53795250002,1430538.429247,2189.17579092,335021.650269,84114.5898641,26621098.073250007
242,SSP3,2100,4988873.56615,871932827,28642993367.999992,2700,105144.08377499999,1430556.76033,2189.2288230999998,335023.72378899995,83688.26345099998,26648274.8461
243,SSP4,2020,849651.436572,1313523099,38354874490.4,2400,60323.357639699985,737013.9826280001,1921.6576110899998,258860.55214899997,74735.94939069999,15158876.243450005
244,SSP4,2021,904570.9953190001,1315670729,38417585287.6,2400,62172.3936492,774035.534109,1937.6209164200004,264088.594416,77127.49664390001,15639764.735350003
245,SSP4,2022,959894.1999249998,1317291755,38464919244.6,2400,63965.1480004,809790.9478330001,1952.3559580100004,268873.651103,79347.5867979,16138069.822950004
246,SSP4,2023,1015316.5353000001,1318395431,38497146583.200005,2400,65697.2810839,844059.9932100002,1965.9369342399998,273238.808327,81395.93086470001,16570837.912199998
247,SSP4,2024,1070562.186471,1318990239,38514514977.399994,2400,67365.28164919998,876664.542472,1978.4373277200002,277209.123033,83274.2458101,16957045.7638
248,SSP4,2025,1125381.652947,1319085308,38517290993.399994,2400,68966.44923400001,907470.4779780002,1989.92911087,280810.72904600005,84985.95751160002,17372362.195250005
249,SSP4,2026,1179459.811969,1318698143,38505985775.2,2400,70498.85901700001,936387.254469,2000.4821201600002,284070.110697,86536.31717340002,17836155.25654999
250,SSP4,2027,1232658.8258259997,1317880686,38482116032.799995,2400,71961.3129194,963365.486703,2010.1635790999997,287013.529174,87933.66072279999,18042059.404
251,SSP4,2028,1284805.3093889996,1316693562,38447452010.40001,2400,73353.2807372,988393.048097,2019.03775064,289666.58325499995,89187.74582309999,18255839.373100005
252,SSP4,2029,1335743.533857,1315197470,38403766123.399994,2400,74674.8347766,1011490.2028610002,2027.16569971,292053.885627,90308.99594100002,18446070.0302
253,SSP4,2030,1385334.9016769996,1313453020,38352828184.2,2400,75926.5810909,1032704.247734,2034.6051490700004,294198.835912,91308.2590983,18901456.295649998
254,SSP4,2031,1436460.3125699996,1311511260,38296128793.8,2400,77109.5898866,1052104.0720260001,2041.4104115899997,296123.472961,92195.9699089,19038305.1543
255,SSP4,2032,1486206.470797,1309384822,38234036804.00001,2400,78225.3271576,1069774.9413929998,2047.63238457,297848.390638,92980.0311218,19282869.383849997
256,SSP4,2033,1534461.7304549997,1307076870,38166644605.0,2400,79275.5891605,1085813.7205239998,2053.3185940399994,299392.70401000004,93667.5284189,19532826.2322
257,SSP4,2034,1581128.0980809997,1304590405,38094039824.8,2400,80262.44085379998,1100324.661219,2058.5132774499994,300774.053845,94265.2610633,19799058.740099993
258,SSP4,2035,1626120.8868149996,1301928454,38016310856.2,2400,81188.15906620001,1113415.8170300003,2063.2574950499998,302008.640032,94779.71400010002,19997743.3355
259,SSP4,2036,1669462.2317610004,1299088896,37933395764.600006,2400,82055.18080780002,1125196.0905440003,2067.58926309,303111.2756800001,95216.64816479998,20147011.5985
260,SSP4,2037,1711049.4479219997,1296048712,37844622390.8,2400,82866.05699970001,1135772.884066,2071.5437012600005,304095.4555680001,95579.9733972,20353340.04255
261,SSP4,2038,1750872.7386519995,1292779705,37749167386.2,2400,83623.41153199998,1145250.3004319998,2075.15318902,304973.43375499995,95872.82361580002,20589716.200499997
262,SSP4,2039,1788931.253506,1289253646,37646206461.6,2400,84329.90555019998,1153727.8284310005,2078.44752717,305756.30638,96097.90401589997,20665834.250249997
263,SSP4,2040,1825232.4766240001,1285442306,37534915335.200005,2400,84988.2067175,1161299.4400449998,2081.4541001800003,306454.09620699997,96257.53580959997,20823417.569100007
264,SSP4,2041,1859403.388845,1281320836,37414568412.00001,2400,85600.9631602,1168053.029487,2084.1980371600002,307075.8370790001,96353.89778950001,20955204.2909
265,SSP4,2042,1891799.1427739998,1276878078,37284839878.59999,2400,86170.7816584,1174070.128617,2086.70236934,307629.65599000006,96389.80660360001,21186714.0364
266,SSP4,2043,1922407.138041,1272106253,37145502587.6,2400,86700.20979819998,1179425.836228,2088.9881818500003,308122.85226899997,96368.01189409998,21372257.251599997
267,SSP4,2044,1951222.5444489997,1266997395,36996323935.799995,2400,87191.72165110002,1184188.9117059999,2091.07476001,308561.972282,96290.9575209,21483081.920950007
268,SSP4,2045,1978247.7494340003,1261543493,36837069994.20001,2400,87647.7065111,1188421.9867139999,2092.9797275100004,308952.87975000014,96160.81456099999,21766066.358900007
269,SSP4,2046,2003968.1582939995,1255739610,36667596612.200005,2400,88070.46049810003,1192181.8607619999,2094.7191778200004,309300.821182,95979.71282949999,21912743.124249995
270,SSP4,2047,2028009.7208550004,1249590992,36488056966.2,2400,88462.18051889999,1195519.8492689999,2096.3077972799997,309610.486257,95750.27972139997,22059114.924649995
271,SSP4,2048,2050446.924163,1243106069,36298697214.8,2400,88824.9602951,1198482.162332,2097.75898076,309886.063585,95475.16225909999,22121813.320800003
272,SSP4,2049,2071357.9369249998,1236292828,36099750579.8,2400,89160.78816090002,1201110.296562,2099.08493885,310131.291357,95156.79511699999,22232617.410200004
273,SSP4,2050,2090824.3224600002,1229159529,35891458246.0,2400,89471.54639789999,1203441.4269289998,2100.2967981399997,310349.5038409999,94797.45876469997,22260990.640550002
274,SSP4,2051,2110291.5811570003,1221718337,35674175439.6,2400,89759.01173629999,1205508.787406,2101.40469377,310543.673355,94399.54916940004,22288755.953199998
275,SSP4,2052,2128492.006474,1213998946,35448769223.8,2400,90024.85695219999,1207342.0372460003,2102.4178549600006,310716.448303,93966.51536610001,22378549.5365
276,SSP4,2053,2145432.9575390005,1206034982,35216221473.2,2400,90270.65320599996,1208967.6053090002,2103.34468385,310870.187635,93501.94489609999,22428220.648299996
277,SSP4,2054,2161123.026856,1197860074,34977514162.4,2400,90497.8730545,1210409.0115540002,2104.1928282999997,311006.9916269999,93009.32218729999,22519982.895100005
278,SSP4,2055,2175571.5726109995,1189508054,34733635178.399994,2400,90707.89399239999,1211687.1646600002,2104.96924837,311128.729918,92492.02982730002,22572833.37495
279,SSP4,2056,2189328.9494150006,1181010511,34485506922.2,2400,90902.002238,1212820.6347890005,2105.68027741,311237.06621399993,91953.25143420002,22617594.2987
280,SSP4,2057,2201944.58292,1172390358,34233798451.8,2400,91081.39690349996,1213825.902077,2106.33167832,311333.48093200003,91395.6490908,22803048.956899997
281,SSP4,2058,2213511.374456,1163668649,33979124553.4,2400,91247.19424979998,1214717.583541,2106.9286944699993,311419.290934,90821.7156907,22873907.3131
282,SSP4,2059,2224123.0017460003,1154866267,33722094995.399998,2400,91400.43200209997,1215508.635237,2107.47609647,311495.66756800003,90233.8575441,23030551.893399995
283,SSP4,2060,2233873.346686,1146004347,33463326933.800003,2400,91542.0737088,1216210.53771,2107.97822516,311563.6527230001,89634.42604090001,23129374.86475
284,SSP4,2061,2243009.596948,1137103133,33203411481.6,2400,91673.0130774,1216833.4597379998,2108.4390303000005,311624.17293400003,89025.51416169999,23296303.716449995
285,SSP4,2062,2251399.858657,1128181324,32942894660.6,2400,91794.07819389999,1217386.405868,2108.86210624,311678.05215999996,88408.52037620003,23432342.811049998
286,SSP4,2063,2259087.8177960003,1119256812,32682298911.600002,2400,91906.03564,1217877.3484149997,2109.2507239,311726.023155,87784.5838338,23524866.6613
287,SSP4,2064,2266116.280891,1110347825,32422156489.6,2400,92009.59447489999,1218313.3446499999,2109.6078607400004,311768.73753,87154.80380970001,23536466.6547
288,SSP4,2065,2272526.9965230008,1101472327,32162991947.8,2400,92105.4100836,1218700.6418710002,2109.93622708,311806.7746990001,86520.2081285,23566217.5118
289,SSP4,2066,2278105.2970269993,1092645873,31905259492.600002,2400,92194.08780550004,1219044.76938,2110.23829068,311840.64994000003,85881.9515492,23833324.09479999
290,SSP4,2067,2283144.3801740003,1083874609,31649138583.0,2400,92276.18641619998,1219350.621648,2110.51629869,311870.82145600003,85241.9042371,23833399.925899994
291,SSP4,2068,2287709.618402,1075162235,31394737261.800003,2400,92352.22146690001,1219622.530972,2110.7722979899995,311897.6968269999,84602.1086036,23840160.2313
292,SSP4,2069,2291863.4102890007,1066512505,31142165146.2,2400,92422.66834419998,1219864.3328839997,2111.00815335,311921.638456,83964.59855099999,23856414.316049993
293,SSP4,2070,2295665.238431,1057929168,30891531705.800003,2400,92487.96523360001,1220079.4230310004,2111.2255639699997,311942.96872499987,83331.40502799998,23859611.594250005
294,SSP4,2071,2301388.7250480005,1049412826,30642854518.2,2400,92548.51588700002,1220270.80846,2111.42607876,311961.97432800004,82703.89748039997,23832203.163650002
295,SSP4,2072,2307070.1799410004,1040950551,30395756090.599995,2400,92604.69215740002,1220441.1520270002,2111.6111097900002,311978.91039000015,82080.7287698,23848874.42085
296,SSP4,2073,2312754.1025829995,1032526370,30149770003.799995,2400,92656.83646719997,1220592.812355,2111.7819448899995,311994.003757,81459.86963750001,23849245.227499995
297,SSP4,2074,2318484.1600140003,1024124034,29904421792.0,2400,92705.2640169,1220727.8792110002,2111.9397589399996,312007.456315,80839.2423492,23854727.541500002
298,SSP4,2075,2324302.8779960005,1015727303,29659237247.6,2400,92750.26491889998,1220848.204854,2112.0856239500004,312019.447697,80216.74218019999,23841854.68190001
299,SSP4,2076,2329931.283815,1007317534,29413671994.000008,2400,92792.10608789999,1220955.4303519998,2112.2205186100005,312030.13767799997,79590.20117589997,23861412.3071
300,SSP4,2077,2335688.679972,998866138,29166891230.399998,2400,92831.03314319997,1221051.0111599998,2112.3453365500004,312039.66855600005,78957.2691073,23859132.51035
301,SSP4,2078,2341595.121604,990341992,28917986167.200005,2400,92867.27198120001,1221136.2374500001,2112.46089417,312048.166832,78315.5437113,23851710.574749995
302,SSP4,2079,2347668.8598680003,981714132,28666052654.0,2400,92901.03041729999,1221212.254299,2112.5679373,312055.745196,77662.62914189999,23864708.8257
303,SSP4,2080,2353926.212844,972951488,28410183449.4,2400,92932.4995786,1221280.077194,2112.6671479700003,312062.50394699996,76996.1204245,23881989.537800007
304,SSP4,2081,2354852.2598689995,964040616,28149985985.799995,2400,92961.85524489998,1221340.6075759998,2112.75914976,312068.53235699993,76315.1218006,23901520.636900004
305,SSP4,2082,2355823.738277,955037639,27887099057.6,2400,92989.25907530001,1221394.645575,2112.84451311,312073.90989799995,75624.7467372,24019851.0319
306,SSP4,2083,2356900.767448,946015915,27623664716.2,2400,93014.85975419999,1221442.9021450002,2112.92376029,312078.70736,74931.59973960002,24108555.0963
307,SSP4,2084,2358143.9947800003,937049112,27361834072.199993,2400,93038.79403,1221486.0084119996,2112.9973693999996,312082.98777700006,74242.317783,24233286.1701
308,SSP4,2085,2359615.0124179996,928210763,27103754279.600006,2400,93061.1876748,1221524.525148,2113.06577838,312086.80726800003,73563.53972420002,24442502.8309
309,SSP4,2086,2360748.184941,919567597,26851373832.8,2400,93082.1563696,1221558.9511709998,2113.1293885699997,312090.21581200004,72901.2977975,24490779.4546
310,SSP4,2087,2362108.5107860006,911158486,26605827790.399994,2400,93101.80655859997,1221589.7297680003,2113.18856801,312093.25794599997,72259.1440025,24535149.55585
311,SSP4,2088,2363678.580099,903015422,26368050322.6,2400,93120.23614329999,1221617.2549440002,2113.24365416,312095.9733479999,71640.00804880001,24560222.52955
312,SSP4,2089,2365440.3308059997,895170294,26138972585.399998,2400,93137.53520659998,1221641.877666,2113.29495685,312098.3974,71046.81700090002,24582956.296299998
313,SSP4,2090,2367375.8671390004,887655125,25919529650.2,2400,93153.78665979998,1221663.910033,2113.34276043,312100.561517,70482.5048886,24618011.109800007
314,SSP4,2091,2369054.5297520007,880490333,25710317723.399998,2400,93169.06683299999,1221683.6299430002,2113.3873261400004,312102.493828,69948.95192490002,24656487.484900005
315,SSP4,2092,2370832.9423370003,873650587,25510597141.000004,2400,93183.44596579998,1221701.2848669998,2113.42889409,312104.219342,69443.8761108,24761548.5832
316,SSP4,2093,2372722.5385640007,867099167,25319295676.2,2400,93196.9887459,1221717.095135,2113.46768505,312105.760344,68963.9341526,24812963.345
317,SSP4,2094,2374736.6984709995,860799174,25135335881.800003,2400,93209.75475109997,1221731.257414,2113.50390207,312107.136685,68505.75925169999,24822518.10615
318,SSP4,2095,2376891.393599,854713841,24957644156.399994,2400,93221.7988802,1221743.9464649998,2113.53773207,312108.36614399997,68065.9830093,24825477.732300002
319,SSP4,2096,2378591.669545,848806295,24785143815.200005,2400,93233.17170060001,1221755.3185949998,2113.56934724,312109.46444500005,67641.20266703,24840474.6297
320,SSP4,2097,2380444.2359100003,843039690,24616758948.6,2400,93243.91983019997,1221765.51289,2113.5989061699997,312110.445729,67228.01985376999,24880282.28595
321,SSP4,2098,2382475.8790630004,837377056,24451410034.999992,2400,93254.08624060001,1221774.6538479999,2113.6265550600006,312111.322539,66823.00934049,24877252.08875
322,SSP4,2099,2384718.993248,831781437,24288017960.600002,2400,93263.71060289998,1221782.8518629998,2113.65242882,312112.106079,66422.74005264,24861558.5543
323,SSP4,2100,2387212.504243,826215978,24125506557.800003,2400,93272.82947520002,1221790.206247,2113.67665194,312112.8063519999,66023.78375727999,24877443.854599997
324,SSP5,2020,827770.9647840001,1342190947,48989969570.0,3000,61213.7179434,754632.1941369998,1953.55170798,268833.22893299995,80535.41966070002,13857187.949
325,SSP5,2021,877235.2279869996,1349727626,49265058354.5,3000,63437.89644110001,799987.2929810002,1974.91137005,276024.3147519999,84186.59761599998,14487647.170850001
326,SSP5,2022,926297.573446,1356197958,49501225471.5,3000,65652.6318048,845341.568975,1995.1496906,282828.296959,87693.6485861,15176292.43515
327,SSP5,2023,974670.3362710002,1361681349,49701369244.0,3000,67851.4416751,890399.889414,2014.2965804699998,289245.03649499995,91043.81175210001,15894044.881550001
328,SSP5,2024,1022103.3446620001,1366257706,49868406273.5,3000,70028.0882233,934877.4117369999,2032.3853122499997,295278.33275800006,94227.3002267,16612508.4301
329,SSP5,2025,1068380.944858,1370006338,50005231340.5,3000,72176.6502952,978506.8692160001,2049.4518310000003,300935.2850199999,97237.16865580002,17040264.666800003
330,SSP5,2026,1113247.3438320002,1373025213,50115420277.0,3000,74291.5856171,1021044.593528,2065.5341227399995,306225.694027,100070.91660009998,17388735.4055
331,SSP5,2027,1156597.922568,1375485370,50205216010.5,3000,76367.7819625,1062275.0584889997,2080.6716426199996,311161.513981,102735.61970819999,17788636.026099995
332,SSP5,2028,1198285.982015,1377575879,50281519590.0,3000,78400.5966678,1102013.89394,2094.9048043199996,315756.359405,105243.13605189999,18181127.336849995
333,SSP5,2029,1238188.318054,1379485967,50351237798.5,3000,80385.88445410003,1140109.4460809997,2108.27452847,320025.06930000003,107608.1785503,19051448.351649992
334,SSP5,2030,1276203.764897,1381404736,50421272869.5,3000,82320.01390110003,1176443.048901,2120.8218481999997,323983.326206,109847.9442448,19521531.76015
335,SSP5,2031,1316540.59821,1383468673,50496606570.0,3000,84199.87332839999,1210928.21542,2132.5875692600002,327647.32863999996,111977.16354249998,20124676.53005
336,SSP5,2032,1355124.014017,1385604777,50574574366.0,3000,86022.8670574,1243508.966617,2143.6119804400005,331033.512567,113993.43759019999,20553042.04635
337,SSP5,2033,1391903.106495,1387687509,50650594083.0,3000,87786.90339869997,1274157.5112220002,2153.93461094,334158.318359,115889.78450109999,21054809.1871
338,SSP5,2034,1426843.2176770002,1389591230,50720079899.5,3000,89490.3755254,1302871.4663640002,2163.59403046,337037.99857200007,117659.0516724,21331030.9168
339,SSP5,2035,1459924.7509820003,1391190623,50778457744.0,3000,91132.1367601,1329670.791866,2172.6276878199997,339688.46274900006,119293.93147139998,21520074.830749996
340,SSP5,2036,1490721.1661679996,1392400434,50822615845.5,3000,92711.4715189,1354594.584602,2181.0717845800004,342125.15448200004,120790.5036153,21810813.2591
341,SSP5,2037,1519687.7441270004,1393294664,50855255241.0,3000,94228.06305129998,1377697.85857,2188.96117899,344362.95705099986,122159.16285950001,22028697.082
342,SSP5,2038,1546878.167939,1393987604,50880547553.5,3000,95681.9593536,1399048.4162619999,2196.32931722,346416.12396299996,123414.43128269998,22212787.190899998
343,SSP5,2039,1572358.0661170005,1394593356,50902657499.5,3000,97073.53789559999,1418723.894927,2203.2081880700007,348298.2303410001,124571.30478749999,22471239.178400002
344,SSP5,2040,1596203.8620640002,1395225883,50925744733.5,3000,98403.4702765,1436809.0493339996,2209.62829808,350022.142433,125645.09791550001,22707695.2451
345,SSP5,2041,1617569.9098619998,1395968903,50952864963.5,3000,99672.68730919999,1453393.31571,2215.61866374,351600.002079,126648.60950020002,22791580.6065
346,SSP5,2042,1637388.1281759997,1396784877,50982648015.0,3000,100882.34516419999,1468568.680954,2221.2068186300003,353043.223474,127583.60393799997,23051111.318049997
347,SSP5,2043,1655710.0052870004,1397606124,51012623531.0,3000,102033.7929325,1482427.863925,2226.4188320799994,354362.49985699996,128448.78650210002,23201215.286299992
348,SSP5,2044,1672592.5127230005,1398365005,51040322690.0,3000,103128.54203959998,1495062.8054769998,2231.2793387799998,355567.818305,129242.51707019997,23316864.115799997
349,SSP5,2045,1688097.475596,1398993805,51063273887.5,3000,104168.23753079999,1506563.449463,2235.8115752700005,356668.4806440001,129962.8219791,23450521.8247
350,SSP5,2046,1702512.0201889998,1399432710,51079293920.5,3000,105154.63160210001,1517016.7917779996,2240.0374234299993,357673.1287300001,130608.08896720002,23508838.703149997
351,SSP5,2047,1715762.553639,1399652673,51087322572.0,3000,106089.55927020001,1526506.1691329998,2243.97745862,358589.77367200004,131179.0473147,23603560.942799993
352,SSP5,2048,1727977.018213,1399632275,51086578042.0,3000,106974.91627659996,1535110.7556630005,2247.6510009900003,359425.826567,131676.8409521,23836233.4156
353,SSP5,2049,1739283.6470369997,1399350178,51076281502.0,3000,107812.63921470002,1542905.2367440003,2251.0761696799996,360188.13107899996,132102.37182749997,24018441.321200002
354,SSP5,2050,1749810.5944849998,1398784878,51055648051.5,3000,108604.68773739999,1549959.6317830004,2254.269938,360882.9967610001,132456.3152775,24239964.141599998
355,SSP5,2051,1761144.8884319998,1397928649,51024395694.0,3000,109353.0288798,1556339.2337670003,2257.24818944,361516.231762,132740.41410350002,24367376.2707
356,SSP5,2052,1771984.4462889999,1396828796,50984251057.5,3000,110059.6233736,1562104.6466269998,2260.025773760001,362093.175847,132961.4713633,24483701.620550003
357,SSP5,2053,1782387.7397130001,1395546336,50937441268.0,3000,110726.41365429999,1567311.8924530002,2262.61656223,362618.732091,133127.4750563,24586514.786850005
358,SSP5,2054,1792411.267825,1394142282,50886193300.0,3000,111355.3137598,1572012.574459,2265.0335022299996,363097.39779700007,133246.29639970002,24664599.71855
359,SSP5,2055,1802108.7259129996,1392677696,50832735909.5,3000,111948.20065489998,1576254.0779259996,2267.28867014,363533.2940490001,133325.68848540002,24701694.35425
360,SSP5,2056,1812623.7372149995,1391211338,50779213844.0,3000,112506.90714019998,1580079.7957620004,2269.3933228500005,363930.193864,133373.11115769998,24741329.100600008
361,SSP5,2057,1822882.668325,1389793333,50727456661.5,3000,113033.2159182,1583529.3702829995,2271.35794752,364291.548737,133395.2717684,24781394.5416
362,SSP5,2058,1832997.8945420005,1388471617,50679214023.0,3000,113528.85505679999,1586638.941815,2273.1923088699996,364620.51403,133398.5911222,24978431.24444999
363,SSP5,2059,1843078.6894180004,1387294302,50636242030.5,3000,113995.49423600003,1589441.3963320001,2274.9054951700004,364919.9722939999,133389.3744041,25195553.104249995
364,SSP5,2060,1853230.7078119998,1386309167,50600284600.5,3000,114434.74224089998,1591966.6110019998,2276.5059613399994,365192.555518,133373.7771576,25254843.999149997
365,SSP5,2061,1864267.7284970002,1385558121,50572871420.5,3000,114848.145099,1594241.6904910007,2278.0015704799994,365440.665645,133357.31241800002,25304281.707949992
366,SSP5,2062,1875415.312559,1385058593,50554638649.0,3000,115237.1849256,1596291.194125,2279.39963272,365666.49359499995,133343.2224759,25331353.52215
367,SSP5,2063,1886701.4611739998,1384821683,50545991436.5,3000,115603.27950720003,1598137.3495109999,2280.7069425100003,365872.03706,133334.09746529994,25538356.190300003
368,SSP5,2064,1898148.3559530003,1384858767,50547344998.5,3000,115947.7823993,1599800.256169,2281.9298133,366059.1169350001,133332.45124079997,25363213.370300002
369,SSP5,2065,1909772.1328789997,1385181264,50559116140.0,3000,116271.98341890004,1601298.0732900004,2283.07411042,366229.39230600005,133340.7274213,25533701.7145
370,SSP5,2066,1921717.881028,1385794248,50581490056.5,3000,116577.10960719996,1602647.1945349998,2284.1452820600007,366384.3745090001,133360.6756896,25602377.2708
371,SSP5,2067,1933837.571142,1386678266,50613756714.0,3000,116864.32640379999,1603862.4115890001,2285.1483881800004,366525.439887,133391.5250013,25631248.9471
372,SSP5,2068,1946178.6027920002,1387807626,50654978354.0,3000,117134.73926170002,1604957.0623559998,2286.0881275999996,366653.841589,133431.8129833,25577946.50254999
373,SSP5,2069,1958782.646458,1389156653,50704217838.0,3000,117389.3952329,1605943.1687060005,2286.96886352,366770.720392,133480.02965609997,25570871.948749993
374,SSP5,2070,1971685.806946,1390699763,50760541355.5,3000,117629.28493000001,1606831.561838,2287.7946472,366877.1145819999,133534.60793620002,25624052.1754
375,SSP5,2071,1987127.339975,1392414143,50823116222.5,3000,117855.34451309998,1607631.9966509999,2288.5692402699997,366973.9690269999,133594.3186351,25715893.808349997
376,SSP5,2072,2003098.676044,1394288203,50891519414.0,3000,118068.45770480002,1608353.2562600006,2289.2961351999993,367062.14353400003,133659.39826729998,25824223.366650004
377,SSP5,2073,2019569.074937,1396313175,50965430892.0,3000,118269.45803469999,1609003.2467940003,2289.9785748900003,367142.42033899995,133730.4225361,25850158.24615
378,SSP5,2074,2036501.9723840004,1398480078,51044522851.0,3000,118459.13090440001,1609589.0840289998,2290.61957028,367215.5111630001,133807.9240517,25853336.859
379,SSP5,2075,2053855.5714950005,1400779994,51128469785.0,3000,118638.21582770001,1610117.1709899998,2291.2219173200006,367282.06341199996,133892.40788639997,25882903.210150007
380,SSP5,2076,2071966.0642060002,1403209282,51217138798.5,3000,118807.4086089,1610593.2682259998,2291.78821265,367342.66596600006,133984.70752899995,25928085.196349993
381,SSP5,2077,2090427.7534859998,1405785179,51311159038.5,3000,118967.36339440002,1611022.5588410003,2292.3208675399997,367397.854623,134087.00580639997,26010669.072350003
382,SSP5,2078,2109270.179852,1408530389,51411359203.5,3000,119118.69490179999,1611409.7055059997,2292.8221220199994,367448.116568,134201.81277690004,25948710.98235
383,SSP5,2079,2128520.7535699997,1411467649,51518569192.5,3000,119261.98035409999,1611758.9020569997,2293.2940567100004,367493.895081,134331.6046437,26034328.407050002
384,SSP5,2080,2148205.4414970004,1414619616,51633615988.0,3000,119397.76155739998,1612073.9220140001,2293.7386048900003,367535.59324699995,134478.82435599997,26050220.9268
385,SSP5,2081,2165589.946621,1418003611,51757131806.5,3000,119526.5467695,1612358.1593719996,2294.15756297,367573.57778999995,134645.44667489998,26003176.47015
386,SSP5,2082,2183400.0456140004,1421615053,51888949439.5,3000,119648.81263120001,1612614.6674200003,2294.55260049,367608.18225,134831.61940489998,25933859.86810001
387,SSP5,2083,2201598.262728,1425444164,52028711991.0,3000,119765.0059226,1612846.1932449997,2294.9252695000005,367639.70999699994,135037.08519880002,26002838.9254
388,SSP5,2084,2220149.7135220002,1429481012,52176056939.0,3000,119875.5452295,1613055.2087229998,2295.2770130999997,367668.4370660001,135261.58379540005,26038760.1461
389,SSP5,2085,2239022.958763,1433715945,52330631998.0,3000,119980.82271390004,1613243.937158,2295.60917321,367694.61441999994,135504.89474159997,26069317.6014
390,SSP5,2086,2258717.788391,1438139233,52492082008.0,3000,120081.2055793,1613414.380318,2295.9229981499993,367718.470531,135766.68063400002,26092403.633050002
391,SSP5,2087,2278611.258918,1442741490,52660064389.0,3000,120177.03756180001,1613568.338679,2296.21964931,367740.213095,136046.075431,26111233.05425
392,SSP5,2088,2298711.243687,1447513037,52834225855.5,3000,120268.6404411,1613707.433705,2296.500207650001,367760.0311920001,136342.04966279998,26102325.165649995
393,SSP5,2089,2319035.5706909997,1452444502,53014224325.5,3000,120356.31529460002,1613833.12452,2296.7656793300007,367778.0967439999,136653.5924659,26133627.906399995
394,SSP5,2090,2339613.889561,1457526534,53199718494.5,3000,120440.34383149998,1613946.7250909999,2297.01700131,367794.566248,136979.68128039996,26137865.690199994
395,SSP5,2091,2361016.621787,1462745903,53390225463.0,3000,120520.98955249999,1614049.4180680003,2297.2550462500003,367809.5821630001,137318.88244140003,26143222.814500004
396,SSP5,2092,2382699.1659700004,1468074684,53584725970.0,3000,120598.4989372,1614142.269356,2297.48062732,367823.273936,137668.1819243,26149693.7591
397,SSP5,2093,2404715.4971069996,1473481222,53782064606.5,3000,120673.1025182,1614226.238388,2297.69450236,367835.7596660001,138024.13918850006,26034169.546800002
398,SSP5,2094,2427139.6845339998,1478933600,53981076405.0,3000,120745.0158285,1614302.1897659996,2297.8973778900004,367847.1464980001,138383.26298159998,26063694.544850003
399,SSP5,2095,2450068.455173,1484399972,54180598981.0,3000,120814.440466,1614370.9024909998,2298.0899127999996,367857.53223699995,138742.03238910003,26097775.7533
400,SSP5,2096,2474112.1744349995,1489848486,54379469744.0,3000,120881.56490429999,1614433.0785569998,2298.27272189,367867.005778,139096.8985129,26166293.365800004
401,SSP5,2097,2498961.0340600004,1495247072,54576518133.0,3000,120946.56539719999,1614489.3505460003,2298.4463789099996,367875.648062,139444.2654194,26196698.4613
402,SSP5,2098,2524797.500152,1500563719,54770575748.0,3000,121009.60670620001,1614540.2895010004,2298.61141958,367883.53278899996,139780.51987579998,26211966.6406
403,SSP5,2099,2551838.368604,1505766424,54960474479.0,3000,121070.84296380001,1614586.4090600002,2298.7683441,367890.72708599997,140102.01546999998,26370896.801999994
404,SSP5,2100,2580337.9604609995,1510822991,55145039177.5,3000,121130.4182284,1614628.173961,2298.91761997,367897.29200200003,140405.0711584,26400600.780249994
